hist_name,map_name,mi,mri_key,no_reg_mi
23R-1,100,-0.3469455212887273,mri_1,
23R-1,150,-0.3739495922641462,mri_1,
23R-1,200,-0.3748832694686524,mri_1,
23R-1,250,-0.3769255848861744,mri_1,
23R-1,300,-0.365201878373996,mri_1,
23R-1,350,-0.3617608440134136,mri_1,
23R-1,400,-0.3606592767959754,mri_1,
23R-1,450,-0.3545224201830291,mri_1,
23R-1,50,-0.3062285925752263,mri_1,
23R-1,500,-0.3672262505185401,mri_1,
23R-1,MRI Width,-0.3310865956515196,mri_1,
23R-2,100,-0.3591320203306388,mri_1,
23R-2,150,-0.3817260995938079,mri_1,
23R-2,200,-0.3796723241624132,mri_1,
23R-2,250,-0.3903570788307516,mri_1,
23R-2,300,-0.3810916174088856,mri_1,
23R-2,350,-0.3760917995610431,mri_1,
23R-2,400,-0.3874152264172011,mri_1,
23R-2,450,-0.3814212687568405,mri_1,
23R-2,50,-0.3193941009740389,mri_1,
23R-2,500,-0.370220338474965,mri_1,
23R-2,MRI Width,-0.3445194112808616,mri_1,
23R-3,100,-0.3402245360879237,mri_1,
23R-3,150,-0.35003066463395,mri_1,
23R-3,200,-0.3506545983297524,mri_1,
23R-3,250,-0.3412448054579336,mri_1,
23R-3,300,-0.3510801854928321,mri_1,
23R-3,350,-0.3564074717477579,mri_1,
23R-3,400,-0.3435116049870079,mri_1,
23R-3,450,-0.3537150628450091,mri_1,
23R-3,50,-0.3147015505532262,mri_1,
23R-3,500,-0.3449637401664465,mri_1,
23R-3,MRI Width,-0.3285575410994372,mri_1,
23R-3,100,-0.3985186500005397,mri_2,
23R-3,150,-0.4112881607167657,mri_2,
23R-3,200,-0.4126788610983707,mri_2,
23R-3,250,-0.402767842077623,mri_2,
23R-3,300,-0.4104865291390701,mri_2,
23R-3,350,-0.4121353141401655,mri_2,
23R-3,400,-0.4030790955408665,mri_2,
23R-3,450,-0.4116229530540231,mri_2,
23R-3,50,-0.3687170381759807,mri_2,
23R-3,500,-0.4024142041491677,mri_2,
23R-3,MRI Width,-0.386573292961928,mri_2,
23R-4,100,-0.4065484029682507,mri_2,
23R-4,150,-0.4324470498084787,mri_2,
23R-4,200,-0.4315865452302003,mri_2,
23R-4,250,-0.4315049752453837,mri_2,
23R-4,300,-0.4215451624908796,mri_2,
23R-4,350,-0.4196039148611046,mri_2,
23R-4,400,-0.4055011398038717,mri_2,
23R-4,450,-0.3957545014861265,mri_2,
23R-4,50,-0.3627202716481442,mri_2,
23R-4,500,-0.4270398449380999,mri_2,
23R-4,MRI Width,-0.3800820722803616,mri_2,
23R-5,100,-0.3960839663950975,mri_2,
23R-5,150,-0.4277348045137885,mri_2,
23R-5,200,-0.4197197748665917,mri_2,
23R-5,250,-0.4227440989026308,mri_2,
23R-5,300,-0.4137680138174724,mri_2,
23R-5,350,-0.4188640313984106,mri_2,
23R-5,400,-0.4000008506527628,mri_2,
23R-5,450,-0.3878181964882212,mri_2,
23R-5,50,-0.3481252621776111,mri_2,
23R-5,500,-0.4234107141007492,mri_2,
23R-5,MRI Width,-0.3656199592853216,mri_2,
23R-1,100,-0.0272687884194433,mri_1,
23R-1,150,-0.0334406914158664,mri_1,
23R-1,200,-0.0351770908525969,mri_1,
23R-1,250,-0.0360781272675475,mri_1,
23R-1,300,-0.0364762520033557,mri_1,
23R-1,350,-0.0366789177693253,mri_1,
23R-1,400,-0.0377184127798253,mri_1,
23R-1,450,-0.0388296209826047,mri_1,
23R-1,50,-0.0243850680428257,mri_1,
23R-1,500,-0.0393429000476914,mri_1,
23R-1,MRI Width,-0.0272118896793918,mri_1,
23R-2,100,-0.2721547461006025,mri_1,
23R-2,150,-0.2906573087505529,mri_1,
23R-2,200,-0.2890311024563058,mri_1,
23R-2,250,-0.2974929360914671,mri_1,
23R-2,300,-0.3012896763115306,mri_1,
23R-2,350,-0.2969181813639084,mri_1,
23R-2,400,-0.2989824452599966,mri_1,
23R-2,450,-0.3006196987673668,mri_1,
23R-2,50,-0.244696014497373,mri_1,
23R-2,500,-0.2875756426684756,mri_1,
23R-2,MRI Width,-0.2606529325998797,mri_1,
23R-3,100,-0.097612978529886,mri_1,
23R-3,150,-0.0996975413771462,mri_1,
23R-3,200,-0.098970812174528,mri_1,
23R-3,250,-0.1007978412068279,mri_1,
23R-3,300,-0.0990935818492078,mri_1,
23R-3,350,-0.0990630469338582,mri_1,
23R-3,400,-0.0990896525836459,mri_1,
23R-3,450,-0.0975780272523649,mri_1,
23R-3,50,-0.0928519408082901,mri_1,
23R-3,500,-0.1007121766248864,mri_1,
23R-3,MRI Width,-0.0950083578709861,mri_1,
23R-3,100,-0.0202934504211784,mri_2,
23R-3,150,-0.0210962695722524,mri_2,
23R-3,200,-0.0215276230390975,mri_2,
23R-3,250,-0.0215035115195792,mri_2,
23R-3,300,-0.0226996427949838,mri_2,
23R-3,350,-0.0223943376559787,mri_2,
23R-3,400,-0.0224480424778208,mri_2,
23R-3,450,-0.0228388947088305,mri_2,
23R-3,50,-0.0178243739624422,mri_2,
23R-3,500,-0.0222093267661163,mri_2,
23R-3,MRI Width,-0.0192851836259867,mri_2,
23R-4,100,-0.3630945236193437,mri_2,
23R-4,150,-0.3873614118441935,mri_2,
23R-4,200,-0.387754974393642,mri_2,
23R-4,250,-0.3862501013730766,mri_2,
23R-4,300,-0.3843642522497474,mri_2,
23R-4,350,-0.3786100350494632,mri_2,
23R-4,400,-0.3635141670552064,mri_2,
23R-4,450,-0.3618471091523547,mri_2,
23R-4,50,-0.3278626218711091,mri_2,
23R-4,500,-0.3882154755010258,mri_2,
23R-4,MRI Width,-0.3437701019372301,mri_2,
23R-5,100,-0.1954918538048504,mri_2,
23R-5,150,-0.2085750886854626,mri_2,
23R-5,200,-0.210911109624608,mri_2,
23R-5,250,-0.2135162744140766,mri_2,
23R-5,300,-0.2241205486524494,mri_2,
23R-5,350,-0.2208479707287799,mri_2,
23R-5,400,-0.2245318555758869,mri_2,
23R-5,450,-0.2182374204900042,mri_2,
23R-5,50,-0.171590110531407,mri_2,
23R-5,500,-0.2190149272803839,mri_2,
23R-5,MRI Width,-0.1811442097183528,mri_2,
23R-1,100,-0.3346273475621734,mri_1,
23R-2,100,-0.3574339099695093,mri_1,
23R-3,100,-0.1301700179071577,mri_1,
23R-3,100,-0.3954323975222922,mri_2,
23R-4,100,-0.3982150682494359,mri_2,
23R-5,100,-0.3877829435145198,mri_2,
23R-1,100,-0.3469455212887273,mri_1,
23R-1,150,-0.3739495922641462,mri_1,
23R-1,200,-0.3748832694686524,mri_1,
23R-1,250,-0.3769255848861744,mri_1,
23R-1,300,-0.365201878373996,mri_1,
23R-1,350,-0.3617608440134136,mri_1,
23R-1,400,-0.3606592767959754,mri_1,
23R-1,450,-0.3545224201830291,mri_1,
23R-1,50,-0.3062285925752263,mri_1,
23R-1,500,-0.3672262505185401,mri_1,
23R-1,MRI Width,-0.3310865956515196,mri_1,
23R-2,100,-0.3591320203306388,mri_1,
23R-2,150,-0.3817260995938079,mri_1,
23R-2,200,-0.3796723241624132,mri_1,
23R-2,250,-0.3903570788307516,mri_1,
23R-2,300,-0.3810916174088856,mri_1,
23R-2,350,-0.3760917995610431,mri_1,
23R-2,400,-0.3874152264172011,mri_1,
23R-2,450,-0.3814212687568405,mri_1,
23R-2,50,-0.3193941009740389,mri_1,
23R-2,500,-0.370220338474965,mri_1,
23R-2,MRI Width,-0.3445194112808616,mri_1,
23R-3,100,-0.3107308139457224,mri_1,
23R-3,150,-0.3178580550072693,mri_1,
23R-3,200,-0.3112096298018371,mri_1,
23R-3,250,-0.3211365152446382,mri_1,
23R-3,300,-0.3114320808271122,mri_1,
23R-3,350,-0.3122496714363262,mri_1,
23R-3,400,-0.305388258551321,mri_1,
23R-3,450,-0.3051415330816401,mri_1,
23R-3,50,-0.2944125331380865,mri_1,
23R-3,500,-0.3163261796800779,mri_1,
23R-3,MRI Width,-0.300271256828497,mri_1,
23R-3,100,-0.2570810794432387,mri_2,
23R-3,150,-0.2629597878002853,mri_2,
23R-3,200,-0.2607577138593386,mri_2,
23R-3,250,-0.2698595003313545,mri_2,
23R-3,300,-0.2582945692697091,mri_2,
23R-3,350,-0.2576921567369854,mri_2,
23R-3,400,-0.2513642002045836,mri_2,
23R-3,450,-0.2536059754179515,mri_2,
23R-3,50,-0.2439495756998044,mri_2,
23R-3,500,-0.2629222804980524,mri_2,
23R-3,MRI Width,-0.2508949484097142,mri_2,
23R-4,100,-0.4065484029682507,mri_2,
23R-4,150,-0.4324470498084787,mri_2,
23R-4,200,-0.4315865452302003,mri_2,
23R-4,250,-0.4315049752453837,mri_2,
23R-4,300,-0.4215451624908796,mri_2,
23R-4,350,-0.4196039148611046,mri_2,
23R-4,400,-0.4055011398038717,mri_2,
23R-4,450,-0.3957545014861265,mri_2,
23R-4,50,-0.3627202716481442,mri_2,
23R-4,500,-0.4270398449380999,mri_2,
23R-4,MRI Width,-0.3800820722803616,mri_2,
23R-5,100,-0.3960839663950975,mri_2,
23R-5,150,-0.4277348045137885,mri_2,
23R-5,200,-0.4197197748665917,mri_2,
23R-5,250,-0.4227440989026308,mri_2,
23R-5,300,-0.4137680138174724,mri_2,
23R-5,350,-0.4188640313984106,mri_2,
23R-5,400,-0.4000008506527628,mri_2,
23R-5,450,-0.3878181964882212,mri_2,
23R-5,50,-0.3481252621776111,mri_2,
23R-5,500,-0.4234107141007492,mri_2,
23R-5,MRI Width,-0.3656199592853216,mri_2,
23R-1,100,-0.3469455212887273,mri_1,
23R-2,100,-0.3591320203306388,mri_1,
23R-3,100,-0.3107308139457224,mri_1,
23R-3,100,-0.2570810794432387,mri_2,
23R-4,100,-0.4065484029682507,mri_2,
23R-5,100,-0.3960839663950975,mri_2,
23R-1,100,-0.3346273475621734,mri_1,
23R-2,100,-0.3574339099695093,mri_1,
23R-3,100,-0.1301700179071577,mri_1,
23R-3,100,-0.3954323975222922,mri_2,
23R-4,100,-0.3982150682494359,mri_2,
23R-5,100,-0.3877829435145198,mri_2,
23R-1,100,-0.3346273475621734,mri_1,
23R-2,100,-0.3574339099695093,mri_1,
23R-3,100,-0.1301700179071577,mri_1,
23R-3,100,-0.3954323975222922,mri_2,
23R-4,100,-0.3982150682494359,mri_2,
23R-5,100,-0.3877829435145198,mri_2,
23R-1,100,-0.1648330889731246,mri_1,
23R-1,150,-0.1807489304637676,mri_1,
23R-1,200,-0.185836961388048,mri_1,
23R-1,250,-0.1887870384437432,mri_1,
23R-1,300,-0.1932144595543724,mri_1,
23R-1,350,-0.2000600943394256,mri_1,
23R-1,400,-0.1943468601053254,mri_1,
23R-1,450,-0.1975933499364109,mri_1,
23R-1,50,-0.1446323063941702,mri_1,
23R-1,500,-0.2000124763453192,mri_1,
23R-1,MRI Width,-0.158034449168909,mri_1,
23R-2,100,-0.1345603533670935,mri_1,
23R-2,150,-0.1494734393823018,mri_1,
23R-2,200,-0.1573673875487878,mri_1,
23R-2,250,-0.1584039639455532,mri_1,
23R-2,300,-0.1608683983336077,mri_1,
23R-2,350,-0.1707494949779652,mri_1,
23R-2,400,-0.1685665406460492,mri_1,
23R-2,450,-0.1672910835348588,mri_1,
23R-2,50,-0.1185770912008833,mri_1,
23R-2,500,-0.1685745558977067,mri_1,
23R-2,MRI Width,-0.1288371771673027,mri_1,
23R-3,100,-0.097612978529886,mri_1,
23R-3,150,-0.0996975413771462,mri_1,
23R-3,200,-0.098970812174528,mri_1,
23R-3,250,-0.1007978412068279,mri_1,
23R-3,300,-0.0990935818492078,mri_1,
23R-3,350,-0.0990630469338582,mri_1,
23R-3,400,-0.0990896525836459,mri_1,
23R-3,450,-0.0975780272523649,mri_1,
23R-3,50,-0.0928519408082901,mri_1,
23R-3,500,-0.1007121766248864,mri_1,
23R-3,MRI Width,-0.0950083578709861,mri_1,
23R-3,100,-0.0555180654569492,mri_2,
23R-3,150,-0.0570995782943307,mri_2,
23R-3,200,-0.0576466254831606,mri_2,
23R-3,250,-0.0578076085081981,mri_2,
23R-3,300,-0.0595076911274278,mri_2,
23R-3,350,-0.0592017684004555,mri_2,
23R-3,400,-0.059810719498809,mri_2,
23R-3,450,-0.0608384461662085,mri_2,
23R-3,50,-0.0515849463026623,mri_2,
23R-3,500,-0.0598454714437287,mri_2,
23R-3,MRI Width,-0.0532955700230976,mri_2,
23R-4,100,-0.2575146380965744,mri_2,
23R-4,150,-0.2725658006956299,mri_2,
23R-4,200,-0.271282231940574,mri_2,
23R-4,250,-0.2725752311448019,mri_2,
23R-4,300,-0.2644392100014536,mri_2,
23R-4,350,-0.2656506943271159,mri_2,
23R-4,400,-0.2572927633412059,mri_2,
23R-4,450,-0.2556918179092842,mri_2,
23R-4,50,-0.233781414947662,mri_2,
23R-4,500,-0.2748555792039346,mri_2,
23R-4,MRI Width,-0.2439176712329406,mri_2,
23R-5,100,-0.3765074087400704,mri_2,
23R-5,150,-0.4008364349261406,mri_2,
23R-5,200,-0.4184278979965471,mri_2,
23R-5,250,-0.4285062737480138,mri_2,
23R-5,300,-0.4340022554299853,mri_2,
23R-5,350,-0.4383333424291838,mri_2,
23R-5,400,-0.4332210178179916,mri_2,
23R-5,450,-0.4223798400330075,mri_2,
23R-5,50,-0.3225188857845534,mri_2,
23R-5,500,-0.4332271650913949,mri_2,
23R-5,MRI Width,-0.3433052714053492,mri_2,
23R-1,100,-0.3469455212887273,mri_1,
23R-1,150,-0.3739495922641462,mri_1,
23R-1,200,-0.3748832694686524,mri_1,
23R-1,250,-0.3769255848861744,mri_1,
23R-1,300,-0.365201878373996,mri_1,
23R-1,350,-0.3617608440134136,mri_1,
23R-1,400,-0.3606592767959754,mri_1,
23R-1,450,-0.3545224201830291,mri_1,
23R-1,50,-0.3062285925752263,mri_1,
23R-1,500,-0.3672262505185401,mri_1,
23R-1,MRI Width,-0.3310865956515196,mri_1,
23R-2,100,-0.3591320203306388,mri_1,
23R-2,150,-0.3817260995938079,mri_1,
23R-2,200,-0.3796723241624132,mri_1,
23R-2,250,-0.3903570788307516,mri_1,
23R-2,300,-0.3810916174088856,mri_1,
23R-2,350,-0.3760917995610431,mri_1,
23R-2,400,-0.3874152264172011,mri_1,
23R-2,450,-0.3814212687568405,mri_1,
23R-2,50,-0.3193941009740389,mri_1,
23R-2,500,-0.370220338474965,mri_1,
23R-2,MRI Width,-0.3445194112808616,mri_1,
23R-3,100,-0.3107308139457224,mri_1,
23R-3,150,-0.3178580550072693,mri_1,
23R-3,200,-0.3112096298018371,mri_1,
23R-3,250,-0.3211365152446382,mri_1,
23R-3,300,-0.3114320808271122,mri_1,
23R-3,350,-0.3122496714363262,mri_1,
23R-3,400,-0.305388258551321,mri_1,
23R-3,450,-0.3051415330816401,mri_1,
23R-3,50,-0.2944125331380865,mri_1,
23R-3,500,-0.3163261796800779,mri_1,
23R-3,MRI Width,-0.300271256828497,mri_1,
23R-3,100,-0.2570810794432387,mri_2,
23R-3,150,-0.2629597878002853,mri_2,
23R-3,200,-0.2607577138593386,mri_2,
23R-3,250,-0.2698595003313545,mri_2,
23R-3,300,-0.2582945692697091,mri_2,
23R-3,350,-0.2576921567369854,mri_2,
23R-3,400,-0.2513642002045836,mri_2,
23R-3,450,-0.2536059754179515,mri_2,
23R-3,50,-0.2439495756998044,mri_2,
23R-3,500,-0.2629222804980524,mri_2,
23R-3,MRI Width,-0.2508949484097142,mri_2,
23R-4,100,-0.4065484029682507,mri_2,
23R-4,150,-0.4324470498084787,mri_2,
23R-4,200,-0.4315865452302003,mri_2,
23R-4,250,-0.4315049752453837,mri_2,
23R-4,300,-0.4215451624908796,mri_2,
23R-4,350,-0.4196039148611046,mri_2,
23R-4,400,-0.4055011398038717,mri_2,
23R-4,450,-0.3957545014861265,mri_2,
23R-4,50,-0.3627202716481442,mri_2,
23R-4,500,-0.4270398449380999,mri_2,
23R-4,MRI Width,-0.3800820722803616,mri_2,
23R-5,100,-0.3960839663950975,mri_2,
23R-5,150,-0.4277348045137885,mri_2,
23R-5,200,-0.4197197748665917,mri_2,
23R-5,250,-0.4227440989026308,mri_2,
23R-5,300,-0.4137680138174724,mri_2,
23R-5,350,-0.4188640313984106,mri_2,
23R-5,400,-0.4000008506527628,mri_2,
23R-5,450,-0.3878181964882212,mri_2,
23R-5,50,-0.3481252621776111,mri_2,
23R-5,500,-0.4234107141007492,mri_2,
23R-5,MRI Width,-0.3656199592853216,mri_2,
23R-1,100,-0.368796837183185,mri_1,-0.0745352965918108
23R-1,150,-0.3984577499734688,mri_1,-0.0780616960167249
23R-1,200,-0.3949209188461333,mri_1,-0.0745589055891163
23R-1,250,-0.4004198036086047,mri_1,-0.0749508072973441
23R-1,300,-0.3913484181931841,mri_1,-0.0727932788231043
23R-1,350,-0.3935352588470371,mri_1,-0.0678945886014814
23R-1,400,-0.3829782814940327,mri_1,-0.0704222390520182
23R-1,450,-0.3857862940694595,mri_1,-0.0697843908785409
23R-1,50,-0.3271184502888477,mri_1,-0.0687118226377551
23R-1,500,-0.3986735040424484,mri_1,-0.0763019407356581
23R-2,100,-0.3818219532203918,mri_1,-0.1454148985126848
23R-2,150,-0.4050484203971609,mri_1,-0.1520337388781506
23R-2,200,-0.4090429384399198,mri_1,-0.1524835196863941
23R-2,250,-0.4206381215726261,mri_1,-0.1582012716313058
23R-2,300,-0.4051178365590329,mri_1,-0.1540854366877068
23R-2,350,-0.4069844180241655,mri_1,-0.1528966331504594
23R-2,400,-0.4185696591013433,mri_1,-0.1602774205415801
23R-2,450,-0.4188480099998233,mri_1,-0.1557034469700817
23R-2,50,-0.3326625439899517,mri_1,-0.1338742633056492
23R-2,500,-0.4068333435515826,mri_1,-0.1520554687059585
23R-3,100,-0.1280923777593871,mri_1,-0.0091352175003903
23R-3,150,-0.1318995855760302,mri_1,-0.0093697587354709
23R-3,200,-0.1325305466884172,mri_1,-0.009404792557726
23R-3,250,-0.1336771125908164,mri_1,-0.0096271893344847
23R-3,300,-0.1307992105434467,mri_1,-0.0096435846592862
23R-3,350,-0.1319723088557106,mri_1,-0.0099012812132684
23R-3,400,-0.1309868508310515,mri_1,-0.0098172961090605
23R-3,450,-0.1307845608274748,mri_1,-0.010093269250744
23R-3,50,-0.1223842481190004,mri_1,-0.0087307081674552
23R-3,500,-0.1324811716636328,mri_1,-0.0097808273442501
23R-3,100,-0.1263350470309435,mri_2,-0.0093498261448133
23R-3,150,-0.128905494074008,mri_2,-0.009541515631006
23R-3,200,-0.1283050886612634,mri_2,-0.0095845865578105
23R-3,250,-0.1296079320992194,mri_2,-0.0098062547186938
23R-3,300,-0.1285184626337203,mri_2,-0.0099956875397292
23R-3,350,-0.130249288787441,mri_2,-0.0100159596866928
23R-3,400,-0.1278745288202862,mri_2,-0.0099463976723774
23R-3,450,-0.1271500927691841,mri_2,-0.0102768348896241
23R-3,50,-0.117899318514285,mri_2,-0.0087634280066206
23R-3,500,-0.1297785164481391,mri_2,-0.0099296684519981
23R-4,100,-0.3979893542403288,mri_2,-0.1513477574321916
23R-4,150,-0.4253847286650598,mri_2,-0.158442168617112
23R-4,200,-0.4226056573166338,mri_2,-0.1586887814076855
23R-4,250,-0.4255876862153009,mri_2,-0.1584815148443458
23R-4,300,-0.4127192877989259,mri_2,-0.1569713464443713
23R-4,350,-0.4161492793993561,mri_2,-0.1535045023000464
23R-4,400,-0.3988712516921924,mri_2,-0.1525612620426303
23R-4,450,-0.3945866176825239,mri_2,-0.1470572580282452
23R-4,50,-0.3586578684372281,mri_2,-0.1375876461738583
23R-4,500,-0.4234298661954009,mri_2,-0.1582317831150123
23R-5,100,-0.3881386942975701,mri_2,-0.1375346921763372
23R-5,150,-0.4222218101384246,mri_2,-0.1507269175864864
23R-5,200,-0.415520954231581,mri_2,-0.1474305606069504
23R-5,250,-0.418150404093732,mri_2,-0.1503386420364809
23R-5,300,-0.4064651776785687,mri_2,-0.1468621960753332
23R-5,350,-0.4175937110029392,mri_2,-0.1473469116095367
23R-5,400,-0.3968088359523683,mri_2,-0.1422947570399436
23R-5,450,-0.3889929545328072,mri_2,-0.1398465877892371
23R-5,50,-0.3477224687045993,mri_2,-0.1267409373841769
23R-5,500,-0.4239839977187839,mri_2,-0.1480461038271519
23R-1,100,-0.0610842434608667,mri_1,
23R-1,150,-0.0637214700373514,mri_1,
23R-1,200,-0.0603205816443113,mri_1,
23R-1,250,-0.0604199991190036,mri_1,
23R-1,300,-0.0587892995758902,mri_1,
23R-1,350,-0.0544715705723084,mri_1,
23R-1,400,-0.0561618585083838,mri_1,
23R-1,450,-0.0552518231098465,mri_1,
23R-1,50,-0.0567215147775288,mri_1,
23R-1,500,-0.0594328744956002,mri_1,
23R-1,MRI Width,-0.0584413476995424,mri_1,
23R-2,100,-0.1258029809526516,mri_1,
23R-2,150,-0.1313318754562127,mri_1,
23R-2,200,-0.1307372528485232,mri_1,
23R-2,250,-0.1363698601769423,mri_1,
23R-2,300,-0.1313975968699268,mri_1,
23R-2,350,-0.1311152661209155,mri_1,
23R-2,400,-0.1360614889413795,mri_1,
23R-2,450,-0.1340746883668979,mri_1,
23R-2,50,-0.1157776265709325,mri_1,
23R-2,500,-0.1297628609831069,mri_1,
23R-2,MRI Width,-0.121365719601696,mri_1,
23R-4,100,-0.1462174122473548,mri_2,
23R-4,150,-0.1524780042779111,mri_2,
23R-4,200,-0.1526139219066329,mri_2,
23R-4,250,-0.1526216687195278,mri_2,
23R-4,300,-0.1506036092980255,mri_2,
23R-4,350,-0.1489914845454927,mri_2,
23R-4,400,-0.1472960281248161,mri_2,
23R-4,450,-0.1427598428054637,mri_2,
23R-4,50,-0.1321246658366051,mri_2,
23R-4,500,-0.1524338192370249,mri_2,
23R-4,MRI Width,-0.1380648787054679,mri_2,
23R-5,100,-0.1316259608520904,mri_2,
23R-5,150,-0.1435174316078398,mri_2,
23R-5,200,-0.140651406382969,mri_2,
23R-5,250,-0.143502981173693,mri_2,
23R-5,300,-0.1398596280742598,mri_2,
23R-5,350,-0.1406653659858511,mri_2,
23R-5,400,-0.1353971341871551,mri_2,
23R-5,450,-0.1322504189101168,mri_2,
23R-5,50,-0.1213631024719503,mri_2,
23R-5,500,-0.1412558337278618,mri_2,
23R-5,MRI Width,-0.1260715753523279,mri_2,
23R-1,100,-0.3412100842025631,mri_1,
23R-1,150,-0.366943215558721,mri_1,
23R-1,200,-0.3626822639127411,mri_1,
23R-1,250,-0.3637741616368912,mri_1,
23R-1,300,-0.3540143487298891,mri_1,
23R-1,350,-0.3516638848007927,mri_1,
23R-1,400,-0.3482697975678583,mri_1,
23R-1,450,-0.3419231280482711,mri_1,
23R-1,50,-0.3026481696500916,mri_1,
23R-1,500,-0.3568533756928422,mri_1,
23R-1,MRI Width,-0.3246116769260355,mri_1,
23R-2,100,-0.3609103980940066,mri_1,
23R-2,150,-0.3825146443269329,mri_1,
23R-2,200,-0.381286579781972,mri_1,
23R-2,250,-0.3935477833460702,mri_1,
23R-2,300,-0.3852952811349326,mri_1,
23R-2,350,-0.3786365653073561,mri_1,
23R-2,400,-0.3894624397710905,mri_1,
23R-2,450,-0.384700166745095,mri_1,
23R-2,50,-0.3194489402316797,mri_1,
23R-2,500,-0.3718439543198996,mri_1,
23R-2,MRI Width,-0.3468537060847986,mri_1,
23R-3,100,-0.1135239715318218,mri_1,
23R-3,150,-0.1144824292343944,mri_1,
23R-3,200,-0.1142744221051322,mri_1,
23R-3,250,-0.1160200404686229,mri_1,
23R-3,300,-0.1130969968601612,mri_1,
23R-3,350,-0.1141523013883883,mri_1,
23R-3,400,-0.1127424237894532,mri_1,
23R-3,450,-0.1125394778705968,mri_1,
23R-3,50,-0.1075796516005017,mri_1,
23R-3,500,-0.1153609872561398,mri_1,
23R-3,MRI Width,-0.1103400840043391,mri_1,
23R-3,100,-0.1543464581770316,mri_2,
23R-3,150,-0.1585552061986118,mri_2,
23R-3,200,-0.1580193360727996,mri_2,
23R-3,250,-0.1579774055276918,mri_2,
23R-3,300,-0.1586391458569452,mri_2,
23R-3,350,-0.1602953955512737,mri_2,
23R-3,400,-0.1592168165795115,mri_2,
23R-3,450,-0.1569771024222009,mri_2,
23R-3,50,-0.1453098069380445,mri_2,
23R-3,500,-0.1586592058336775,mri_2,
23R-3,MRI Width,-0.1489799362535581,mri_2,
23R-4,100,-0.4047759675831993,mri_2,
23R-4,150,-0.429560793170297,mri_2,
23R-4,200,-0.4285642847913962,mri_2,
23R-4,250,-0.4285788128488498,mri_2,
23R-4,300,-0.4181999704919062,mri_2,
23R-4,350,-0.4174836553722997,mri_2,
23R-4,400,-0.4005386167675279,mri_2,
23R-4,450,-0.3931485225487652,mri_2,
23R-4,50,-0.3589830415727491,mri_2,
23R-4,500,-0.4251214221813967,mri_2,
23R-4,MRI Width,-0.3783137288431661,mri_2,
23R-5,100,-0.3917524510841451,mri_2,
23R-5,150,-0.4220568799888088,mri_2,
23R-5,200,-0.4161883472709424,mri_2,
23R-5,250,-0.420279691345053,mri_2,
23R-5,300,-0.4093440600884517,mri_2,
23R-5,350,-0.4156347889506886,mri_2,
23R-5,400,-0.395257134394867,mri_2,
23R-5,450,-0.3834846093184043,mri_2,
23R-5,50,-0.3432802133911719,mri_2,
23R-5,500,-0.4175244688223876,mri_2,
23R-5,MRI Width,-0.3595097818076302,mri_2,
23R-1,100,-0.3746129539082145,mri_1,-0.0745352965918108
23R-1,150,-0.4045669851507291,mri_1,-0.0780616960167249
23R-1,200,-0.4009225325753798,mri_1,-0.0745589055891163
23R-1,250,-0.4027807791739235,mri_1,-0.0749508072973441
23R-1,300,-0.3980829234650156,mri_1,-0.0727932788231043
23R-1,350,-0.3916011261189572,mri_1,-0.0678945886014814
23R-1,400,-0.3929158145785131,mri_1,-0.0704222390520182
23R-1,450,-0.3862604322741179,mri_1,-0.0697843908785409
23R-1,50,-0.3321773143095972,mri_1,-0.0687118226377551
23R-1,500,-0.3936869180087592,mri_1,-0.0763019407356581
23R-2,100,-0.3940660331954446,mri_1,-0.1454148985126848
23R-2,150,-0.4211593160105784,mri_1,-0.1520337388781506
23R-2,200,-0.4204272815341089,mri_1,-0.1524835196863941
23R-2,250,-0.4328820022509798,mri_1,-0.1582012716313058
23R-2,300,-0.4201714883863133,mri_1,-0.1540854366877068
23R-2,350,-0.4149209239964985,mri_1,-0.1528966331504594
23R-2,400,-0.4274238778061379,mri_1,-0.1602774205415801
23R-2,450,-0.4206012404776911,mri_1,-0.1557034469700817
23R-2,50,-0.3493606297959869,mri_1,-0.1338742633056492
23R-2,500,-0.4120991819505733,mri_1,-0.1520554687059585
23R-3,100,-0.4000041436067817,mri_1,-0.0091352175003903
23R-3,150,-0.4140917162041176,mri_1,-0.0093697587354709
23R-3,200,-0.4102359276058486,mri_1,-0.009404792557726
23R-3,250,-0.4228595222210906,mri_1,-0.0096271893344847
23R-3,300,-0.4063603408754118,mri_1,-0.0096435846592862
23R-3,350,-0.4034401589030095,mri_1,-0.0099012812132684
23R-3,400,-0.3996955715871549,mri_1,-0.0098172961090605
23R-3,450,-0.395145682107421,mri_1,-0.010093269250744
23R-3,50,-0.3787764016760684,mri_1,-0.0087307081674552
23R-3,500,-0.4102290331706956,mri_1,-0.0097808273442501
23R-3,100,-0.1275138978469375,mri_2,-0.0093498261448133
23R-3,150,-0.1298930766388991,mri_2,-0.009541515631006
23R-3,200,-0.1290629439203571,mri_2,-0.0095845865578105
23R-3,250,-0.1290252017089496,mri_2,-0.0098062547186938
23R-3,300,-0.1284632509680672,mri_2,-0.0099956875397292
23R-3,350,-0.1288026367019369,mri_2,-0.0100159596866928
23R-3,400,-0.1286815140321979,mri_2,-0.0099463976723774
23R-3,450,-0.1265627843151657,mri_2,-0.0102768348896241
23R-3,50,-0.1201714136011367,mri_2,-0.0087634280066206
23R-3,500,-0.1301488647625569,mri_2,-0.0099296684519981
23R-4,100,-0.4176595681482313,mri_2,-0.1513477574321916
23R-4,150,-0.4447245000111514,mri_2,-0.158442168617112
23R-4,200,-0.4468986610292526,mri_2,-0.1586887814076855
23R-4,250,-0.4491006650452587,mri_2,-0.1584815148443458
23R-4,300,-0.4413906206893304,mri_2,-0.1569713464443713
23R-4,350,-0.4380058909945246,mri_2,-0.1535045023000464
23R-4,400,-0.4216989940158273,mri_2,-0.1525612620426303
23R-4,450,-0.4121485871296871,mri_2,-0.1470572580282452
23R-4,50,-0.3707820022308117,mri_2,-0.1375876461738583
23R-4,500,-0.4449387852850421,mri_2,-0.1582317831150123
23R-5,100,-0.4045469585727833,mri_2,-0.1375346921763372
23R-5,150,-0.4348266539500282,mri_2,-0.1507269175864864
23R-5,200,-0.4332114651742167,mri_2,-0.1474305606069504
23R-5,250,-0.4398603114819984,mri_2,-0.1503386420364809
23R-5,300,-0.4262832077764948,mri_2,-0.1468621960753332
23R-5,350,-0.4381249467873394,mri_2,-0.1473469116095367
23R-5,400,-0.4132220027035043,mri_2,-0.1422947570399436
23R-5,450,-0.3990250119596444,mri_2,-0.1398465877892371
23R-5,50,-0.3543776021222667,mri_2,-0.1267409373841769
23R-5,500,-0.4404580955802248,mri_2,-0.1480461038271519
23S-1,100,-0.3649266334919783,mri_1,
23S-1,150,-0.3868182914900364,mri_1,
23S-1,200,-0.3926640252971,mri_1,
23S-1,250,-0.389588937730695,mri_1,
23S-1,300,-0.3804156599394905,mri_1,
23S-1,350,-0.378664529654776,mri_1,
23S-1,400,-0.3696863103178285,mri_1,
23S-1,450,-0.3645984534107349,mri_1,
23S-1,50,-0.3197686129897421,mri_1,
23S-1,500,-0.3913846822311734,mri_1,
23S-1,MRI Width,-0.341941877687285,mri_1,
23S-2,100,-0.3780305284353378,mri_1,
23S-2,150,-0.3942079955772749,mri_1,
23S-2,200,-0.398720693288355,mri_1,
23S-2,250,-0.3972992922054169,mri_1,
23S-2,300,-0.3961588165506808,mri_1,
23S-2,350,-0.3966680264323081,mri_1,
23S-2,400,-0.3885992536786076,mri_1,
23S-2,450,-0.3878987394729279,mri_1,
23S-2,50,-0.3185363129644184,mri_1,
23S-2,500,-0.4018218189586713,mri_1,
23S-2,MRI Width,-0.3457258534190855,mri_1,
23S-3,100,-0.3825129103620591,mri_1,
23S-3,150,-0.4087338205306402,mri_1,
23S-3,200,-0.4091826925395335,mri_1,
23S-3,250,-0.4124956220357261,mri_1,
23S-3,300,-0.41008534404105,mri_1,
23S-3,350,-0.4131284399072083,mri_1,
23S-3,400,-0.3951317444302031,mri_1,
23S-3,450,-0.3939533184980608,mri_1,
23S-3,50,-0.325770747223438,mri_1,
23S-3,500,-0.4062525847618008,mri_1,
23S-3,MRI Width,-0.3550031878700955,mri_1,
23S-3,100,-0.3678642139159055,mri_2,
23S-3,150,-0.3915070765457575,mri_2,
23S-3,200,-0.390906972491974,mri_2,
23S-3,250,-0.3927030262381525,mri_2,
23S-3,300,-0.3875126400120078,mri_2,
23S-3,350,-0.3940835897970101,mri_2,
23S-3,400,-0.3684854083394939,mri_2,
23S-3,450,-0.3695057783963333,mri_2,
23S-3,50,-0.3151181957624211,mri_2,
23S-3,500,-0.3880773798983333,mri_2,
23S-3,MRI Width,-0.3431849528868491,mri_2,
23S-4,100,-0.3482708166798167,mri_2,
23S-4,150,-0.3701704852014114,mri_2,
23S-4,200,-0.371606891352429,mri_2,
23S-4,250,-0.3739174769454954,mri_2,
23S-4,300,-0.3634666009637641,mri_2,
23S-4,350,-0.3703978344902442,mri_2,
23S-4,400,-0.3583991762371535,mri_2,
23S-4,450,-0.3562051944377424,mri_2,
23S-4,50,-0.3074172730809387,mri_2,
23S-4,500,-0.3737770308228993,mri_2,
23S-4,MRI Width,-0.3293803365566086,mri_2,
23S-5,100,-0.370138020471259,mri_2,
23S-5,150,-0.3823212654951303,mri_2,
23S-5,200,-0.3894249273063212,mri_2,
23S-5,250,-0.3980734510409638,mri_2,
23S-5,300,-0.3802365318874625,mri_2,
23S-5,350,-0.393844525168582,mri_2,
23S-5,400,-0.3810439052675402,mri_2,
23S-5,450,-0.4103022302797295,mri_2,
23S-5,50,-0.3279490996078957,mri_2,
23S-5,500,-0.3862193422434552,mri_2,
23S-5,MRI Width,-0.3541610879911558,mri_2,
23S-1,100,-0.0563196535472083,mri_1,
23S-1,150,-0.0595151383728105,mri_1,
23S-1,200,-0.0620036801562144,mri_1,
23S-1,250,-0.0636843340234557,mri_1,
23S-1,300,-0.065651022517926,mri_1,
23S-1,350,-0.0675455432078719,mri_1,
23S-1,400,-0.064677663259135,mri_1,
23S-1,450,-0.0676872841103379,mri_1,
23S-1,50,-0.0476584750662206,mri_1,
23S-1,500,-0.0664514799478665,mri_1,
23S-1,MRI Width,-0.0515762642318452,mri_1,
23S-2,100,-0.1395233086309894,mri_1,
23S-2,150,-0.1480430806278257,mri_1,
23S-2,200,-0.1562243915431947,mri_1,
23S-2,250,-0.1577799626299032,mri_1,
23S-2,300,-0.1625112220853306,mri_1,
23S-2,350,-0.1649080897679894,mri_1,
23S-2,400,-0.169192584873934,mri_1,
23S-2,450,-0.1691236205768765,mri_1,
23S-2,50,-0.1179846410462006,mri_1,
23S-2,500,-0.1695046076478418,mri_1,
23S-2,MRI Width,-0.1292058867165668,mri_1,
23S-3,100,-0.3673652640707038,mri_1,
23S-3,150,-0.3910219831684866,mri_1,
23S-3,200,-0.3973060077384164,mri_1,
23S-3,250,-0.4050102413083936,mri_1,
23S-3,300,-0.4036167591420379,mri_1,
23S-3,350,-0.4140065305478093,mri_1,
23S-3,400,-0.3911094739509416,mri_1,
23S-3,450,-0.3922837554075603,mri_1,
23S-3,50,-0.3096223216680587,mri_1,
23S-3,500,-0.3982479020385915,mri_1,
23S-3,MRI Width,-0.3408770567774886,mri_1,
23S-3,100,-0.1237714241563157,mri_2,
23S-3,150,-0.133327774426149,mri_2,
23S-3,200,-0.1403605234183561,mri_2,
23S-3,250,-0.1417755448990433,mri_2,
23S-3,300,-0.1426540949066093,mri_2,
23S-3,350,-0.1543436101114991,mri_2,
23S-3,400,-0.1464438227113788,mri_2,
23S-3,450,-0.1512083879290014,mri_2,
23S-3,50,-0.1043006703562166,mri_2,
23S-3,500,-0.1515474717715434,mri_2,
23S-3,MRI Width,-0.1139516230141828,mri_2,
23S-4,100,-0.193490035382537,mri_2,
23S-4,150,-0.2067148227982717,mri_2,
23S-4,200,-0.2166909257367098,mri_2,
23S-4,250,-0.2211091485481291,mri_2,
23S-4,300,-0.221554660736425,mri_2,
23S-4,350,-0.2328871893331297,mri_2,
23S-4,400,-0.2283664309727964,mri_2,
23S-4,450,-0.2356196501667474,mri_2,
23S-4,50,-0.1648686331521954,mri_2,
23S-4,500,-0.2359604226156034,mri_2,
23S-4,MRI Width,-0.1820810368632345,mri_2,
23S-5,100,-0.1943968940305048,mri_2,
23S-5,150,-0.2040670447437164,mri_2,
23S-5,200,-0.2093516326167737,mri_2,
23S-5,250,-0.2126921946626551,mri_2,
23S-5,300,-0.2178680620065107,mri_2,
23S-5,350,-0.2121555735277542,mri_2,
23S-5,400,-0.2189773788815963,mri_2,
23S-5,450,-0.2219971558060366,mri_2,
23S-5,50,-0.1731620816000401,mri_2,
23S-5,500,-0.219441565118904,mri_2,
23S-5,MRI Width,-0.1843293517687601,mri_2,
23S-1,100,-0.3713228536173376,mri_1,
23S-1,150,-0.3935667909569321,mri_1,
23S-1,200,-0.3981697857299267,mri_1,
23S-1,250,-0.3941509418195421,mri_1,
23S-1,300,-0.3885035663569457,mri_1,
23S-1,350,-0.3841103790301215,mri_1,
23S-1,400,-0.374473270322778,mri_1,
23S-1,450,-0.3682169749521617,mri_1,
23S-1,50,-0.3268507420320476,mri_1,
23S-1,500,-0.3938771703467413,mri_1,
23S-1,MRI Width,-0.3470005577120536,mri_1,
23S-2,100,-0.382168519921882,mri_1,
23S-2,150,-0.4001271684693203,mri_1,
23S-2,200,-0.4058036205264436,mri_1,
23S-2,250,-0.4037050877773201,mri_1,
23S-2,300,-0.4027032262741247,mri_1,
23S-2,350,-0.4041446373049638,mri_1,
23S-2,400,-0.3957739584306748,mri_1,
23S-2,450,-0.395857981595261,mri_1,
23S-2,50,-0.3230232816800377,mri_1,
23S-2,500,-0.4065671663949581,mri_1,
23S-2,MRI Width,-0.3504465536107693,mri_1,
23S-3,100,-0.3790088125463802,mri_1,
23S-3,150,-0.4057596891625196,mri_1,
23S-3,200,-0.4046664839597203,mri_1,
23S-3,250,-0.406449031308629,mri_1,
23S-3,300,-0.4030646505638542,mri_1,
23S-3,350,-0.4070621546144835,mri_1,
23S-3,400,-0.3876748850149263,mri_1,
23S-3,450,-0.3886727056331197,mri_1,
23S-3,50,-0.3264626726751279,mri_1,
23S-3,500,-0.4042009329340436,mri_1,
23S-3,MRI Width,-0.3540650335317766,mri_1,
23S-3,100,-0.3738536391352176,mri_2,
23S-3,150,-0.4015006278222728,mri_2,
23S-3,200,-0.3966062277669734,mri_2,
23S-3,250,-0.3994652066889095,mri_2,
23S-3,300,-0.3969239222765092,mri_2,
23S-3,350,-0.4013933200216638,mri_2,
23S-3,400,-0.3796264125712622,mri_2,
23S-3,450,-0.3763488209959679,mri_2,
23S-3,50,-0.3224576526395942,mri_2,
23S-3,500,-0.3945221355739359,mri_2,
23S-3,MRI Width,-0.3502589857407833,mri_2,
23S-4,100,-0.3601459851340746,mri_2,
23S-4,150,-0.3810779625163473,mri_2,
23S-4,200,-0.3848137919088421,mri_2,
23S-4,250,-0.3868794496152135,mri_2,
23S-4,300,-0.3834852463815165,mri_2,
23S-4,350,-0.3809093632078196,mri_2,
23S-4,400,-0.3726320468308504,mri_2,
23S-4,450,-0.362479260047705,mri_2,
23S-4,50,-0.3062181798703099,mri_2,
23S-4,500,-0.3771647552015064,mri_2,
23S-4,MRI Width,-0.3363079962127098,mri_2,
23S-5,100,-0.3729608239149243,mri_2,
23S-5,150,-0.3850775930418216,mri_2,
23S-5,200,-0.3866035586400605,mri_2,
23S-5,250,-0.3944996028651126,mri_2,
23S-5,300,-0.372864425361474,mri_2,
23S-5,350,-0.3943762272447078,mri_2,
23S-5,400,-0.3774574870186608,mri_2,
23S-5,450,-0.4054598264805258,mri_2,
23S-5,50,-0.3302450531498295,mri_2,
23S-5,500,-0.3834356366114488,mri_2,
23S-5,MRI Width,-0.3582041062607856,mri_2,
23S-1,100,-0.3649266334919783,mri_1,
23S-2,100,-0.3780305284353378,mri_1,
23S-3,100,-0.3825129103620591,mri_1,
23S-3,100,-0.3678642139159055,mri_2,
23S-4,100,-0.3482708166798167,mri_2,
23S-5,100,-0.370138020471259,mri_2,
23S-1,100,-0.3765447173141549,mri_1,
23S-1,150,-0.3967489739944854,mri_1,
23S-1,200,-0.4031634515004145,mri_1,
23S-1,250,-0.4021265903883454,mri_1,
23S-1,300,-0.4000609105042521,mri_1,
23S-1,350,-0.3951801361834184,mri_1,
23S-1,400,-0.3855564748271496,mri_1,
23S-1,450,-0.3790050193310927,mri_1,
23S-1,50,-0.327962448861715,mri_1,
23S-1,500,-0.3997998052507981,mri_1,
23S-1,MRI Width,-0.3513483326364392,mri_1,
23S-2,100,-0.3710422098086618,mri_1,
23S-2,150,-0.3864016196697738,mri_1,
23S-2,200,-0.3948903136888888,mri_1,
23S-2,250,-0.3906056756851494,mri_1,
23S-2,300,-0.3872003610261146,mri_1,
23S-2,350,-0.3852553110166744,mri_1,
23S-2,400,-0.3812486118456731,mri_1,
23S-2,450,-0.3825282014705183,mri_1,
23S-2,50,-0.3121807272741617,mri_1,
23S-2,500,-0.3968409490688512,mri_1,
23S-2,MRI Width,-0.337434310928107,mri_1,
23S-3,100,-0.3808062018034216,mri_1,
23S-3,150,-0.4067822793571765,mri_1,
23S-3,200,-0.410412092126455,mri_1,
23S-3,250,-0.4141674770297059,mri_1,
23S-3,300,-0.4128406618309903,mri_1,
23S-3,350,-0.4183398897236061,mri_1,
23S-3,400,-0.3969694676729682,mri_1,
23S-3,450,-0.3989477467531643,mri_1,
23S-3,50,-0.3229118630464392,mri_1,
23S-3,500,-0.4102583717466606,mri_1,
23S-3,MRI Width,-0.353402479899594,mri_1,
23S-3,100,-0.3688419040278728,mri_2,
23S-3,150,-0.3926171286024128,mri_2,
23S-3,200,-0.391855933544701,mri_2,
23S-3,250,-0.3931081140990037,mri_2,
23S-3,300,-0.3901488993208905,mri_2,
23S-3,350,-0.3958131495420879,mri_2,
23S-3,400,-0.3703747570887036,mri_2,
23S-3,450,-0.3711890641430503,mri_2,
23S-3,50,-0.3163530989470865,mri_2,
23S-3,500,-0.3891164949169476,mri_2,
23S-3,MRI Width,-0.3437895533860822,mri_2,
23S-4,100,-0.3515854170382574,mri_2,
23S-4,150,-0.371772091807962,mri_2,
23S-4,200,-0.3762029567287672,mri_2,
23S-4,250,-0.377924678475846,mri_2,
23S-4,300,-0.3715179515514914,mri_2,
23S-4,350,-0.3737149129775531,mri_2,
23S-4,400,-0.3630305932548083,mri_2,
23S-4,450,-0.358806049852733,mri_2,
23S-4,50,-0.3003527344978443,mri_2,
23S-4,500,-0.3763944204550812,mri_2,
23S-4,MRI Width,-0.3306550596502181,mri_2,
23S-5,100,-0.3642728971584937,mri_2,
23S-5,150,-0.3739150248686185,mri_2,
23S-5,200,-0.3791678810575922,mri_2,
23S-5,250,-0.3912270130141106,mri_2,
23S-5,300,-0.3648969764535867,mri_2,
23S-5,350,-0.3829128692431439,mri_2,
23S-5,400,-0.3688592877241644,mri_2,
23S-5,450,-0.4008331017401226,mri_2,
23S-5,50,-0.3233635556781057,mri_2,
23S-5,500,-0.3813991565304153,mri_2,
23S-5,MRI Width,-0.3558377525582046,mri_2,
23S-1,100,-0.3649266334919783,mri_1,
23S-1,150,-0.3868182914900364,mri_1,
23S-1,200,-0.3926640252971,mri_1,
23S-1,250,-0.389588937730695,mri_1,
23S-1,300,-0.3804156599394905,mri_1,
23S-1,350,-0.378664529654776,mri_1,
23S-1,400,-0.3696863103178285,mri_1,
23S-1,450,-0.3645984534107349,mri_1,
23S-1,50,-0.3197686129897421,mri_1,
23S-1,500,-0.3913846822311734,mri_1,
23S-1,MRI Width,-0.341941877687285,mri_1,
23S-2,100,-0.3780305284353378,mri_1,
23S-2,150,-0.3942079955772749,mri_1,
23S-2,200,-0.398720693288355,mri_1,
23S-2,250,-0.3972992922054169,mri_1,
23S-2,300,-0.3961588165506808,mri_1,
23S-2,350,-0.3966680264323081,mri_1,
23S-2,400,-0.3885992536786076,mri_1,
23S-2,450,-0.3878987394729279,mri_1,
23S-2,50,-0.3185363129644184,mri_1,
23S-2,500,-0.4018218189586713,mri_1,
23S-2,MRI Width,-0.3457258534190855,mri_1,
23S-3,100,-0.3825129103620591,mri_1,
23S-3,150,-0.4087338205306402,mri_1,
23S-3,200,-0.4091826925395335,mri_1,
23S-3,250,-0.4124956220357261,mri_1,
23S-3,300,-0.41008534404105,mri_1,
23S-3,350,-0.4131284399072083,mri_1,
23S-3,400,-0.3951317444302031,mri_1,
23S-3,450,-0.3939533184980608,mri_1,
23S-3,50,-0.325770747223438,mri_1,
23S-3,500,-0.4062525847618008,mri_1,
23S-3,MRI Width,-0.3550031878700955,mri_1,
23S-3,100,-0.3678642139159055,mri_2,
23S-3,150,-0.3915070765457575,mri_2,
23S-3,200,-0.390906972491974,mri_2,
23S-3,250,-0.3927030262381525,mri_2,
23S-3,300,-0.3875126400120078,mri_2,
23S-3,350,-0.3940835897970101,mri_2,
23S-3,400,-0.3684854083394939,mri_2,
23S-3,450,-0.3695057783963333,mri_2,
23S-3,50,-0.3151181957624211,mri_2,
23S-3,500,-0.3880773798983333,mri_2,
23S-3,MRI Width,-0.3431849528868491,mri_2,
23S-4,100,-0.3482708166798167,mri_2,
23S-4,150,-0.3701704852014114,mri_2,
23S-4,200,-0.371606891352429,mri_2,
23S-4,250,-0.3739174769454954,mri_2,
23S-4,300,-0.3634666009637641,mri_2,
23S-4,350,-0.3703978344902442,mri_2,
23S-4,400,-0.3583991762371535,mri_2,
23S-4,450,-0.3562051944377424,mri_2,
23S-4,50,-0.3074172730809387,mri_2,
23S-4,500,-0.3737770308228993,mri_2,
23S-4,MRI Width,-0.3293803365566086,mri_2,
23S-5,100,-0.370138020471259,mri_2,
23S-5,150,-0.3823212654951303,mri_2,
23S-5,200,-0.3894249273063212,mri_2,
23S-5,250,-0.3980734510409638,mri_2,
23S-5,300,-0.3802365318874625,mri_2,
23S-5,350,-0.393844525168582,mri_2,
23S-5,400,-0.3810439052675402,mri_2,
23S-5,450,-0.4103022302797295,mri_2,
23S-5,50,-0.3279490996078957,mri_2,
23S-5,500,-0.3862193422434552,mri_2,
23S-5,MRI Width,-0.3541610879911558,mri_2,
23S-1,100,-0.3556333940442942,mri_1,
23S-1,150,-0.3688379789687534,mri_1,
23S-1,200,-0.3801172632929813,mri_1,
23S-1,250,-0.3904911771190629,mri_1,
23S-1,300,-0.3879721611960984,mri_1,
23S-1,350,-0.3988590148909585,mri_1,
23S-1,400,-0.3770172829986645,mri_1,
23S-1,450,-0.3787219919745122,mri_1,
23S-1,50,-0.3059057395373508,mri_1,
23S-1,500,-0.3910653249205529,mri_1,
23S-1,MRI Width,-0.3287039149566928,mri_1,
23S-2,100,-0.3664213929087128,mri_1,
23S-2,150,-0.3872583645189673,mri_1,
23S-2,200,-0.3990345636376801,mri_1,
23S-2,250,-0.4008513106847854,mri_1,
23S-2,300,-0.4007233351800801,mri_1,
23S-2,350,-0.3987123135582898,mri_1,
23S-2,400,-0.4011212089767457,mri_1,
23S-2,450,-0.40108380109958,mri_1,
23S-2,50,-0.3065509496322448,mri_1,
23S-2,500,-0.4035062752283095,mri_1,
23S-2,MRI Width,-0.3352730416243082,mri_1,
23S-3,100,-0.3673652640707038,mri_1,
23S-3,150,-0.3910219831684866,mri_1,
23S-3,200,-0.3973060077384164,mri_1,
23S-3,250,-0.4050102413083936,mri_1,
23S-3,300,-0.4036167591420379,mri_1,
23S-3,350,-0.4140065305478093,mri_1,
23S-3,400,-0.3911094739509416,mri_1,
23S-3,450,-0.3922837554075603,mri_1,
23S-3,50,-0.3096223216680587,mri_1,
23S-3,500,-0.3982479020385915,mri_1,
23S-3,MRI Width,-0.3408770567774886,mri_1,
23S-3,100,-0.0950650563825998,mri_2,
23S-3,150,-0.1058970263083927,mri_2,
23S-3,200,-0.1079719785952335,mri_2,
23S-3,250,-0.1124137148562894,mri_2,
23S-3,300,-0.113860608566264,mri_2,
23S-3,350,-0.1193925062896997,mri_2,
23S-3,400,-0.117538916747533,mri_2,
23S-3,450,-0.1172711556519755,mri_2,
23S-3,50,-0.0761985008868288,mri_2,
23S-3,500,-0.1166383764161341,mri_2,
23S-3,MRI Width,-0.0851141857589617,mri_2,
23S-4,100,-0.3391956570654401,mri_2,
23S-4,150,-0.3594317306617074,mri_2,
23S-4,200,-0.3770002957919849,mri_2,
23S-4,250,-0.3799617643813052,mri_2,
23S-4,300,-0.3844403534053458,mri_2,
23S-4,350,-0.3919671073834611,mri_2,
23S-4,400,-0.3851873272277987,mri_2,
23S-4,450,-0.3917536035827816,mri_2,
23S-4,50,-0.2845740259464171,mri_2,
23S-4,500,-0.3891174431691594,mri_2,
23S-4,MRI Width,-0.3146778970262431,mri_2,
23S-5,100,-0.3522800880353853,mri_2,
23S-5,150,-0.3661660406013869,mri_2,
23S-5,200,-0.3748103189620385,mri_2,
23S-5,250,-0.3804919408761595,mri_2,
23S-5,300,-0.3804262379711392,mri_2,
23S-5,350,-0.3809758539425796,mri_2,
23S-5,400,-0.3750425164742933,mri_2,
23S-5,450,-0.3951773365175531,mri_2,
23S-5,50,-0.311127826241316,mri_2,
23S-5,500,-0.376519066325428,mri_2,
23S-5,MRI Width,-0.3345190800383367,mri_2,
23S-1,100,-0.3649266334919783,mri_1,
23S-1,150,-0.3868182914900364,mri_1,
23S-1,200,-0.3926640252971,mri_1,
23S-1,250,-0.389588937730695,mri_1,
23S-1,300,-0.3804156599394905,mri_1,
23S-1,350,-0.378664529654776,mri_1,
23S-1,400,-0.3696863103178285,mri_1,
23S-1,450,-0.3645984534107349,mri_1,
23S-1,50,-0.3197686129897421,mri_1,
23S-1,500,-0.3913846822311734,mri_1,
23S-1,MRI Width,-0.341941877687285,mri_1,
23S-2,100,-0.3780305284353378,mri_1,
23S-2,150,-0.3942079955772749,mri_1,
23S-2,200,-0.398720693288355,mri_1,
23S-2,250,-0.3972992922054169,mri_1,
23S-2,300,-0.3961588165506808,mri_1,
23S-2,350,-0.3966680264323081,mri_1,
23S-2,400,-0.3885992536786076,mri_1,
23S-2,450,-0.3878987394729279,mri_1,
23S-2,50,-0.3185363129644184,mri_1,
23S-2,500,-0.4018218189586713,mri_1,
23S-2,MRI Width,-0.3457258534190855,mri_1,
23S-3,100,-0.3825129103620591,mri_1,
23S-3,150,-0.4087338205306402,mri_1,
23S-3,200,-0.4091826925395335,mri_1,
23S-3,250,-0.4124956220357261,mri_1,
23S-3,300,-0.41008534404105,mri_1,
23S-3,350,-0.4131284399072083,mri_1,
23S-3,400,-0.3951317444302031,mri_1,
23S-3,450,-0.3939533184980608,mri_1,
23S-3,50,-0.325770747223438,mri_1,
23S-3,500,-0.4062525847618008,mri_1,
23S-3,MRI Width,-0.3550031878700955,mri_1,
23S-3,100,-0.3678642139159055,mri_2,
23S-3,150,-0.3915070765457575,mri_2,
23S-3,200,-0.390906972491974,mri_2,
23S-3,250,-0.3927030262381525,mri_2,
23S-3,300,-0.3875126400120078,mri_2,
23S-3,350,-0.3940835897970101,mri_2,
23S-3,400,-0.3684854083394939,mri_2,
23S-3,450,-0.3695057783963333,mri_2,
23S-3,50,-0.3151181957624211,mri_2,
23S-3,500,-0.3880773798983333,mri_2,
23S-3,MRI Width,-0.3431849528868491,mri_2,
23S-4,100,-0.3482708166798167,mri_2,
23S-4,150,-0.3701704852014114,mri_2,
23S-4,200,-0.371606891352429,mri_2,
23S-4,250,-0.3739174769454954,mri_2,
23S-4,300,-0.3634666009637641,mri_2,
23S-4,350,-0.3703978344902442,mri_2,
23S-4,400,-0.3583991762371535,mri_2,
23S-4,450,-0.3562051944377424,mri_2,
23S-4,50,-0.3074172730809387,mri_2,
23S-4,500,-0.3737770308228993,mri_2,
23S-4,MRI Width,-0.3293803365566086,mri_2,
23S-5,100,-0.370138020471259,mri_2,
23S-5,150,-0.3823212654951303,mri_2,
23S-5,200,-0.3894249273063212,mri_2,
23S-5,250,-0.3980734510409638,mri_2,
23S-5,300,-0.3802365318874625,mri_2,
23S-5,350,-0.393844525168582,mri_2,
23S-5,400,-0.3810439052675402,mri_2,
23S-5,450,-0.4103022302797295,mri_2,
23S-5,50,-0.3279490996078957,mri_2,
23S-5,500,-0.3862193422434552,mri_2,
23S-5,MRI Width,-0.3541610879911558,mri_2,
23S-1,100,-0.3943008130855716,mri_1,-0.156734822632066
23S-1,150,-0.4186907184745575,mri_1,-0.1644667967137545
23S-1,200,-0.4218833737591754,mri_1,-0.1659690589189092
23S-1,250,-0.4231952359032911,mri_1,-0.1639384328688616
23S-1,300,-0.4117862825152673,mri_1,-0.1680809652847672
23S-1,350,-0.41466333062022,mri_1,-0.1634620882619235
23S-1,400,-0.3976031305291475,mri_1,-0.1669817140932845
23S-1,450,-0.3982542519701795,mri_1,-0.1596904463249437
23S-1,50,-0.3451268644051125,mri_1,-0.1406872820115605
23S-1,500,-0.4227132711757737,mri_1,-0.1675896004085265
23S-2,100,-0.4024892815244488,mri_1,-0.1102556282558105
23S-2,150,-0.4195832620300825,mri_1,-0.1157072088865511
23S-2,200,-0.4259393918220822,mri_1,-0.1153502611380966
23S-2,250,-0.4184000845281473,mri_1,-0.1181804643694783
23S-2,300,-0.4170875999220398,mri_1,-0.117116707702296
23S-2,350,-0.4078585662132357,mri_1,-0.1178466418647547
23S-2,400,-0.4082362811919463,mri_1,-0.1132581523941286
23S-2,450,-0.4062677683479737,mri_1,-0.1152288037387642
23S-2,50,-0.3374788311561356,mri_1,-0.0960019784240946
23S-2,500,-0.4303303653712607,mri_1,-0.1190605468908159
23S-3,100,-0.3943450029338822,mri_1,-0.1297387763938043
23S-3,150,-0.422153520178351,mri_1,-0.1418194013899008
23S-3,200,-0.4238137306222131,mri_1,-0.1413591667868572
23S-3,250,-0.4282735438473177,mri_1,-0.1440546547360995
23S-3,300,-0.4201351166230154,mri_1,-0.1395452426727038
23S-3,350,-0.4308714206529068,mri_1,-0.1487174046239672
23S-3,400,-0.4013411406245455,mri_1,-0.1366321391183029
23S-3,450,-0.4076398390966878,mri_1,-0.1351792302063207
23S-3,50,-0.338278268666298,mri_1,-0.1149862769952097
23S-3,500,-0.4254744041837542,mri_1,-0.1492189122011505
23S-3,100,-0.3806467434804358,mri_2,-0.1203579407507957
23S-3,150,-0.4091186714482895,mri_2,-0.1312623465031093
23S-3,200,-0.4084627376199464,mri_2,-0.1310058984587452
23S-3,250,-0.4150659258183465,mri_2,-0.1336879384643639
23S-3,300,-0.4091164288639587,mri_2,-0.1302788222520018
23S-3,350,-0.4188791662686148,mri_2,-0.1398096854131872
23S-3,400,-0.3913515863341854,mri_2,-0.1279494848377973
23S-3,450,-0.3951801553852253,mri_2,-0.1257968045388152
23S-3,50,-0.3293041962577963,mri_2,-0.1058064148803045
23S-3,500,-0.4123348094157056,mri_2,-0.1384163780924758
23S-4,100,-0.3808497953446434,mri_2,-0.1001559424801207
23S-4,150,-0.4067657457860756,mri_2,-0.1094341897267048
23S-4,200,-0.4102878794900188,mri_2,-0.1090274064848573
23S-4,250,-0.41431950403889,mri_2,-0.1117618902886372
23S-4,300,-0.4037198317901844,mri_2,-0.1092248080667101
23S-4,350,-0.4127590639682724,mri_2,-0.1103045762720191
23S-4,400,-0.3954800958396998,mri_2,-0.1090433848243219
23S-4,450,-0.398467261684061,mri_2,-0.1071732478312445
23S-4,50,-0.3255072134345116,mri_2,-0.0885410047366979
23S-4,500,-0.4166021677805414,mri_2,-0.1199654621462131
23S-5,100,-0.3924638912692607,mri_2,-0.1167497723388569
23S-5,150,-0.4047755528250151,mri_2,-0.1187077653808937
23S-5,200,-0.4107711859207311,mri_2,-0.1205875043206576
23S-5,250,-0.4207629870806872,mri_2,-0.1270087740274591
23S-5,300,-0.3985450986375664,mri_2,-0.1152476134446923
23S-5,350,-0.4153768729229098,mri_2,-0.128724610383024
23S-5,400,-0.4036054331156994,mri_2,-0.117154641199728
23S-5,450,-0.4328125439995469,mri_2,-0.1327339697323206
23S-5,50,-0.3442762795300491,mri_2,-0.1056979921227058
23S-5,500,-0.4116368771733271,mri_2,-0.1273807374221539
23S-1,100,-0.1478056797077405,mri_1,
23S-1,150,-0.1552216521056497,mri_1,
23S-1,200,-0.1575115437747042,mri_1,
23S-1,250,-0.1557081208413514,mri_1,
23S-1,300,-0.1588922222636604,mri_1,
23S-1,350,-0.1570423516777001,mri_1,
23S-1,400,-0.1586355152847766,mri_1,
23S-1,450,-0.1534180223035968,mri_1,
23S-1,50,-0.1318690922919334,mri_1,
23S-1,500,-0.1607077181914413,mri_1,
23S-1,MRI Width,-0.1385546288348061,mri_1,
23S-2,100,-0.1038419064166457,mri_1,
23S-2,150,-0.1091096367125889,mri_1,
23S-2,200,-0.1085595680393082,mri_1,
23S-2,250,-0.1110708414245555,mri_1,
23S-2,300,-0.1107797917450288,mri_1,
23S-2,350,-0.111907018301252,mri_1,
23S-2,400,-0.1066923948229261,mri_1,
23S-2,450,-0.1090071120883943,mri_1,
23S-2,50,-0.0897598954799655,mri_1,
23S-2,500,-0.1123080120512487,mri_1,
23S-2,MRI Width,-0.0947255293953351,mri_1,
23S-3,100,-0.1235239864888927,mri_1,
23S-3,150,-0.1347619036291546,mri_1,
23S-3,200,-0.1347801613467605,mri_1,
23S-3,250,-0.1378454837855946,mri_1,
23S-3,300,-0.1328298217846917,mri_1,
23S-3,350,-0.1429437221083693,mri_1,
23S-3,400,-0.1301636672689025,mri_1,
23S-3,450,-0.1303353612049651,mri_1,
23S-3,50,-0.1089687973230581,mri_1,
23S-3,500,-0.142069476219442,mri_1,
23S-3,MRI Width,-0.1163820556880859,mri_1,
23S-3,100,-0.1126964671439107,mri_2,
23S-3,150,-0.1226941919281806,mri_2,
23S-3,200,-0.1233322982659618,mri_2,
23S-3,250,-0.1257126520077962,mri_2,
23S-3,300,-0.1216246011551526,mri_2,
23S-3,350,-0.1320079158217374,mri_2,
23S-3,400,-0.1198873436635085,mri_2,
23S-3,450,-0.1190667473903854,mri_2,
23S-3,50,-0.0986269211662111,mri_2,
23S-3,500,-0.1303704822571971,mri_2,
23S-3,MRI Width,-0.1060271118266239,mri_2,
23S-4,100,-0.0928393065236479,mri_2,
23S-4,150,-0.1017871983970775,mri_2,
23S-4,200,-0.1007417431632882,mri_2,
23S-4,250,-0.1032486137461969,mri_2,
23S-4,300,-0.1011351754551016,mri_2,
23S-4,350,-0.1017519913160893,mri_2,
23S-4,400,-0.1007342201067397,mri_2,
23S-4,450,-0.0981092260578175,mri_2,
23S-4,50,-0.0811396003975443,mri_2,
23S-4,500,-0.110079910155376,mri_2,
23S-4,MRI Width,-0.0867212741320475,mri_2,
23S-5,100,-0.1079241209787225,mri_2,
23S-5,150,-0.1101942794069411,mri_2,
23S-5,200,-0.1111872881038659,mri_2,
23S-5,250,-0.116991209374582,mri_2,
23S-5,300,-0.1058910640099805,mri_2,
23S-5,350,-0.1181852034470338,mri_2,
23S-5,400,-0.1097222018255924,mri_2,
23S-5,450,-0.1213090499727955,mri_2,
23S-5,50,-0.097531558953753,mri_2,
23S-5,500,-0.1184988074017544,mri_2,
23S-5,MRI Width,-0.1060440125031652,mri_2,
23S-1,100,-0.3782912850067488,mri_1,
23S-1,150,-0.3972313412201932,mri_1,
23S-1,200,-0.4038712873665419,mri_1,
23S-1,250,-0.4052292975653694,mri_1,
23S-1,300,-0.4076408644931244,mri_1,
23S-1,350,-0.402951882499095,mri_1,
23S-1,400,-0.3947260895166191,mri_1,
23S-1,450,-0.388601270667106,mri_1,
23S-1,50,-0.3265968009905386,mri_1,
23S-1,500,-0.4025483022769425,mri_1,
23S-1,MRI Width,-0.3508140277720583,mri_1,
23S-2,100,-0.3808241017740172,mri_1,
23S-2,150,-0.3990187089434406,mri_1,
23S-2,200,-0.4077408191825891,mri_1,
23S-2,250,-0.4055268726266386,mri_1,
23S-2,300,-0.4041427759256892,mri_1,
23S-2,350,-0.4045723176598506,mri_1,
23S-2,400,-0.3987980510349425,mri_1,
23S-2,450,-0.4003742469283933,mri_1,
23S-2,50,-0.320339825915967,mri_1,
23S-2,500,-0.4093802055729827,mri_1,
23S-2,MRI Width,-0.3475027371903657,mri_1,
23S-3,100,-0.382405697170102,mri_1,
23S-3,150,-0.4099817584911265,mri_1,
23S-3,200,-0.4123638751965783,mri_1,
23S-3,250,-0.4133308334434884,mri_1,
23S-3,300,-0.411094525670932,mri_1,
23S-3,350,-0.4166680746337788,mri_1,
23S-3,400,-0.3967080365433927,mri_1,
23S-3,450,-0.3972930759361538,mri_1,
23S-3,50,-0.325392306416879,mri_1,
23S-3,500,-0.4104817897264669,mri_1,
23S-3,MRI Width,-0.3561389468077712,mri_1,
23S-3,100,-0.3740536410706045,mri_2,
23S-3,150,-0.3992384083761452,mri_2,
23S-3,200,-0.3975237132464375,mri_2,
23S-3,250,-0.402005716161455,mri_2,
23S-3,300,-0.3987102201964601,mri_2,
23S-3,350,-0.4045559610522705,mri_2,
23S-3,400,-0.3808472164902695,mri_2,
23S-3,450,-0.3824396036907708,mri_2,
23S-3,50,-0.3186837456450996,mri_2,
23S-3,500,-0.3979163226106929,mri_2,
23S-3,MRI Width,-0.345746984120054,mri_2,
23S-4,100,-0.3478598089146755,mri_2,
23S-4,150,-0.369473736819137,mri_2,
23S-4,200,-0.3708425033010803,mri_2,
23S-4,250,-0.3748355225600387,mri_2,
23S-4,300,-0.3640398572115165,mri_2,
23S-4,350,-0.3717592952762887,mri_2,
23S-4,400,-0.3575493172093506,mri_2,
23S-4,450,-0.3583598035965924,mri_2,
23S-4,50,-0.3034577867774168,mri_2,
23S-4,500,-0.3763666303654711,mri_2,
23S-4,MRI Width,-0.3304474554650194,mri_2,
23S-5,100,-0.3714518660796008,mri_2,
23S-5,150,-0.3817081854106491,mri_2,
23S-5,200,-0.3850180379953898,mri_2,
23S-5,250,-0.3945675657062436,mri_2,
23S-5,300,-0.369174644200731,mri_2,
23S-5,350,-0.3900817714850139,mri_2,
23S-5,400,-0.3739458210781561,mri_2,
23S-5,450,-0.4054881817601283,mri_2,
23S-5,50,-0.3302068212041664,mri_2,
23S-5,500,-0.3837400010196916,mri_2,
23S-5,MRI Width,-0.3584626366493427,mri_2,
23S-1,100,-0.3931468857751342,mri_1,-0.156734822632066
23S-1,150,-0.414033169882085,mri_1,-0.1644667967137545
23S-1,200,-0.4212462713981532,mri_1,-0.1659690589189092
23S-1,250,-0.4197961042160856,mri_1,-0.1639384328688616
23S-1,300,-0.41796956219513,mri_1,-0.1680809652847672
23S-1,350,-0.4135668037868459,mri_1,-0.1634620882619235
23S-1,400,-0.4019668013713732,mri_1,-0.1669817140932845
23S-1,450,-0.3962661808869263,mri_1,-0.1596904463249437
23S-1,50,-0.342711503602392,mri_1,-0.1406872820115605
23S-1,500,-0.4202247541398624,mri_1,-0.1675896004085265
23S-2,100,-0.3848654118829715,mri_1,-0.1102556282558105
23S-2,150,-0.4006604124847881,mri_1,-0.1157072088865511
23S-2,200,-0.4044231119514315,mri_1,-0.1153502611380966
23S-2,250,-0.4007330297570995,mri_1,-0.1181804643694783
23S-2,300,-0.3990729840787893,mri_1,-0.117116707702296
23S-2,350,-0.3988413341541751,mri_1,-0.1178466418647547
23S-2,400,-0.3918715141731933,mri_1,-0.1132581523941286
23S-2,450,-0.3917345636773202,mri_1,-0.1152288037387642
23S-2,50,-0.3262396471313851,mri_1,-0.0960019784240946
23S-2,500,-0.4075788775526203,mri_1,-0.1190605468908159
23S-3,100,-0.4021430875162188,mri_1,-0.1297387763938043
23S-3,150,-0.4306110304129003,mri_1,-0.1418194013899008
23S-3,200,-0.4315995625008859,mri_1,-0.1413591667868572
23S-3,250,-0.4349058975319038,mri_1,-0.1440546547360995
23S-3,300,-0.4274254380904035,mri_1,-0.1395452426727038
23S-3,350,-0.4341299173906401,mri_1,-0.1487174046239672
23S-3,400,-0.4103889586011764,mri_1,-0.1366321391183029
23S-3,450,-0.4130137622069365,mri_1,-0.1351792302063207
23S-3,50,-0.3428830751920029,mri_1,-0.1149862769952097
23S-3,500,-0.4326532660524626,mri_1,-0.1492189122011505
23S-3,100,-0.3874624253971044,mri_2,-0.1203579407507957
23S-3,150,-0.4157333120312507,mri_2,-0.1312623465031093
23S-3,200,-0.4161535406312507,mri_2,-0.1310058984587452
23S-3,250,-0.4186117782869961,mri_2,-0.1336879384643639
23S-3,300,-0.413701536960291,mri_2,-0.1302788222520018
23S-3,350,-0.420125490487722,mri_2,-0.1398096854131872
23S-3,400,-0.3936681310993874,mri_2,-0.1279494848377973
23S-3,450,-0.3974201363538866,mri_2,-0.1257968045388152
23S-3,50,-0.3333455758160653,mri_2,-0.1058064148803045
23S-3,500,-0.4141408907706346,mri_2,-0.1384163780924758
23S-4,100,-0.3695253189414392,mri_2,-0.1001559424801207
23S-4,150,-0.3938102975734733,mri_2,-0.1094341897267048
23S-4,200,-0.3987629712373081,mri_2,-0.1090274064848573
23S-4,250,-0.3995207762129855,mri_2,-0.1117618902886372
23S-4,300,-0.3910499944203472,mri_2,-0.1092248080667101
23S-4,350,-0.398583472213415,mri_2,-0.1103045762720191
23S-4,400,-0.3824599454868122,mri_2,-0.1090433848243219
23S-4,450,-0.3827757367932121,mri_2,-0.1071732478312445
23S-4,50,-0.3179207553238166,mri_2,-0.0885410047366979
23S-4,500,-0.4012207486736604,mri_2,-0.1199654621462131
23S-5,100,-0.3892021246052793,mri_2,-0.1167497723388569
23S-5,150,-0.4026962365675262,mri_2,-0.1187077653808937
23S-5,200,-0.4110307894916374,mri_2,-0.1205875043206576
23S-5,250,-0.4193177253055135,mri_2,-0.1270087740274591
23S-5,300,-0.4008814826399753,mri_2,-0.1152476134446923
23S-5,350,-0.4131410160599856,mri_2,-0.128724610383024
23S-5,400,-0.4029967007916478,mri_2,-0.117154641199728
23S-5,450,-0.4336143430195411,mri_2,-0.1327339697323206
23S-5,50,-0.3443292847645683,mri_2,-0.1056979921227058
23S-5,500,-0.4083338227291072,mri_2,-0.1273807374221539
23T-1,100,-0.2797257020788734,mri_1,
23T-1,150,-0.292816564197133,mri_1,
23T-1,200,-0.2880967315418269,mri_1,
23T-1,250,-0.2928613011600015,mri_1,
23T-1,300,-0.2916114331767636,mri_1,
23T-1,350,-0.2976399268848103,mri_1,
23T-1,400,-0.2709505847430197,mri_1,
23T-1,450,-0.2689587616580796,mri_1,
23T-1,50,-0.2350827348350347,mri_1,
23T-1,500,-0.2970345920267571,mri_1,
23T-1,MRI Width,-0.2489525159711174,mri_1,
23T-2,100,-0.2632911910048351,mri_1,
23T-2,150,-0.2798286953005098,mri_1,
23T-2,200,-0.2901701356419175,mri_1,
23T-2,250,-0.2927321445572436,mri_1,
23T-2,300,-0.2981056078057063,mri_1,
23T-2,350,-0.2948809004263221,mri_1,
23T-2,400,-0.290025864976306,mri_1,
23T-2,450,-0.279462589288989,mri_1,
23T-2,50,-0.2233743703358519,mri_1,
23T-2,500,-0.2926910430259978,mri_1,
23T-2,MRI Width,-0.2604875415913237,mri_1,
23T-3,100,-0.3108979879599756,mri_1,
23T-3,150,-0.3250469855568215,mri_1,
23T-3,200,-0.3364184563421155,mri_1,
23T-3,250,-0.3336501137079398,mri_1,
23T-3,300,-0.334374510372848,mri_1,
23T-3,350,-0.3236837966137328,mri_1,
23T-3,400,-0.3412919366236052,mri_1,
23T-3,450,-0.3176520641577526,mri_1,
23T-3,50,-0.2745282583239185,mri_1,
23T-3,500,-0.3247511848153039,mri_1,
23T-3,MRI Width,-0.2996784366009389,mri_1,
23T-3,100,-0.3878119479486018,mri_2,
23T-3,150,-0.4002470086883015,mri_2,
23T-3,200,-0.4107930985157709,mri_2,
23T-3,250,-0.4047033026924353,mri_2,
23T-3,300,-0.4073102440844295,mri_2,
23T-3,350,-0.3970054506033573,mri_2,
23T-3,400,-0.4069916230249408,mri_2,
23T-3,450,-0.385513308583401,mri_2,
23T-3,50,-0.3402659662445752,mri_2,
23T-3,500,-0.3885106409558971,mri_2,
23T-3,MRI Width,-0.3712199351852825,mri_2,
23T-4,100,-0.3495219901260536,mri_2,
23T-4,150,-0.3760757931958655,mri_2,
23T-4,200,-0.3825121013678224,mri_2,
23T-4,250,-0.3778974354494102,mri_2,
23T-4,300,-0.3790120946886046,mri_2,
23T-4,350,-0.3801987912890398,mri_2,
23T-4,400,-0.3718464220651301,mri_2,
23T-4,450,-0.3739454539498064,mri_2,
23T-4,50,-0.3112193417889764,mri_2,
23T-4,500,-0.3783321185913977,mri_2,
23T-4,MRI Width,-0.3406202718548883,mri_2,
23T-5,100,-0.3472454336272979,mri_2,
23T-5,150,-0.3651057806170455,mri_2,
23T-5,200,-0.3669176235943033,mri_2,
23T-5,250,-0.3669830730140562,mri_2,
23T-5,300,-0.364730084855757,mri_2,
23T-5,350,-0.3673623992210986,mri_2,
23T-5,400,-0.3812451848329853,mri_2,
23T-5,450,-0.3537845164706487,mri_2,
23T-5,50,-0.2887120016841514,mri_2,
23T-5,500,-0.3799455857472483,mri_2,
23T-5,MRI Width,-0.3123417035480281,mri_2,
23T-1,100,-0.2552350899843849,mri_1,
23T-1,150,-0.2685670050170986,mri_1,
23T-1,200,-0.2741248795407938,mri_1,
23T-1,250,-0.2793071155970017,mri_1,
23T-1,300,-0.2931086320489618,mri_1,
23T-1,350,-0.2961349465700415,mri_1,
23T-1,400,-0.2852113541099682,mri_1,
23T-1,450,-0.290144312725561,mri_1,
23T-1,50,-0.2094466603483726,mri_1,
23T-1,500,-0.2870969082692045,mri_1,
23T-1,MRI Width,-0.2236609848534667,mri_1,
23T-2,100,-0.1392496485016845,mri_1,
23T-2,150,-0.1478390912478367,mri_1,
23T-2,200,-0.1523336524752613,mri_1,
23T-2,250,-0.1529013088422461,mri_1,
23T-2,300,-0.1547993760120068,mri_1,
23T-2,350,-0.1559173003017041,mri_1,
23T-2,400,-0.1546721371192153,mri_1,
23T-2,450,-0.1485584074271253,mri_1,
23T-2,50,-0.1202409087348128,mri_1,
23T-2,500,-0.156980943836608,mri_1,
23T-2,MRI Width,-0.1386509324876601,mri_1,
23T-3,100,-0.0170853788653395,mri_1,
23T-3,150,-0.017365629637204,mri_1,
23T-3,200,-0.018541417279504,mri_1,
23T-3,250,-0.0179088430645564,mri_1,
23T-3,300,-0.0189537933683441,mri_1,
23T-3,350,-0.0190685004067355,mri_1,
23T-3,400,-0.0207178671710349,mri_1,
23T-3,450,-0.0187743254511835,mri_1,
23T-3,50,-0.0153188945579733,mri_1,
23T-3,500,-0.0187040982907841,mri_1,
23T-3,MRI Width,-0.0162581097314995,mri_1,
23T-3,100,-0.3677376904334269,mri_2,
23T-3,150,-0.3898739787880572,mri_2,
23T-3,200,-0.396466303857995,mri_2,
23T-3,250,-0.4015149544904632,mri_2,
23T-3,300,-0.4071740039394967,mri_2,
23T-3,350,-0.4221484591917934,mri_2,
23T-3,400,-0.4087455019164318,mri_2,
23T-3,450,-0.4107718607955048,mri_2,
23T-3,50,-0.310837263545675,mri_2,
23T-3,500,-0.4012637612386236,mri_2,
23T-3,MRI Width,-0.3475590840877746,mri_2,
23T-4,100,-0.2747869571730552,mri_2,
23T-4,150,-0.291317251920097,mri_2,
23T-4,200,-0.2964832774433031,mri_2,
23T-4,250,-0.292505388046807,mri_2,
23T-4,300,-0.294047616629238,mri_2,
23T-4,350,-0.295950019739537,mri_2,
23T-4,400,-0.2886253377482121,mri_2,
23T-4,450,-0.2892729691421252,mri_2,
23T-4,50,-0.2488138262072395,mri_2,
23T-4,500,-0.297950263572852,mri_2,
23T-4,MRI Width,-0.2681929150530038,mri_2,
23T-5,100,-0.3161247852950359,mri_2,
23T-5,150,-0.3340204837484696,mri_2,
23T-5,200,-0.3479519461595512,mri_2,
23T-5,250,-0.3542038567930741,mri_2,
23T-5,300,-0.3523441109624222,mri_2,
23T-5,350,-0.366708541040025,mri_2,
23T-5,400,-0.3594135431458014,mri_2,
23T-5,450,-0.3600488875797739,mri_2,
23T-5,50,-0.2611658650935354,mri_2,
23T-5,500,-0.3636773998532731,mri_2,
23T-5,MRI Width,-0.2811549402371188,mri_2,
23T-1,100,-0.289554392215729,mri_1,
23T-1,150,-0.3044024298990678,mri_1,
23T-1,200,-0.3055161388161052,mri_1,
23T-1,250,-0.3111961777206774,mri_1,
23T-1,300,-0.3134497264447867,mri_1,
23T-1,350,-0.319820591488233,mri_1,
23T-1,400,-0.2919866298032304,mri_1,
23T-1,450,-0.2902283423518774,mri_1,
23T-1,50,-0.2424235507972073,mri_1,
23T-1,500,-0.3133839052793036,mri_1,
23T-1,MRI Width,-0.2575036903388865,mri_1,
23T-2,100,-0.2671127897546829,mri_1,
23T-2,150,-0.2848892174032827,mri_1,
23T-2,200,-0.2915987046532938,mri_1,
23T-2,250,-0.2983582332725142,mri_1,
23T-2,300,-0.3006769013042934,mri_1,
23T-2,350,-0.303001750454222,mri_1,
23T-2,400,-0.2984864182188397,mri_1,
23T-2,450,-0.2826305928623545,mri_1,
23T-2,50,-0.2239028469646477,mri_1,
23T-2,500,-0.3009271852464499,mri_1,
23T-2,MRI Width,-0.2623702653686122,mri_1,
23T-3,100,-0.3042045896326208,mri_1,
23T-3,150,-0.3153547487421705,mri_1,
23T-3,200,-0.329958444078574,mri_1,
23T-3,250,-0.3278622295984704,mri_1,
23T-3,300,-0.3305466218228862,mri_1,
23T-3,350,-0.3214083013738826,mri_1,
23T-3,400,-0.334946180995476,mri_1,
23T-3,450,-0.3112318649879729,mri_1,
23T-3,50,-0.2655046288799327,mri_1,
23T-3,500,-0.3177734673496639,mri_1,
23T-3,MRI Width,-0.2924393790290087,mri_1,
23T-3,100,-0.3898004804576321,mri_2,
23T-3,150,-0.4017794281067718,mri_2,
23T-3,200,-0.4165573539295744,mri_2,
23T-3,250,-0.4098088241711864,mri_2,
23T-3,300,-0.4129485407205971,mri_2,
23T-3,350,-0.3985702912050441,mri_2,
23T-3,400,-0.413768962076115,mri_2,
23T-3,450,-0.3876087052158698,mri_2,
23T-3,50,-0.3406847247724595,mri_2,
23T-3,500,-0.3957632540796389,mri_2,
23T-3,MRI Width,-0.3734917168293141,mri_2,
23T-4,100,-0.3466449161051634,mri_2,
23T-4,150,-0.3693866867170606,mri_2,
23T-4,200,-0.377516992361994,mri_2,
23T-4,250,-0.3731196092531587,mri_2,
23T-4,300,-0.3712252098701731,mri_2,
23T-4,350,-0.3775266207737607,mri_2,
23T-4,400,-0.3654641946877588,mri_2,
23T-4,450,-0.3688361951334097,mri_2,
23T-4,50,-0.3105385113534364,mri_2,
23T-4,500,-0.375994785390805,mri_2,
23T-4,MRI Width,-0.3398226615351298,mri_2,
23T-5,100,-0.3423026444294508,mri_2,
23T-5,150,-0.362678987939017,mri_2,
23T-5,200,-0.3666265749782677,mri_2,
23T-5,250,-0.3688913695839795,mri_2,
23T-5,300,-0.3589866459656829,mri_2,
23T-5,350,-0.3693852677082683,mri_2,
23T-5,400,-0.3826783196622906,mri_2,
23T-5,450,-0.3547863946797995,mri_2,
23T-5,50,-0.2867248018751213,mri_2,
23T-5,500,-0.3861002879471276,mri_2,
23T-5,MRI Width,-0.3081225750790506,mri_2,
23T-1,100,-0.2797257020788734,mri_1,
23T-2,100,-0.2632911910048351,mri_1,
23T-3,100,-0.3108979879599756,mri_1,
23T-3,100,-0.3878119479486018,mri_2,
23T-4,100,-0.3495219901260536,mri_2,
23T-5,100,-0.3472454336272979,mri_2,
23T-1,100,-0.2918173554450617,mri_1,
23T-1,150,-0.3059627909648537,mri_1,
23T-1,200,-0.3036833679651608,mri_1,
23T-1,250,-0.3080869909592458,mri_1,
23T-1,300,-0.3109182513953682,mri_1,
23T-1,350,-0.3128855976633,mri_1,
23T-1,400,-0.290565916197494,mri_1,
23T-1,450,-0.2862791301583787,mri_1,
23T-1,50,-0.2441502707086261,mri_1,
23T-1,500,-0.3087979048678575,mri_1,
23T-1,MRI Width,-0.2701661563778137,mri_1,
23T-2,100,-0.256274566416282,mri_1,
23T-2,150,-0.2736536077218243,mri_1,
23T-2,200,-0.2800304903477251,mri_1,
23T-2,250,-0.2852915126148964,mri_1,
23T-2,300,-0.2877341178490688,mri_1,
23T-2,350,-0.2896511064165698,mri_1,
23T-2,400,-0.2855199092174749,mri_1,
23T-2,450,-0.268231343794905,mri_1,
23T-2,50,-0.2172278834655837,mri_1,
23T-2,500,-0.2896603353625925,mri_1,
23T-2,MRI Width,-0.2538228098074491,mri_1,
23T-3,100,-0.3064582455395063,mri_1,
23T-3,150,-0.3174694502348848,mri_1,
23T-3,200,-0.3329938997141319,mri_1,
23T-3,250,-0.3266698094446302,mri_1,
23T-3,300,-0.3298143271360047,mri_1,
23T-3,350,-0.3163016680466692,mri_1,
23T-3,400,-0.335743348518094,mri_1,
23T-3,450,-0.305482814356714,mri_1,
23T-3,50,-0.2700716600753509,mri_1,
23T-3,500,-0.3168972103916155,mri_1,
23T-3,MRI Width,-0.2952474366942407,mri_1,
23T-3,100,-0.3828953962983795,mri_2,
23T-3,150,-0.3942385416590062,mri_2,
23T-3,200,-0.4092439093718272,mri_2,
23T-3,250,-0.4000121078075345,mri_2,
23T-3,300,-0.4048958708958348,mri_2,
23T-3,350,-0.3919415076546684,mri_2,
23T-3,400,-0.4052460598792066,mri_2,
23T-3,450,-0.3792778632204462,mri_2,
23T-3,50,-0.339118059026441,mri_2,
23T-3,500,-0.3828500430109011,mri_2,
23T-3,MRI Width,-0.3691575055550106,mri_2,
23T-4,100,-0.3529024449357751,mri_2,
23T-4,150,-0.3731674205125866,mri_2,
23T-4,200,-0.3799266944853868,mri_2,
23T-4,250,-0.3750828610255422,mri_2,
23T-4,300,-0.3757277814895067,mri_2,
23T-4,350,-0.3797704123657084,mri_2,
23T-4,400,-0.371797400614472,mri_2,
23T-4,450,-0.3723678859065308,mri_2,
23T-4,50,-0.3130442655512004,mri_2,
23T-4,500,-0.3754496996431402,mri_2,
23T-4,MRI Width,-0.3440283668473811,mri_2,
23T-5,100,-0.3510637880757922,mri_2,
23T-5,150,-0.3701744615478472,mri_2,
23T-5,200,-0.3725273111481234,mri_2,
23T-5,250,-0.3749749131651219,mri_2,
23T-5,300,-0.3628653996245516,mri_2,
23T-5,350,-0.3709538421267491,mri_2,
23T-5,400,-0.389859850188402,mri_2,
23T-5,450,-0.3572447572166531,mri_2,
23T-5,50,-0.2945916403323611,mri_2,
23T-5,500,-0.3924988474338446,mri_2,
23T-5,MRI Width,-0.3184058734756411,mri_2,
23T-1,100,-0.2797257020788734,mri_1,
23T-1,150,-0.292816564197133,mri_1,
23T-1,200,-0.2880967315418269,mri_1,
23T-1,250,-0.2928613011600015,mri_1,
23T-1,300,-0.2916114331767636,mri_1,
23T-1,350,-0.2976399268848103,mri_1,
23T-1,400,-0.2709505847430197,mri_1,
23T-1,450,-0.2689587616580796,mri_1,
23T-1,50,-0.2350827348350347,mri_1,
23T-1,500,-0.2970345920267571,mri_1,
23T-1,MRI Width,-0.2489525159711174,mri_1,
23T-2,100,-0.2632911910048351,mri_1,
23T-2,150,-0.2798286953005098,mri_1,
23T-2,200,-0.2901701356419175,mri_1,
23T-2,250,-0.2927321445572436,mri_1,
23T-2,300,-0.2981056078057063,mri_1,
23T-2,350,-0.2948809004263221,mri_1,
23T-2,400,-0.290025864976306,mri_1,
23T-2,450,-0.279462589288989,mri_1,
23T-2,50,-0.2233743703358519,mri_1,
23T-2,500,-0.2926910430259978,mri_1,
23T-2,MRI Width,-0.2604875415913237,mri_1,
23T-3,100,-0.3108979879599756,mri_1,
23T-3,150,-0.3250469855568215,mri_1,
23T-3,200,-0.3364184563421155,mri_1,
23T-3,250,-0.3336501137079398,mri_1,
23T-3,300,-0.334374510372848,mri_1,
23T-3,350,-0.3236837966137328,mri_1,
23T-3,400,-0.3412919366236052,mri_1,
23T-3,450,-0.3176520641577526,mri_1,
23T-3,50,-0.2745282583239185,mri_1,
23T-3,500,-0.3247511848153039,mri_1,
23T-3,MRI Width,-0.2996784366009389,mri_1,
23T-3,100,-0.3878119479486018,mri_2,
23T-3,150,-0.4002470086883015,mri_2,
23T-3,200,-0.4107930985157709,mri_2,
23T-3,250,-0.4047033026924353,mri_2,
23T-3,300,-0.4073102440844295,mri_2,
23T-3,350,-0.3970054506033573,mri_2,
23T-3,400,-0.4069916230249408,mri_2,
23T-3,450,-0.385513308583401,mri_2,
23T-3,50,-0.3402659662445752,mri_2,
23T-3,500,-0.3885106409558971,mri_2,
23T-3,MRI Width,-0.3712199351852825,mri_2,
23T-4,100,-0.3495219901260536,mri_2,
23T-4,150,-0.3760757931958655,mri_2,
23T-4,200,-0.3825121013678224,mri_2,
23T-4,250,-0.3778974354494102,mri_2,
23T-4,300,-0.3790120946886046,mri_2,
23T-4,350,-0.3801987912890398,mri_2,
23T-4,400,-0.3718464220651301,mri_2,
23T-4,450,-0.3739454539498064,mri_2,
23T-4,50,-0.3112193417889764,mri_2,
23T-4,500,-0.3783321185913977,mri_2,
23T-4,MRI Width,-0.3406202718548883,mri_2,
23T-5,100,-0.3472454336272979,mri_2,
23T-5,150,-0.3651057806170455,mri_2,
23T-5,200,-0.3669176235943033,mri_2,
23T-5,250,-0.3669830730140562,mri_2,
23T-5,300,-0.364730084855757,mri_2,
23T-5,350,-0.3673623992210986,mri_2,
23T-5,400,-0.3812451848329853,mri_2,
23T-5,450,-0.3537845164706487,mri_2,
23T-5,50,-0.2887120016841514,mri_2,
23T-5,500,-0.3799455857472483,mri_2,
23T-5,MRI Width,-0.3123417035480281,mri_2,
23T-1,100,-0.0371384130369881,mri_1,
23T-1,150,-0.0403053668775167,mri_1,
23T-1,200,-0.0410891664644887,mri_1,
23T-1,250,-0.0434700336563407,mri_1,
23T-1,300,-0.047325263187158,mri_1,
23T-1,350,-0.0489809377883494,mri_1,
23T-1,400,-0.0448987020378476,mri_1,
23T-1,450,-0.0440082618441193,mri_1,
23T-1,50,-0.0285675023356884,mri_1,
23T-1,500,-0.0480330457399946,mri_1,
23T-1,MRI Width,-0.0331593916789207,mri_1,
23T-2,100,-0.150170319095811,mri_1,
23T-2,150,-0.1596969114401666,mri_1,
23T-2,200,-0.1639074206501597,mri_1,
23T-2,250,-0.1658349990236208,mri_1,
23T-2,300,-0.1677179942526798,mri_1,
23T-2,350,-0.1667342704575859,mri_1,
23T-2,400,-0.164138973738136,mri_1,
23T-2,450,-0.1571137871261969,mri_1,
23T-2,50,-0.1307824174846588,mri_1,
23T-2,500,-0.1693737070338891,mri_1,
23T-2,MRI Width,-0.1503901293157652,mri_1,
23T-3,100,-0.2690073837655234,mri_1,
23T-3,150,-0.2835445231980432,mri_1,
23T-3,200,-0.2923726524148444,mri_1,
23T-3,250,-0.2967856614419357,mri_1,
23T-3,300,-0.2995755052834563,mri_1,
23T-3,350,-0.3116475529948876,mri_1,
23T-3,400,-0.3068512400142086,mri_1,
23T-3,450,-0.3082056916194364,mri_1,
23T-3,50,-0.2287900858151757,mri_1,
23T-3,500,-0.3009230257384929,mri_1,
23T-3,MRI Width,-0.2541159818107715,mri_1,
23T-3,100,-0.3677376904334269,mri_2,
23T-3,150,-0.3898739787880572,mri_2,
23T-3,200,-0.396466303857995,mri_2,
23T-3,250,-0.4015149544904632,mri_2,
23T-3,300,-0.4071740039394967,mri_2,
23T-3,350,-0.4221484591917934,mri_2,
23T-3,400,-0.4087455019164318,mri_2,
23T-3,450,-0.4107718607955048,mri_2,
23T-3,50,-0.310837263545675,mri_2,
23T-3,500,-0.4012637612386236,mri_2,
23T-3,MRI Width,-0.3475590840877746,mri_2,
23T-4,100,-0.2747869571730552,mri_2,
23T-4,150,-0.291317251920097,mri_2,
23T-4,200,-0.2964832774433031,mri_2,
23T-4,250,-0.292505388046807,mri_2,
23T-4,300,-0.294047616629238,mri_2,
23T-4,350,-0.295950019739537,mri_2,
23T-4,400,-0.2886253377482121,mri_2,
23T-4,450,-0.2892729691421252,mri_2,
23T-4,50,-0.2488138262072395,mri_2,
23T-4,500,-0.297950263572852,mri_2,
23T-4,MRI Width,-0.2681929150530038,mri_2,
23T-5,100,-0.0605578126148385,mri_2,
23T-5,150,-0.0678628812523552,mri_2,
23T-5,200,-0.0730104893909844,mri_2,
23T-5,250,-0.0748188970741375,mri_2,
23T-5,300,-0.0758406176856106,mri_2,
23T-5,350,-0.0795078186880563,mri_2,
23T-5,400,-0.077289708967233,mri_2,
23T-5,450,-0.0860388444923833,mri_2,
23T-5,50,-0.0504363836369382,mri_2,
23T-5,500,-0.0880633432486289,mri_2,
23T-5,MRI Width,-0.0555289307157037,mri_2,
23T-1,100,-0.2797257020788734,mri_1,
23T-1,150,-0.292816564197133,mri_1,
23T-1,200,-0.2880967315418269,mri_1,
23T-1,250,-0.2928613011600015,mri_1,
23T-1,300,-0.2916114331767636,mri_1,
23T-1,350,-0.2976399268848103,mri_1,
23T-1,400,-0.2709505847430197,mri_1,
23T-1,450,-0.2689587616580796,mri_1,
23T-1,50,-0.2350827348350347,mri_1,
23T-1,500,-0.2970345920267571,mri_1,
23T-1,MRI Width,-0.2489525159711174,mri_1,
23T-2,100,-0.2632911910048351,mri_1,
23T-2,150,-0.2798286953005098,mri_1,
23T-2,200,-0.2901701356419175,mri_1,
23T-2,250,-0.2927321445572436,mri_1,
23T-2,300,-0.2981056078057063,mri_1,
23T-2,350,-0.2948809004263221,mri_1,
23T-2,400,-0.290025864976306,mri_1,
23T-2,450,-0.279462589288989,mri_1,
23T-2,50,-0.2233743703358519,mri_1,
23T-2,500,-0.2926910430259978,mri_1,
23T-2,MRI Width,-0.2604875415913237,mri_1,
23T-3,100,-0.3108979879599756,mri_1,
23T-3,150,-0.3250469855568215,mri_1,
23T-3,200,-0.3364184563421155,mri_1,
23T-3,250,-0.3336501137079398,mri_1,
23T-3,300,-0.334374510372848,mri_1,
23T-3,350,-0.3236837966137328,mri_1,
23T-3,400,-0.3412919366236052,mri_1,
23T-3,450,-0.3176520641577526,mri_1,
23T-3,50,-0.2745282583239185,mri_1,
23T-3,500,-0.3247511848153039,mri_1,
23T-3,MRI Width,-0.2996784366009389,mri_1,
23T-3,100,-0.3878119479486018,mri_2,
23T-3,150,-0.4002470086883015,mri_2,
23T-3,200,-0.4107930985157709,mri_2,
23T-3,250,-0.4047033026924353,mri_2,
23T-3,300,-0.4073102440844295,mri_2,
23T-3,350,-0.3970054506033573,mri_2,
23T-3,400,-0.4069916230249408,mri_2,
23T-3,450,-0.385513308583401,mri_2,
23T-3,50,-0.3402659662445752,mri_2,
23T-3,500,-0.3885106409558971,mri_2,
23T-3,MRI Width,-0.3712199351852825,mri_2,
23T-4,100,-0.3495219901260536,mri_2,
23T-4,150,-0.3760757931958655,mri_2,
23T-4,200,-0.3825121013678224,mri_2,
23T-4,250,-0.3778974354494102,mri_2,
23T-4,300,-0.3790120946886046,mri_2,
23T-4,350,-0.3801987912890398,mri_2,
23T-4,400,-0.3718464220651301,mri_2,
23T-4,450,-0.3739454539498064,mri_2,
23T-4,50,-0.3112193417889764,mri_2,
23T-4,500,-0.3783321185913977,mri_2,
23T-4,MRI Width,-0.3406202718548883,mri_2,
23T-5,100,-0.3472454336272979,mri_2,
23T-5,150,-0.3651057806170455,mri_2,
23T-5,200,-0.3669176235943033,mri_2,
23T-5,250,-0.3669830730140562,mri_2,
23T-5,300,-0.364730084855757,mri_2,
23T-5,350,-0.3673623992210986,mri_2,
23T-5,400,-0.3812451848329853,mri_2,
23T-5,450,-0.3537845164706487,mri_2,
23T-5,50,-0.2887120016841514,mri_2,
23T-5,500,-0.3799455857472483,mri_2,
23T-5,MRI Width,-0.3123417035480281,mri_2,
23T-1,100,-0.3075793617994817,mri_1,-0.0851352255020611
23T-1,150,-0.3299391090429224,mri_1,-0.0925277656565372
23T-1,200,-0.3236871045264518,mri_1,-0.0869319852960185
23T-1,250,-0.3296045651247818,mri_1,-0.0906774711673264
23T-1,300,-0.3262889073558682,mri_1,-0.0841954975109944
23T-1,350,-0.332975706643807,mri_1,-0.0858951417215061
23T-1,400,-0.310275366781137,mri_1,-0.0796292912044609
23T-1,450,-0.3127149563498207,mri_1,-0.0758115532213686
23T-1,50,-0.2581374428584261,mri_1,-0.0768948149644253
23T-1,500,-0.3341940980636965,mri_1,-0.0928259632646271
23T-2,100,-0.235830480385759,mri_1,-0.0423508419245536
23T-2,150,-0.2518409847018287,mri_1,-0.0450897646980201
23T-2,200,-0.2618629409917592,mri_1,-0.0466258471273335
23T-2,250,-0.2635684092194311,mri_1,-0.0461788171959003
23T-2,300,-0.2677227748863665,mri_1,-0.0485960192400573
23T-2,350,-0.2704230758135335,mri_1,-0.0457358511543283
23T-2,400,-0.2665718979682514,mri_1,-0.042613005231349
23T-2,450,-0.2575559043018346,mri_1,-0.042764834488331
23T-2,50,-0.19818454536746,mri_1,-0.0395225009993722
23T-2,500,-0.270165703049581,mri_1,-0.045297282651593
23T-3,100,-0.3302719606716345,mri_1,-0.0899497627971176
23T-3,150,-0.3409663658647762,mri_1,-0.0930235488550204
23T-3,200,-0.3609128599939695,mri_1,-0.0977165756596421
23T-3,250,-0.3514277161033606,mri_1,-0.098160719103935
23T-3,300,-0.3571633898773994,mri_1,-0.0977271528909742
23T-3,350,-0.3440729419132979,mri_1,-0.0962483545060319
23T-3,400,-0.3653244410400865,mri_1,-0.0980704008911058
23T-3,450,-0.3357646588321082,mri_1,-0.0906537155831753
23T-3,50,-0.292269738338028,mri_1,-0.083373250195035
23T-3,500,-0.3436130894941773,mri_1,-0.0943583833813847
23T-3,100,-0.4062787091861978,mri_2,-0.1432483274285387
23T-3,150,-0.4224245925590624,mri_2,-0.147477725139296
23T-3,200,-0.4392282460081099,mri_2,-0.153052289881969
23T-3,250,-0.4318894135785021,mri_2,-0.1524144879710579
23T-3,300,-0.4350889546027454,mri_2,-0.1517322917441555
23T-3,350,-0.4214022118002263,mri_2,-0.1499837544332147
23T-3,400,-0.4433088769832156,mri_2,-0.1550133702664172
23T-3,450,-0.416112063954743,mri_2,-0.1448564181206189
23T-3,50,-0.3629035455093395,mri_2,-0.1307463021783955
23T-3,500,-0.4213226190260911,mri_2,-0.151479522475662
23T-4,100,-0.2961174427931338,mri_2,-0.1359864177018022
23T-4,150,-0.3147863378296657,mri_2,-0.1419200796017568
23T-4,200,-0.3203361109676021,mri_2,-0.1456061431568771
23T-4,250,-0.3174059522125067,mri_2,-0.1468297250894963
23T-4,300,-0.320751793706376,mri_2,-0.1438737629874985
23T-4,350,-0.3216615807541724,mri_2,-0.1487366081231076
23T-4,400,-0.3184517587971586,mri_2,-0.1458841429823716
23T-4,450,-0.3197572022911199,mri_2,-0.147704848047931
23T-4,50,-0.2668261213345573,mri_2,-0.1245061263568761
23T-4,500,-0.3218367116914744,mri_2,-0.152599676204363
23T-5,100,-0.3704769242417089,mri_2,-0.1360869593733997
23T-5,150,-0.3900845680162258,mri_2,-0.1396585814994522
23T-5,200,-0.3931551484446443,mri_2,-0.1446914503124758
23T-5,250,-0.394726035661505,mri_2,-0.1447001894558628
23T-5,300,-0.387221370461083,mri_2,-0.1371226854763088
23T-5,350,-0.3942296175312585,mri_2,-0.1386200301746906
23T-5,400,-0.4129606132530964,mri_2,-0.1485486620923437
23T-5,450,-0.3833192686252223,mri_2,-0.1280618290752891
23T-5,50,-0.310340102894875,mri_2,-0.1199000639844882
23T-5,500,-0.4127737171170947,mri_2,-0.1461873795127636
23T-1,100,-0.068103331932765,mri_1,
23T-1,150,-0.0743089607823792,mri_1,
23T-1,200,-0.0684422376256857,mri_1,
23T-1,250,-0.0714368467711163,mri_1,
23T-1,300,-0.065012366348544,mri_1,
23T-1,350,-0.0660362420525381,mri_1,
23T-1,400,-0.0612861797583373,mri_1,
23T-1,450,-0.0566675092578183,mri_1,
23T-1,50,-0.062151881154706,mri_1,
23T-1,500,-0.0706848193922546,mri_1,
23T-1,MRI Width,-0.0637190577821449,mri_1,
23T-2,100,-0.0337548981441084,mri_1,
23T-2,150,-0.0356632068554516,mri_1,
23T-2,200,-0.0369708772677967,mri_1,
23T-2,250,-0.0362151844324161,mri_1,
23T-2,300,-0.0385866489122966,mri_1,
23T-2,350,-0.0370857355842907,mri_1,
23T-2,400,-0.0337957369808384,mri_1,
23T-2,450,-0.0332080172203986,mri_1,
23T-2,50,-0.0318801239428518,mri_1,
23T-2,500,-0.0370057647824039,mri_1,
23T-2,MRI Width,-0.0341121149134975,mri_1,
23T-3,100,-0.070650771229782,mri_1,
23T-3,150,-0.0720210887751824,mri_1,
23T-3,200,-0.0762623444713278,mri_1,
23T-3,250,-0.0764132246777276,mri_1,
23T-3,300,-0.0759812017957517,mri_1,
23T-3,350,-0.0753420917678782,mri_1,
23T-3,400,-0.0791385099016453,mri_1,
23T-3,450,-0.0687214806144051,mri_1,
23T-3,50,-0.0651550097871443,mri_1,
23T-3,500,-0.07348803308962,mri_1,
23T-3,MRI Width,-0.068615285682171,mri_1,
23T-3,100,-0.1265916630289529,mri_2,
23T-3,150,-0.1306497666228647,mri_2,
23T-3,200,-0.1352934398870641,mri_2,
23T-3,250,-0.1350243680542149,mri_2,
23T-3,300,-0.1361414679162416,mri_2,
23T-3,350,-0.1334164602322774,mri_2,
23T-3,400,-0.1378902966809908,mri_2,
23T-3,450,-0.1277127098261275,mri_2,
23T-3,50,-0.1161040689562001,mri_2,
23T-3,500,-0.1337029767643193,mri_2,
23T-3,MRI Width,-0.1228965466746411,mri_2,
23T-4,100,-0.1208353841908813,mri_2,
23T-4,150,-0.1266272446082463,mri_2,
23T-4,200,-0.1289319774217756,mri_2,
23T-4,250,-0.1289167929670618,mri_2,
23T-4,300,-0.1280905241736384,mri_2,
23T-4,350,-0.1303662857070398,mri_2,
23T-4,400,-0.1281233291507382,mri_2,
23T-4,450,-0.1304408973285165,mri_2,
23T-4,50,-0.1104737300992887,mri_2,
23T-4,500,-0.1308809864990425,mri_2,
23T-4,MRI Width,-0.1188267195816777,mri_2,
23T-5,100,-0.1167135555529855,mri_2,
23T-5,150,-0.1205858683051136,mri_2,
23T-5,200,-0.1241548734122899,mri_2,
23T-5,250,-0.1241240895809281,mri_2,
23T-5,300,-0.1185346070479106,mri_2,
23T-5,350,-0.1202720697070052,mri_2,
23T-5,400,-0.128905566695152,mri_2,
23T-5,450,-0.1106525522364633,mri_2,
23T-5,50,-0.1028007267929056,mri_2,
23T-5,500,-0.1275795320201446,mri_2,
23T-5,MRI Width,-0.1080428532103762,mri_2,
23T-1,100,-0.2811985945087936,mri_1,
23T-1,150,-0.2970114545815616,mri_1,
23T-1,200,-0.2977019664614652,mri_1,
23T-1,250,-0.3020404122643778,mri_1,
23T-1,300,-0.3064777650200289,mri_1,
23T-1,350,-0.3128538507292739,mri_1,
23T-1,400,-0.2859791726316118,mri_1,
23T-1,450,-0.2837753765786019,mri_1,
23T-1,50,-0.234198614780428,mri_1,
23T-1,500,-0.3030572145007147,mri_1,
23T-1,MRI Width,-0.2505836305202799,mri_1,
23T-2,100,-0.2564658993592494,mri_1,
23T-2,150,-0.2752003330678741,mri_1,
23T-2,200,-0.2822369235896476,mri_1,
23T-2,250,-0.286428511436462,mri_1,
23T-2,300,-0.2887785843931745,mri_1,
23T-2,350,-0.2944304118183902,mri_1,
23T-2,400,-0.2883321470273419,mri_1,
23T-2,450,-0.2710577832518364,mri_1,
23T-2,50,-0.2170323739387863,mri_1,
23T-2,500,-0.2929624191331993,mri_1,
23T-2,MRI Width,-0.2558832540707493,mri_1,
23T-3,100,-0.3141692748949431,mri_1,
23T-3,150,-0.3291507876791782,mri_1,
23T-3,200,-0.3375668967846892,mri_1,
23T-3,250,-0.3411572966576444,mri_1,
23T-3,300,-0.341040644983802,mri_1,
23T-3,350,-0.339499859494533,mri_1,
23T-3,400,-0.3467496072094833,mri_1,
23T-3,450,-0.3305480986900255,mri_1,
23T-3,50,-0.2698627060731344,mri_1,
23T-3,500,-0.3289617546728754,mri_1,
23T-3,MRI Width,-0.2976013069650494,mri_1,
23T-3,100,-0.39115420325617,mri_2,
23T-3,150,-0.4025279525428036,mri_2,
23T-3,200,-0.4178915281713205,mri_2,
23T-3,250,-0.4085858688399414,mri_2,
23T-3,300,-0.412272250386618,mri_2,
23T-3,350,-0.3990667462103621,mri_2,
23T-3,400,-0.4124816231960134,mri_2,
23T-3,450,-0.3877552658310788,mri_2,
23T-3,50,-0.3440454059477685,mri_2,
23T-3,500,-0.391910135120995,mri_2,
23T-3,MRI Width,-0.3752937583069621,mri_2,
23T-4,100,-0.3547820689600623,mri_2,
23T-4,150,-0.3776677412992361,mri_2,
23T-4,200,-0.3830705766195095,mri_2,
23T-4,250,-0.3778553726197917,mri_2,
23T-4,300,-0.3805983818321865,mri_2,
23T-4,350,-0.3825433312685685,mri_2,
23T-4,400,-0.3732540235943923,mri_2,
23T-4,450,-0.3767240504897722,mri_2,
23T-4,50,-0.3147540834185228,mri_2,
23T-4,500,-0.3804610104896432,mri_2,
23T-4,MRI Width,-0.3440727302479183,mri_2,
23T-5,100,-0.3468823001118733,mri_2,
23T-5,150,-0.3664304848856672,mri_2,
23T-5,200,-0.3687327967425591,mri_2,
23T-5,250,-0.3690364847294605,mri_2,
23T-5,300,-0.3616141645129953,mri_2,
23T-5,350,-0.3664430428111193,mri_2,
23T-5,400,-0.3828460651930881,mri_2,
23T-5,450,-0.3532352546538782,mri_2,
23T-5,50,-0.2896651633546287,mri_2,
23T-5,500,-0.3869044756615847,mri_2,
23T-5,MRI Width,-0.3134947176092357,mri_2,
23T-1,100,-0.3199823018954826,mri_1,-0.0851352255020611
23T-1,150,-0.339418209745507,mri_1,-0.0925277656565372
23T-1,200,-0.3371802515456469,mri_1,-0.0869319852960185
23T-1,250,-0.3421331601131584,mri_1,-0.0906774711673264
23T-1,300,-0.3408788600206312,mri_1,-0.0841954975109944
23T-1,350,-0.3462585344253181,mri_1,-0.0858951417215061
23T-1,400,-0.3154989076382417,mri_1,-0.0796292912044609
23T-1,450,-0.3141736657027619,mri_1,-0.0758115532213686
23T-1,50,-0.2700181578277152,mri_1,-0.0768948149644253
23T-1,500,-0.3425658676223314,mri_1,-0.0928259632646271
23T-2,100,-0.2663190654360661,mri_1,-0.0423508419245536
23T-2,150,-0.2853115921254477,mri_1,-0.0450897646980201
23T-2,200,-0.2930247053016825,mri_1,-0.0466258471273335
23T-2,250,-0.299273482794571,mri_1,-0.0461788171959003
23T-2,300,-0.3023318752522512,mri_1,-0.0485960192400573
23T-2,350,-0.3033620089424284,mri_1,-0.0457358511543283
23T-2,400,-0.2998722006025559,mri_1,-0.042613005231349
23T-2,450,-0.2850505408952493,mri_1,-0.042764834488331
23T-2,50,-0.2245817932570608,mri_1,-0.0395225009993722
23T-2,500,-0.3024857946485371,mri_1,-0.045297282651593
23T-3,100,-0.3390631142888724,mri_1,-0.0899497627971176
23T-3,150,-0.353280304847462,mri_1,-0.0930235488550204
23T-3,200,-0.3697529481784266,mri_1,-0.0977165756596421
23T-3,250,-0.3658926996694249,mri_1,-0.098160719103935
23T-3,300,-0.3697324350868896,mri_1,-0.0977271528909742
23T-3,350,-0.3548305729455484,mri_1,-0.0962483545060319
23T-3,400,-0.3728575319310622,mri_1,-0.0980704008911058
23T-3,450,-0.3456997629352893,mri_1,-0.0906537155831753
23T-3,50,-0.298504857384463,mri_1,-0.083373250195035
23T-3,500,-0.35396110002492,mri_1,-0.0943583833813847
23T-3,100,-0.4215966204022116,mri_2,-0.1432483274285387
23T-3,150,-0.4405735110641445,mri_2,-0.147477725139296
23T-3,200,-0.4548708943417477,mri_2,-0.153052289881969
23T-3,250,-0.4526363002317932,mri_2,-0.1524144879710579
23T-3,300,-0.45762621651246,mri_2,-0.1517322917441555
23T-3,350,-0.4410552614102667,mri_2,-0.1499837544332147
23T-3,400,-0.4564140018049464,mri_2,-0.1550133702664172
23T-3,450,-0.4271576662700524,mri_2,-0.1448564181206189
23T-3,50,-0.3680478450642298,mri_2,-0.1307463021783955
23T-3,500,-0.4394303255173139,mri_2,-0.151479522475662
23T-4,100,-0.3947699796303132,mri_2,-0.1359864177018022
23T-4,150,-0.4227775250138754,mri_2,-0.1419200796017568
23T-4,200,-0.4327626976703743,mri_2,-0.1456061431568771
23T-4,250,-0.4293232828783177,mri_2,-0.1468297250894963
23T-4,300,-0.4251964786931138,mri_2,-0.1438737629874985
23T-4,350,-0.4320602791415026,mri_2,-0.1487366081231076
23T-4,400,-0.4191550863507075,mri_2,-0.1458841429823716
23T-4,450,-0.4213163410029902,mri_2,-0.147704848047931
23T-4,50,-0.3490434074887349,mri_2,-0.1245061263568761
23T-4,500,-0.4306750782717405,mri_2,-0.152599676204363
23T-5,100,-0.3753635315589229,mri_2,-0.1360869593733997
23T-5,150,-0.395879164353096,mri_2,-0.1396585814994522
23T-5,200,-0.3984490665585904,mri_2,-0.1446914503124758
23T-5,250,-0.4015530246517772,mri_2,-0.1447001894558628
23T-5,300,-0.3903830556470148,mri_2,-0.1371226854763088
23T-5,350,-0.3979254185183821,mri_2,-0.1386200301746906
23T-5,400,-0.415738407007525,mri_2,-0.1485486620923437
23T-5,450,-0.3844011761314845,mri_2,-0.1280618290752891
23T-5,50,-0.3134555205964841,mri_2,-0.1199000639844882
23T-5,500,-0.4212536144500164,mri_2,-0.1461873795127636
23U-1,100,-0.3970433974633798,mri_1,
23U-1,150,-0.4099459173033869,mri_1,
23U-1,200,-0.411194687762041,mri_1,
23U-1,250,-0.4074320079897242,mri_1,
23U-1,300,-0.4108084901909355,mri_1,
23U-1,350,-0.4018571991673855,mri_1,
23U-1,400,-0.398810581488103,mri_1,
23U-1,450,-0.4010452651867171,mri_1,
23U-1,50,-0.358060384026489,mri_1,
23U-1,500,-0.4259697132483666,mri_1,
23U-1,MRI Width,-0.3808528671877683,mri_1,
23U-2,100,-0.3880005795982183,mri_1,
23U-2,150,-0.4076367029063675,mri_1,
23U-2,200,-0.4209225610011489,mri_1,
23U-2,250,-0.4098065526870106,mri_1,
23U-2,300,-0.4132861048241601,mri_1,
23U-2,350,-0.4108417107593521,mri_1,
23U-2,400,-0.3993606968002385,mri_1,
23U-2,450,-0.4121636402360206,mri_1,
23U-2,50,-0.3335149206622013,mri_1,
23U-2,500,-0.4287532543542113,mri_1,
23U-2,MRI Width,-0.3632299523839384,mri_1,
23U-3,100,-0.4074741928927237,mri_1,
23U-3,150,-0.4264737414975253,mri_1,
23U-3,200,-0.4306022415679342,mri_1,
23U-3,250,-0.4321860746238821,mri_1,
23U-3,300,-0.4300526213010376,mri_1,
23U-3,350,-0.4201409604331458,mri_1,
23U-3,400,-0.4061235288488135,mri_1,
23U-3,450,-0.4147383887947671,mri_1,
23U-3,50,-0.3628205028497095,mri_1,
23U-3,500,-0.4440142300246121,mri_1,
23U-3,MRI Width,-0.38824553541201,mri_1,
23U-3,100,-0.3843206013728523,mri_2,
23U-3,150,-0.4000343201790182,mri_2,
23U-3,200,-0.4051354020730771,mri_2,
23U-3,250,-0.4052881992901322,mri_2,
23U-3,300,-0.4034554689290675,mri_2,
23U-3,350,-0.395707860761577,mri_2,
23U-3,400,-0.3827684848608326,mri_2,
23U-3,450,-0.3913511884686409,mri_2,
23U-3,50,-0.3453956918416118,mri_2,
23U-3,500,-0.4189439059352425,mri_2,
23U-3,MRI Width,-0.3678819744036147,mri_2,
23U-4,100,-0.3811164522191365,mri_2,
23U-4,150,-0.3955487065245305,mri_2,
23U-4,200,-0.3998182942534451,mri_2,
23U-4,250,-0.3964866107926567,mri_2,
23U-4,300,-0.3961826008796333,mri_2,
23U-4,350,-0.3877428694229088,mri_2,
23U-4,400,-0.3820754552322501,mri_2,
23U-4,450,-0.3878998486899716,mri_2,
23U-4,50,-0.3394799811999716,mri_2,
23U-4,500,-0.4014904875688317,mri_2,
23U-4,MRI Width,-0.360988532168763,mri_2,
23U-5,100,-0.3762350338969588,mri_2,
23U-5,150,-0.391891037379162,mri_2,
23U-5,200,-0.393810781409807,mri_2,
23U-5,250,-0.3952756755131927,mri_2,
23U-5,300,-0.3889661719394639,mri_2,
23U-5,350,-0.3816394643303525,mri_2,
23U-5,400,-0.3776217466319085,mri_2,
23U-5,450,-0.3762456722649877,mri_2,
23U-5,50,-0.3331099020043569,mri_2,
23U-5,500,-0.4096663081324038,mri_2,
23U-5,MRI Width,-0.3553360834050205,mri_2,
23U-1,100,-0.3782693349336731,mri_1,
23U-1,150,-0.3954010584716002,mri_1,
23U-1,200,-0.4073553509632068,mri_1,
23U-1,250,-0.4122240187825414,mri_1,
23U-1,300,-0.4181421334972884,mri_1,
23U-1,350,-0.4220089514931907,mri_1,
23U-1,400,-0.4219831935034722,mri_1,
23U-1,450,-0.421826262009828,mri_1,
23U-1,50,-0.3366568865374701,mri_1,
23U-1,500,-0.4226438270713033,mri_1,
23U-1,MRI Width,-0.3584499006140411,mri_1,
23U-2,100,-0.2673541654020608,mri_1,
23U-2,150,-0.2820885669899901,mri_1,
23U-2,200,-0.2960541198669413,mri_1,
23U-2,250,-0.2930489883409063,mri_1,
23U-2,300,-0.3013676217192798,mri_1,
23U-2,350,-0.2966590232746438,mri_1,
23U-2,400,-0.3022535681483734,mri_1,
23U-2,450,-0.3133468875502146,mri_1,
23U-2,50,-0.2251646170322145,mri_1,
23U-2,500,-0.3198429202934891,mri_1,
23U-2,MRI Width,-0.2471861228517064,mri_1,
23U-3,100,-0.373831642792627,mri_1,
23U-3,150,-0.3980802578788824,mri_1,
23U-3,200,-0.4043177378501454,mri_1,
23U-3,250,-0.4186229447574651,mri_1,
23U-3,300,-0.4171243331353421,mri_1,
23U-3,350,-0.4285073235354382,mri_1,
23U-3,400,-0.4201198365109164,mri_1,
23U-3,450,-0.4312281698207335,mri_1,
23U-3,50,-0.328734912704166,mri_1,
23U-3,500,-0.4230970671237882,mri_1,
23U-3,MRI Width,-0.3543379675917728,mri_1,
23U-3,100,-0.3567304591494283,mri_2,
23U-3,150,-0.3807519131551615,mri_2,
23U-3,200,-0.3873836548436601,mri_2,
23U-3,250,-0.4039169911853871,mri_2,
23U-3,300,-0.4052218136792953,mri_2,
23U-3,350,-0.4140230200124297,mri_2,
23U-3,400,-0.409345092182994,mri_2,
23U-3,450,-0.4148077435411799,mri_2,
23U-3,50,-0.3171813246217229,mri_2,
23U-3,500,-0.4073494808979406,mri_2,
23U-3,MRI Width,-0.3388701122919671,mri_2,
23U-4,100,-0.347980165742034,mri_2,
23U-4,150,-0.364929902582693,mri_2,
23U-4,200,-0.3712195146641512,mri_2,
23U-4,250,-0.3781911022862317,mri_2,
23U-4,300,-0.3789821491573741,mri_2,
23U-4,350,-0.3935837292387805,mri_2,
23U-4,400,-0.3827048756094143,mri_2,
23U-4,450,-0.3908872865822835,mri_2,
23U-4,50,-0.3061855984869957,mri_2,
23U-4,500,-0.3818862256903229,mri_2,
23U-4,MRI Width,-0.3260469860183435,mri_2,
23U-5,100,-0.2853771174095816,mri_2,
23U-5,150,-0.3012948177992068,mri_2,
23U-5,200,-0.3030512386446191,mri_2,
23U-5,250,-0.3084508945627331,mri_2,
23U-5,300,-0.3124226524332045,mri_2,
23U-5,350,-0.3083055969640025,mri_2,
23U-5,400,-0.3050736108050624,mri_2,
23U-5,450,-0.3096087164806525,mri_2,
23U-5,50,-0.2531702005250011,mri_2,
23U-5,500,-0.3262829362600764,mri_2,
23U-5,MRI Width,-0.2688921365717695,mri_2,
23U-1,100,-0.4029470181619047,mri_1,
23U-1,150,-0.4171482392431322,mri_1,
23U-1,200,-0.4190010863759296,mri_1,
23U-1,250,-0.4176972918234897,mri_1,
23U-1,300,-0.4206755438503385,mri_1,
23U-1,350,-0.4120416107492909,mri_1,
23U-1,400,-0.4067311372623153,mri_1,
23U-1,450,-0.4099298018793663,mri_1,
23U-1,50,-0.3619355578553075,mri_1,
23U-1,500,-0.4288521989305363,mri_1,
23U-1,MRI Width,-0.3829759364591259,mri_1,
23U-2,100,-0.3864324179493654,mri_1,
23U-2,150,-0.4068811132689393,mri_1,
23U-2,200,-0.4156205980924738,mri_1,
23U-2,250,-0.4049677769630025,mri_1,
23U-2,300,-0.4092967335530901,mri_1,
23U-2,350,-0.4011601830255593,mri_1,
23U-2,400,-0.3913111965129752,mri_1,
23U-2,450,-0.4020242797876767,mri_1,
23U-2,50,-0.3312556958942573,mri_1,
23U-2,500,-0.4299313844007066,mri_1,
23U-2,MRI Width,-0.3636685437123702,mri_1,
23U-3,100,-0.4015288495888318,mri_1,
23U-3,150,-0.4230458315186744,mri_1,
23U-3,200,-0.4241960924598215,mri_1,
23U-3,250,-0.4229414387658425,mri_1,
23U-3,300,-0.4207269478428276,mri_1,
23U-3,350,-0.4091907981080654,mri_1,
23U-3,400,-0.3999501752889698,mri_1,
23U-3,450,-0.4045549972678015,mri_1,
23U-3,50,-0.3635478947634659,mri_1,
23U-3,500,-0.4406615033920912,mri_1,
23U-3,MRI Width,-0.3862273216745275,mri_1,
23U-3,100,-0.3815788946535249,mri_2,
23U-3,150,-0.3962662293835729,mri_2,
23U-3,200,-0.3970661733279097,mri_2,
23U-3,250,-0.3946139719666062,mri_2,
23U-3,300,-0.389975624986767,mri_2,
23U-3,350,-0.3885895141709693,mri_2,
23U-3,400,-0.3717994691248818,mri_2,
23U-3,450,-0.3814362896843855,mri_2,
23U-3,50,-0.3442655101607469,mri_2,
23U-3,500,-0.4086547497179472,mri_2,
23U-3,MRI Width,-0.3673336620053351,mri_2,
23U-4,100,-0.3721650599700352,mri_2,
23U-4,150,-0.3860548641467713,mri_2,
23U-4,200,-0.3959985498521895,mri_2,
23U-4,250,-0.3921587312712605,mri_2,
23U-4,300,-0.3943049735814207,mri_2,
23U-4,350,-0.3862958902142254,mri_2,
23U-4,400,-0.3833100076662599,mri_2,
23U-4,450,-0.3865950381258571,mri_2,
23U-4,50,-0.3289915967547497,mri_2,
23U-4,500,-0.3986090736923843,mri_2,
23U-4,MRI Width,-0.3505346698870434,mri_2,
23U-5,100,-0.368818409054861,mri_2,
23U-5,150,-0.3839984031545895,mri_2,
23U-5,200,-0.386017082248312,mri_2,
23U-5,250,-0.3846963232991418,mri_2,
23U-5,300,-0.3800938381265658,mri_2,
23U-5,350,-0.3754917251796332,mri_2,
23U-5,400,-0.3689177734831002,mri_2,
23U-5,450,-0.3693942505179668,mri_2,
23U-5,50,-0.3257145549808558,mri_2,
23U-5,500,-0.4004034865433665,mri_2,
23U-5,MRI Width,-0.3464915635779927,mri_2,
23U-1,100,-0.3970433974633798,mri_1,
23U-2,100,-0.3880005795982183,mri_1,
23U-3,100,-0.4074741928927237,mri_1,
23U-3,100,-0.3843206013728523,mri_2,
23U-4,100,-0.3811164522191365,mri_2,
23U-5,100,-0.3762350338969588,mri_2,
23U-1,100,-0.4005976335769794,mri_1,
23U-1,150,-0.4169420323597572,mri_1,
23U-1,200,-0.4152589426904632,mri_1,
23U-1,250,-0.4145250554431363,mri_1,
23U-1,300,-0.4142209278533183,mri_1,
23U-1,350,-0.4060183079129814,mri_1,
23U-1,400,-0.4024962901329269,mri_1,
23U-1,450,-0.4039756380121149,mri_1,
23U-1,50,-0.3615178359930311,mri_1,
23U-1,500,-0.4280808017130945,mri_1,
23U-1,MRI Width,-0.384495892568512,mri_1,
23U-2,100,-0.3840550422155652,mri_1,
23U-2,150,-0.4021032315443711,mri_1,
23U-2,200,-0.4160830617961519,mri_1,
23U-2,250,-0.4038364127313134,mri_1,
23U-2,300,-0.4061387218614926,mri_1,
23U-2,350,-0.4045184360470279,mri_1,
23U-2,400,-0.3907808641842644,mri_1,
23U-2,450,-0.404045803525969,mri_1,
23U-2,50,-0.3245898983482659,mri_1,
23U-2,500,-0.4229788234504992,mri_1,
23U-2,MRI Width,-0.3598495176591722,mri_1,
23U-3,100,-0.395581482246969,mri_1,
23U-3,150,-0.4153092203221525,mri_1,
23U-3,200,-0.4214468519606327,mri_1,
23U-3,250,-0.4200401990263224,mri_1,
23U-3,300,-0.4195198257329521,mri_1,
23U-3,350,-0.4111633969447665,mri_1,
23U-3,400,-0.4019319445924357,mri_1,
23U-3,450,-0.4098046009168787,mri_1,
23U-3,50,-0.3524596462062404,mri_1,
23U-3,500,-0.436139462599961,mri_1,
23U-3,MRI Width,-0.3798245260780699,mri_1,
23U-3,100,-0.3910751074281355,mri_2,
23U-3,150,-0.4051489497868361,mri_2,
23U-3,200,-0.4087631358446991,mri_2,
23U-3,250,-0.4047929544689595,mri_2,
23U-3,300,-0.4013099648067099,mri_2,
23U-3,350,-0.3988964581983651,mri_2,
23U-3,400,-0.3803026100635751,mri_2,
23U-3,450,-0.3903995672532638,mri_2,
23U-3,50,-0.3520345777152361,mri_2,
23U-3,500,-0.4171159949873828,mri_2,
23U-3,MRI Width,-0.3736936519666053,mri_2,
23U-4,100,-0.3735990328281466,mri_2,
23U-4,150,-0.3892327483870207,mri_2,
23U-4,200,-0.3936063902012558,mri_2,
23U-4,250,-0.3907465053131084,mri_2,
23U-4,300,-0.3910566277824432,mri_2,
23U-4,350,-0.3841396359120101,mri_2,
23U-4,400,-0.3775853309772337,mri_2,
23U-4,450,-0.3841144425303168,mri_2,
23U-4,50,-0.3306317438096141,mri_2,
23U-4,500,-0.3976203489499784,mri_2,
23U-4,MRI Width,-0.3544728378480936,mri_2,
23U-5,100,-0.3779985403036874,mri_2,
23U-5,150,-0.3946410216373383,mri_2,
23U-5,200,-0.394492410846593,mri_2,
23U-5,250,-0.3932759360992336,mri_2,
23U-5,300,-0.3893510582307405,mri_2,
23U-5,350,-0.3829263322422857,mri_2,
23U-5,400,-0.3752594372388758,mri_2,
23U-5,450,-0.3754492036225391,mri_2,
23U-5,50,-0.3343259950429401,mri_2,
23U-5,500,-0.4049441003436825,mri_2,
23U-5,MRI Width,-0.3552974880780732,mri_2,
23U-1,100,-0.3970433974633798,mri_1,
23U-1,150,-0.4099459173033869,mri_1,
23U-1,200,-0.411194687762041,mri_1,
23U-1,250,-0.4074320079897242,mri_1,
23U-1,300,-0.4108084901909355,mri_1,
23U-1,350,-0.4018571991673855,mri_1,
23U-1,400,-0.398810581488103,mri_1,
23U-1,450,-0.4010452651867171,mri_1,
23U-1,50,-0.358060384026489,mri_1,
23U-1,500,-0.4259697132483666,mri_1,
23U-1,MRI Width,-0.3808528671877683,mri_1,
23U-2,100,-0.3880005795982183,mri_1,
23U-2,150,-0.4076367029063675,mri_1,
23U-2,200,-0.4209225610011489,mri_1,
23U-2,250,-0.4098065526870106,mri_1,
23U-2,300,-0.4132861048241601,mri_1,
23U-2,350,-0.4108417107593521,mri_1,
23U-2,400,-0.3993606968002385,mri_1,
23U-2,450,-0.4121636402360206,mri_1,
23U-2,50,-0.3335149206622013,mri_1,
23U-2,500,-0.4287532543542113,mri_1,
23U-2,MRI Width,-0.3632299523839384,mri_1,
23U-3,100,-0.4074741928927237,mri_1,
23U-3,150,-0.4264737414975253,mri_1,
23U-3,200,-0.4306022415679342,mri_1,
23U-3,250,-0.4321860746238821,mri_1,
23U-3,300,-0.4300526213010376,mri_1,
23U-3,350,-0.4201409604331458,mri_1,
23U-3,400,-0.4061235288488135,mri_1,
23U-3,450,-0.4147383887947671,mri_1,
23U-3,50,-0.3628205028497095,mri_1,
23U-3,500,-0.4440142300246121,mri_1,
23U-3,MRI Width,-0.38824553541201,mri_1,
23U-3,100,-0.3843206013728523,mri_2,
23U-3,150,-0.4000343201790182,mri_2,
23U-3,200,-0.4051354020730771,mri_2,
23U-3,250,-0.4052881992901322,mri_2,
23U-3,300,-0.4034554689290675,mri_2,
23U-3,350,-0.395707860761577,mri_2,
23U-3,400,-0.3827684848608326,mri_2,
23U-3,450,-0.3913511884686409,mri_2,
23U-3,50,-0.3453956918416118,mri_2,
23U-3,500,-0.4189439059352425,mri_2,
23U-3,MRI Width,-0.3678819744036147,mri_2,
23U-4,100,-0.3811164522191365,mri_2,
23U-4,150,-0.3955487065245305,mri_2,
23U-4,200,-0.3998182942534451,mri_2,
23U-4,250,-0.3964866107926567,mri_2,
23U-4,300,-0.3961826008796333,mri_2,
23U-4,350,-0.3877428694229088,mri_2,
23U-4,400,-0.3820754552322501,mri_2,
23U-4,450,-0.3878998486899716,mri_2,
23U-4,50,-0.3394799811999716,mri_2,
23U-4,500,-0.4014904875688317,mri_2,
23U-4,MRI Width,-0.360988532168763,mri_2,
23U-5,100,-0.3762350338969588,mri_2,
23U-5,150,-0.391891037379162,mri_2,
23U-5,200,-0.393810781409807,mri_2,
23U-5,250,-0.3952756755131927,mri_2,
23U-5,300,-0.3889661719394639,mri_2,
23U-5,350,-0.3816394643303525,mri_2,
23U-5,400,-0.3776217466319085,mri_2,
23U-5,450,-0.3762456722649877,mri_2,
23U-5,50,-0.3331099020043569,mri_2,
23U-5,500,-0.4096663081324038,mri_2,
23U-5,MRI Width,-0.3553360834050205,mri_2,
23U-1,100,-0.3782693349336731,mri_1,
23U-1,150,-0.3954010584716002,mri_1,
23U-1,200,-0.4073553509632068,mri_1,
23U-1,250,-0.4122240187825414,mri_1,
23U-1,300,-0.4181421334972884,mri_1,
23U-1,350,-0.4220089514931907,mri_1,
23U-1,400,-0.4219831935034722,mri_1,
23U-1,450,-0.421826262009828,mri_1,
23U-1,50,-0.3366568865374701,mri_1,
23U-1,500,-0.4226438270713033,mri_1,
23U-1,MRI Width,-0.3584499006140411,mri_1,
23U-2,100,-0.3588731899887547,mri_1,
23U-2,150,-0.3841103276780614,mri_1,
23U-2,200,-0.3964373399996717,mri_1,
23U-2,250,-0.4063255810351706,mri_1,
23U-2,300,-0.4094456179877672,mri_1,
23U-2,350,-0.4151842309533471,mri_1,
23U-2,400,-0.4035083272612605,mri_1,
23U-2,450,-0.4189710099185427,mri_1,
23U-2,50,-0.3004860157997037,mri_1,
23U-2,500,-0.4212994604837197,mri_1,
23U-2,MRI Width,-0.3340952276780134,mri_1,
23U-3,100,-0.1248260284810531,mri_1,
23U-3,150,-0.1307888838916593,mri_1,
23U-3,200,-0.1335996514950556,mri_1,
23U-3,250,-0.1378863933110476,mri_1,
23U-3,300,-0.135284937913154,mri_1,
23U-3,350,-0.1433762793366193,mri_1,
23U-3,400,-0.1340113315217674,mri_1,
23U-3,450,-0.1415036768453703,mri_1,
23U-3,50,-0.1105018675602224,mri_1,
23U-3,500,-0.1484413250225905,mri_1,
23U-3,MRI Width,-0.1185160339870761,mri_1,
23U-3,100,-0.3567304591494283,mri_2,
23U-3,150,-0.3807519131551615,mri_2,
23U-3,200,-0.3873836548436601,mri_2,
23U-3,250,-0.4039169911853871,mri_2,
23U-3,300,-0.4052218136792953,mri_2,
23U-3,350,-0.4140230200124297,mri_2,
23U-3,400,-0.409345092182994,mri_2,
23U-3,450,-0.4148077435411799,mri_2,
23U-3,50,-0.3171813246217229,mri_2,
23U-3,500,-0.4073494808979406,mri_2,
23U-3,MRI Width,-0.3388701122919671,mri_2,
23U-4,100,-0.3574974034534861,mri_2,
23U-4,150,-0.3785276511221275,mri_2,
23U-4,200,-0.3916076095056295,mri_2,
23U-4,250,-0.4019720610479783,mri_2,
23U-4,300,-0.4116001503121903,mri_2,
23U-4,350,-0.4124671289954979,mri_2,
23U-4,400,-0.4145833041890409,mri_2,
23U-4,450,-0.419734276714799,mri_2,
23U-4,50,-0.3124864556301628,mri_2,
23U-4,500,-0.4090997014956936,mri_2,
23U-4,MRI Width,-0.3325809144569721,mri_2,
23U-5,100,-0.3457762902513229,mri_2,
23U-5,150,-0.3668465467260096,mri_2,
23U-5,200,-0.3740054367176452,mri_2,
23U-5,250,-0.3858675044713184,mri_2,
23U-5,300,-0.3868991889374146,mri_2,
23U-5,350,-0.3892701897988929,mri_2,
23U-5,400,-0.3960630885746821,mri_2,
23U-5,450,-0.3967042517464888,mri_2,
23U-5,50,-0.3040042184224982,mri_2,
23U-5,500,-0.3958742138950971,mri_2,
23U-5,MRI Width,-0.3230277215400408,mri_2,
23U-1,100,-0.3970433974633798,mri_1,
23U-1,150,-0.4099459173033869,mri_1,
23U-1,200,-0.411194687762041,mri_1,
23U-1,250,-0.4074320079897242,mri_1,
23U-1,300,-0.4108084901909355,mri_1,
23U-1,350,-0.4018571991673855,mri_1,
23U-1,400,-0.398810581488103,mri_1,
23U-1,450,-0.4010452651867171,mri_1,
23U-1,50,-0.358060384026489,mri_1,
23U-1,500,-0.4259697132483666,mri_1,
23U-1,MRI Width,-0.3808528671877683,mri_1,
23U-2,100,-0.3880005795982183,mri_1,
23U-2,150,-0.4076367029063675,mri_1,
23U-2,200,-0.4209225610011489,mri_1,
23U-2,250,-0.4098065526870106,mri_1,
23U-2,300,-0.4132861048241601,mri_1,
23U-2,350,-0.4108417107593521,mri_1,
23U-2,400,-0.3993606968002385,mri_1,
23U-2,450,-0.4121636402360206,mri_1,
23U-2,50,-0.3335149206622013,mri_1,
23U-2,500,-0.4287532543542113,mri_1,
23U-2,MRI Width,-0.3632299523839384,mri_1,
23U-3,100,-0.4074741928927237,mri_1,
23U-3,150,-0.4264737414975253,mri_1,
23U-3,200,-0.4306022415679342,mri_1,
23U-3,250,-0.4321860746238821,mri_1,
23U-3,300,-0.4300526213010376,mri_1,
23U-3,350,-0.4201409604331458,mri_1,
23U-3,400,-0.4061235288488135,mri_1,
23U-3,450,-0.4147383887947671,mri_1,
23U-3,50,-0.3628205028497095,mri_1,
23U-3,500,-0.4440142300246121,mri_1,
23U-3,MRI Width,-0.38824553541201,mri_1,
23U-3,100,-0.3843206013728523,mri_2,
23U-3,150,-0.4000343201790182,mri_2,
23U-3,200,-0.4051354020730771,mri_2,
23U-3,250,-0.4052881992901322,mri_2,
23U-3,300,-0.4034554689290675,mri_2,
23U-3,350,-0.395707860761577,mri_2,
23U-3,400,-0.3827684848608326,mri_2,
23U-3,450,-0.3913511884686409,mri_2,
23U-3,50,-0.3453956918416118,mri_2,
23U-3,500,-0.4189439059352425,mri_2,
23U-3,MRI Width,-0.3678819744036147,mri_2,
23U-4,100,-0.3811164522191365,mri_2,
23U-4,150,-0.3955487065245305,mri_2,
23U-4,200,-0.3998182942534451,mri_2,
23U-4,250,-0.3964866107926567,mri_2,
23U-4,300,-0.3961826008796333,mri_2,
23U-4,350,-0.3877428694229088,mri_2,
23U-4,400,-0.3820754552322501,mri_2,
23U-4,450,-0.3878998486899716,mri_2,
23U-4,50,-0.3394799811999716,mri_2,
23U-4,500,-0.4014904875688317,mri_2,
23U-4,MRI Width,-0.360988532168763,mri_2,
23U-5,100,-0.3762350338969588,mri_2,
23U-5,150,-0.391891037379162,mri_2,
23U-5,200,-0.393810781409807,mri_2,
23U-5,250,-0.3952756755131927,mri_2,
23U-5,300,-0.3889661719394639,mri_2,
23U-5,350,-0.3816394643303525,mri_2,
23U-5,400,-0.3776217466319085,mri_2,
23U-5,450,-0.3762456722649877,mri_2,
23U-5,50,-0.3331099020043569,mri_2,
23U-5,500,-0.4096663081324038,mri_2,
23U-5,MRI Width,-0.3553360834050205,mri_2,
23U-1,100,-0.4013201158190491,mri_1,-0.1180032234686387
23U-1,150,-0.4166136748294942,mri_1,-0.120184757519529
23U-1,200,-0.4182219879534209,mri_1,-0.1184181154612168
23U-1,250,-0.4141519072783219,mri_1,-0.1200163062751627
23U-1,300,-0.4176130143337501,mri_1,-0.1173652069534645
23U-1,350,-0.4088076385877334,mri_1,-0.1154704447871762
23U-1,400,-0.4053344682475238,mri_1,-0.1142668771242698
23U-1,450,-0.4098381438119956,mri_1,-0.1126390723997135
23U-1,50,-0.35884076241336,mri_1,-0.1108785267000075
23U-1,500,-0.4345105357384156,mri_1,-0.1259232632938988
23U-2,100,-0.3900555717864394,mri_1,-0.1017484083484527
23U-2,150,-0.4094082705766719,mri_1,-0.1087785786806724
23U-2,200,-0.4156811848636349,mri_1,-0.1065534018052026
23U-2,250,-0.4055067439159585,mri_1,-0.1066629188039613
23U-2,300,-0.4091716424934583,mri_1,-0.1062065400061494
23U-2,350,-0.403266981209829,mri_1,-0.106488435072213
23U-2,400,-0.3971867620434132,mri_1,-0.105988913710141
23U-2,450,-0.4087300848715532,mri_1,-0.1031630831275121
23U-2,50,-0.3284449242506114,mri_1,-0.0915159958324479
23U-2,500,-0.4343517269957517,mri_1,-0.1109973849186121
23U-3,100,-0.3981230473846415,mri_1,-0.1482328659072151
23U-3,150,-0.4103898263339243,mri_1,-0.1560732312845588
23U-3,200,-0.4155786271239691,mri_1,-0.1530766980868829
23U-3,250,-0.4105148570782069,mri_1,-0.1556201743605588
23U-3,300,-0.4118324328643289,mri_1,-0.153665784275805
23U-3,350,-0.4090540807719044,mri_1,-0.1593656287638517
23U-3,400,-0.3974055723499984,mri_1,-0.1475037881697172
23U-3,450,-0.4057153194335366,mri_1,-0.152804860396366
23U-3,50,-0.3505458607741303,mri_1,-0.1362803256032687
23U-3,500,-0.4259388650358625,mri_1,-0.1633399648682129
23U-3,100,-0.3926426678392414,mri_2,-0.1487714872380139
23U-3,150,-0.4066103211182484,mri_2,-0.1589221341553759
23U-3,200,-0.4096394506236406,mri_2,-0.1546258942970663
23U-3,250,-0.4047869570129811,mri_2,-0.1570985177703806
23U-3,300,-0.4036309692964154,mri_2,-0.1575749677410538
23U-3,350,-0.3998051795846606,mri_2,-0.1604705127689392
23U-3,400,-0.3881916631853984,mri_2,-0.1503268906196624
23U-3,450,-0.3947672407272432,mri_2,-0.157029338752263
23U-3,50,-0.3506659651900368,mri_2,-0.1376240296813115
23U-3,500,-0.4202732690491808,mri_2,-0.1653437399110672
23U-4,100,-0.3940223604677882,mri_2,-0.1382963679480142
23U-4,150,-0.406509394254884,mri_2,-0.1453699214631741
23U-4,200,-0.4110406109737836,mri_2,-0.1433308960184435
23U-4,250,-0.4056313888934733,mri_2,-0.1485380232083563
23U-4,300,-0.4079245535695051,mri_2,-0.1448361433013389
23U-4,350,-0.3984567670673112,mri_2,-0.1423282338367855
23U-4,400,-0.3954750548612133,mri_2,-0.1375340826290626
23U-4,450,-0.4005157469487361,mri_2,-0.1420556027108306
23U-4,50,-0.3469626612544637,mri_2,-0.1237861840919445
23U-4,500,-0.4175869452282704,mri_2,-0.151498768962118
23U-5,100,-0.3864064594570795,mri_2,-0.149299063119797
23U-5,150,-0.4004009621321948,mri_2,-0.159344826148067
23U-5,200,-0.4024191630015633,mri_2,-0.1553305551180203
23U-5,250,-0.3980478965197758,mri_2,-0.1581961372772356
23U-5,300,-0.3984136532338939,mri_2,-0.1545392383482488
23U-5,350,-0.3891567864915619,mri_2,-0.1548924282290265
23U-5,400,-0.3881675426476211,mri_2,-0.1471763813521638
23U-5,450,-0.388545540508947,mri_2,-0.1494813237237066
23U-5,50,-0.3392912124723645,mri_2,-0.131988417253904
23U-5,500,-0.4133574074708522,mri_2,-0.1679094700731659
23U-1,100,-0.1141499671892034,mri_1,
23U-1,150,-0.1155875764170328,mri_1,
23U-1,200,-0.1140319672611084,mri_1,
23U-1,250,-0.115418021686247,mri_1,
23U-1,300,-0.1138459278239061,mri_1,
23U-1,350,-0.1124617376524055,mri_1,
23U-1,400,-0.1113859597679692,mri_1,
23U-1,450,-0.1099494221214398,mri_1,
23U-1,50,-0.1066805483393702,mri_1,
23U-1,500,-0.1218824625222816,mri_1,
23U-1,MRI Width,-0.1122880114217503,mri_1,
23U-2,100,-0.0985606315646617,mri_1,
23U-2,150,-0.1043235725084024,mri_1,
23U-2,200,-0.1020402632099363,mri_1,
23U-2,250,-0.1013980566864205,mri_1,
23U-2,300,-0.1021085856575331,mri_1,
23U-2,350,-0.1024871965308363,mri_1,
23U-2,400,-0.101766196686923,mri_1,
23U-2,450,-0.099989724783195,mri_1,
23U-2,50,-0.0881286861407752,mri_1,
23U-2,500,-0.1050019152193508,mri_1,
23U-2,MRI Width,-0.0932090977942057,mri_1,
23U-3,100,-0.1441966192373565,mri_1,
23U-3,150,-0.1511142116942318,mri_1,
23U-3,200,-0.1487306289089462,mri_1,
23U-3,250,-0.1510420846646882,mri_1,
23U-3,300,-0.1494993413973106,mri_1,
23U-3,350,-0.1546972651698805,mri_1,
23U-3,400,-0.1431204266563852,mri_1,
23U-3,450,-0.1482089121778592,mri_1,
23U-3,50,-0.1323204031315465,mri_1,
23U-3,500,-0.1568464185162491,mri_1,
23U-3,MRI Width,-0.1383305094954171,mri_1,
23U-3,100,-0.1440128310937532,mri_2,
23U-3,150,-0.1534690028705019,mri_2,
23U-3,200,-0.1491814212908839,mri_2,
23U-3,250,-0.1517424744921878,mri_2,
23U-3,300,-0.1523429822277104,mri_2,
23U-3,350,-0.1547164628380626,mri_2,
23U-3,400,-0.1452773635937898,mri_2,
23U-3,450,-0.151145733296996,mri_2,
23U-3,50,-0.1325684846890118,mri_2,
23U-3,500,-0.1591944384352236,mri_2,
23U-3,MRI Width,-0.1388292788560674,mri_2,
23U-4,100,-0.1332347596712071,mri_2,
23U-4,150,-0.1401519931717158,mri_2,
23U-4,200,-0.1375608685373816,mri_2,
23U-4,250,-0.1429706373311203,mri_2,
23U-4,300,-0.1409311169965407,mri_2,
23U-4,350,-0.136999585206192,mri_2,
23U-4,400,-0.1333714260127763,mri_2,
23U-4,450,-0.1370729508093384,mri_2,
23U-4,50,-0.1191882112730064,mri_2,
23U-4,500,-0.1457855721571193,mri_2,
23U-4,MRI Width,-0.1261944843669658,mri_2,
23U-5,100,-0.1448628057713617,mri_2,
23U-5,150,-0.1545562091090052,mri_2,
23U-5,200,-0.150170861819589,mri_2,
23U-5,250,-0.1530839166440628,mri_2,
23U-5,300,-0.1510011505650121,mri_2,
23U-5,350,-0.1505901672672578,mri_2,
23U-5,400,-0.1433759282106042,mri_2,
23U-5,450,-0.1443628260846512,mri_2,
23U-5,50,-0.1275199824702232,mri_2,
23U-5,500,-0.1633660421207503,mri_2,
23U-5,MRI Width,-0.1354526183978724,mri_2,
23U-1,100,-0.4007496114143199,mri_1,
23U-1,150,-0.41477356343202,mri_1,
23U-1,200,-0.4140504781970199,mri_1,
23U-1,250,-0.4120316766152722,mri_1,
23U-1,300,-0.4135613731204074,mri_1,
23U-1,350,-0.4042728537889095,mri_1,
23U-1,400,-0.3999591593144423,mri_1,
23U-1,450,-0.4024523107506434,mri_1,
23U-1,50,-0.3619676786284624,mri_1,
23U-1,500,-0.4273212406519003,mri_1,
23U-1,MRI Width,-0.3850233826100861,mri_1,
23U-2,100,-0.3892283341499967,mri_1,
23U-2,150,-0.4087014620915286,mri_1,
23U-2,200,-0.4173016658124343,mri_1,
23U-2,250,-0.4042662502423143,mri_1,
23U-2,300,-0.4095341974816772,mri_1,
23U-2,350,-0.4043527673185102,mri_1,
23U-2,400,-0.391377089736322,mri_1,
23U-2,450,-0.4064968242687551,mri_1,
23U-2,50,-0.3376286637364899,mri_1,
23U-2,500,-0.4305632229837746,mri_1,
23U-2,MRI Width,-0.3666992919967158,mri_1,
23U-3,100,-0.404340056598518,mri_1,
23U-3,150,-0.4203568384531302,mri_1,
23U-3,200,-0.4216916364671779,mri_1,
23U-3,250,-0.4159015030710083,mri_1,
23U-3,300,-0.41423349932924,mri_1,
23U-3,350,-0.4083376992034562,mri_1,
23U-3,400,-0.395796189363001,mri_1,
23U-3,450,-0.3993893479526003,mri_1,
23U-3,50,-0.3597171418621147,mri_1,
23U-3,500,-0.4353749309192046,mri_1,
23U-3,MRI Width,-0.385857025131587,mri_1,
23U-3,100,-0.392097561973964,mri_2,
23U-3,150,-0.4074494400437825,mri_2,
23U-3,200,-0.412675089525197,mri_2,
23U-3,250,-0.4101811767629982,mri_2,
23U-3,300,-0.4038359860871149,mri_2,
23U-3,350,-0.4020120509866772,mri_2,
23U-3,400,-0.384280862562479,mri_2,
23U-3,450,-0.3932688247367658,mri_2,
23U-3,50,-0.3522433576368118,mri_2,
23U-3,500,-0.4196952834709175,mri_2,
23U-3,MRI Width,-0.3766449051384896,mri_2,
23U-4,100,-0.3771151500706428,mri_2,
23U-4,150,-0.3901406531976348,mri_2,
23U-4,200,-0.392488625461833,mri_2,
23U-4,250,-0.3897483457979538,mri_2,
23U-4,300,-0.3892662938905005,mri_2,
23U-4,350,-0.3841138546249429,mri_2,
23U-4,400,-0.3724853854831041,mri_2,
23U-4,450,-0.382791039695161,mri_2,
23U-4,50,-0.3363065723424595,mri_2,
23U-4,500,-0.3953050169874899,mri_2,
23U-4,MRI Width,-0.3580416283747362,mri_2,
23U-5,100,-0.3632348370554914,mri_2,
23U-5,150,-0.3783383926058321,mri_2,
23U-5,200,-0.3788389037192066,mri_2,
23U-5,250,-0.3773465885492129,mri_2,
23U-5,300,-0.3723758657710565,mri_2,
23U-5,350,-0.369843667649994,mri_2,
23U-5,400,-0.3616488431861626,mri_2,
23U-5,450,-0.3620451210110829,mri_2,
23U-5,50,-0.3239130044216733,mri_2,
23U-5,500,-0.3909432703544713,mri_2,
23U-5,MRI Width,-0.3433954475674471,mri_2,
23U-1,100,-0.4108356832515854,mri_1,-0.1180032234686387
23U-1,150,-0.4282899436161123,mri_1,-0.120184757519529
23U-1,200,-0.4291832657757241,mri_1,-0.1184181154612168
23U-1,250,-0.4297518055147312,mri_1,-0.1200163062751627
23U-1,300,-0.4304806908899421,mri_1,-0.1173652069534645
23U-1,350,-0.420919753124472,mri_1,-0.1154704447871762
23U-1,400,-0.4168059910731255,mri_1,-0.1142668771242698
23U-1,450,-0.4164012168147735,mri_1,-0.1126390723997135
23U-1,50,-0.3707341907731911,mri_1,-0.1108785267000075
23U-1,500,-0.446224588557739,mri_1,-0.1259232632938988
23U-2,100,-0.402362965623988,mri_1,-0.1017484083484527
23U-2,150,-0.4243774865223232,mri_1,-0.1087785786806724
23U-2,200,-0.4379777997032319,mri_1,-0.1065534018052026
23U-2,250,-0.4279013419588933,mri_1,-0.1066629188039613
23U-2,300,-0.4311264762299089,mri_1,-0.1062065400061494
23U-2,350,-0.423703155995823,mri_1,-0.106488435072213
23U-2,400,-0.4178848819301697,mri_1,-0.105988913710141
23U-2,450,-0.4198458633370448,mri_1,-0.1031630831275121
23U-2,50,-0.3419712568118119,mri_1,-0.0915159958324479
23U-2,500,-0.447651397122799,mri_1,-0.1109973849186121
23U-3,100,-0.4180190545934365,mri_1,-0.1482328659072151
23U-3,150,-0.4390819997170865,mri_1,-0.1560732312845588
23U-3,200,-0.4423088343450605,mri_1,-0.1530766980868829
23U-3,250,-0.4383772680589797,mri_1,-0.1556201743605588
23U-3,300,-0.4383138775740489,mri_1,-0.153665784275805
23U-3,350,-0.430505844909316,mri_1,-0.1593656287638517
23U-3,400,-0.4157093561537361,mri_1,-0.1475037881697172
23U-3,450,-0.4213406187961206,mri_1,-0.152804860396366
23U-3,50,-0.3716581513713837,mri_1,-0.1362803256032687
23U-3,500,-0.453328918242916,mri_1,-0.1633399648682129
23U-3,100,-0.4014455614412375,mri_2,-0.1487714872380139
23U-3,150,-0.417700697140877,mri_2,-0.1589221341553759
23U-3,200,-0.4243804559599679,mri_2,-0.1546258942970663
23U-3,250,-0.4238415248998083,mri_2,-0.1570985177703806
23U-3,300,-0.4189899663696358,mri_2,-0.1575749677410538
23U-3,350,-0.4127439434869504,mri_2,-0.1604705127689392
23U-3,400,-0.398481198352373,mri_2,-0.1503268906196624
23U-3,450,-0.4090726691725182,mri_2,-0.157029338752263
23U-3,50,-0.3566008965865574,mri_2,-0.1376240296813115
23U-3,500,-0.4344777149945527,mri_2,-0.1653437399110672
23U-4,100,-0.3939392751681917,mri_2,-0.1382963679480142
23U-4,150,-0.4085359697126685,mri_2,-0.1453699214631741
23U-4,200,-0.412690658038687,mri_2,-0.1433308960184435
23U-4,250,-0.4133881367951668,mri_2,-0.1485380232083563
23U-4,300,-0.4120795565516215,mri_2,-0.1448361433013389
23U-4,350,-0.407675312158731,mri_2,-0.1423282338367855
23U-4,400,-0.3983332142179529,mri_2,-0.1375340826290626
23U-4,450,-0.4089374113641918,mri_2,-0.1420556027108306
23U-4,50,-0.3466761448745367,mri_2,-0.1237861840919445
23U-4,500,-0.4173844682691848,mri_2,-0.151498768962118
23U-5,100,-0.3846398035175494,mri_2,-0.149299063119797
23U-5,150,-0.4002208789860162,mri_2,-0.159344826148067
23U-5,200,-0.403101523080157,mri_2,-0.1553305551180203
23U-5,250,-0.4012689179782261,mri_2,-0.1581961372772356
23U-5,300,-0.4004140306816411,mri_2,-0.1545392383482488
23U-5,350,-0.393039524397118,mri_2,-0.1548924282290265
23U-5,400,-0.385339402871096,mri_2,-0.1471763813521638
23U-5,450,-0.3869686713373614,mri_2,-0.1494813237237066
23U-5,50,-0.342602074006458,mri_2,-0.131988417253904
23U-5,500,-0.4178597246665337,mri_2,-0.1679094700731659
23W-1,100,-0.2908934800300425,mri_1,
23W-1,150,-0.3247170749389831,mri_1,
23W-1,200,-0.349210616676935,mri_1,
23W-1,250,-0.3565033576245879,mri_1,
23W-1,300,-0.3486966476038319,mri_1,
23W-1,350,-0.3699782615914637,mri_1,
23W-1,400,-0.3531561118368693,mri_1,
23W-1,450,-0.3527933481901117,mri_1,
23W-1,50,-0.2336760955259295,mri_1,
23W-1,500,-0.3888997390792496,mri_1,
23W-1,MRI Width,-0.2613538361024133,mri_1,
23W-2,100,-0.2897426272301627,mri_1,
23W-2,150,-0.3145674515715264,mri_1,
23W-2,200,-0.3219272499361635,mri_1,
23W-2,250,-0.3460490638619811,mri_1,
23W-2,300,-0.3277941640479253,mri_1,
23W-2,350,-0.337809832902549,mri_1,
23W-2,400,-0.351514826767208,mri_1,
23W-2,450,-0.3634223587296732,mri_1,
23W-2,50,-0.2369013609697331,mri_1,
23W-2,500,-0.3570166589117429,mri_1,
23W-2,MRI Width,-0.2656810691086728,mri_1,
23W-3,100,-0.3068419894423079,mri_1,
23W-3,150,-0.3303045147384289,mri_1,
23W-3,200,-0.3385348468513618,mri_1,
23W-3,250,-0.3342125349430339,mri_1,
23W-3,300,-0.3575011258826763,mri_1,
23W-3,350,-0.3568961196473892,mri_1,
23W-3,400,-0.3554232890920268,mri_1,
23W-3,450,-0.3700778776299485,mri_1,
23W-3,50,-0.2453606049019855,mri_1,
23W-3,500,-0.347880524884804,mri_1,
23W-3,MRI Width,-0.2672548202183348,mri_1,
23W-3,100,-0.3097210491552496,mri_2,
23W-3,150,-0.3346113544229535,mri_2,
23W-3,200,-0.3442857192088205,mri_2,
23W-3,250,-0.3375498588611069,mri_2,
23W-3,300,-0.3634693182325857,mri_2,
23W-3,350,-0.364012481111326,mri_2,
23W-3,400,-0.3581748500183855,mri_2,
23W-3,450,-0.3690667082604007,mri_2,
23W-3,50,-0.246400888281597,mri_2,
23W-3,500,-0.3501024404348283,mri_2,
23W-3,MRI Width,-0.2690438859402157,mri_2,
23W-4,100,-0.3122144164438035,mri_2,
23W-4,150,-0.3397650372255649,mri_2,
23W-4,200,-0.3551755087611418,mri_2,
23W-4,250,-0.3554640239394707,mri_2,
23W-4,300,-0.3638958809602833,mri_2,
23W-4,350,-0.3522701623618618,mri_2,
23W-4,400,-0.3539620750167759,mri_2,
23W-4,450,-0.3629351630725129,mri_2,
23W-4,50,-0.2647518126435862,mri_2,
23W-4,500,-0.3764383778360428,mri_2,
23W-4,MRI Width,-0.2802526354708385,mri_2,
23W-5,100,-0.293350594696368,mri_2,
23W-5,150,-0.3193348481171844,mri_2,
23W-5,200,-0.3388045420656609,mri_2,
23W-5,250,-0.3397778444627495,mri_2,
23W-5,300,-0.345114720040423,mri_2,
23W-5,350,-0.3501663498016733,mri_2,
23W-5,400,-0.3628005002326522,mri_2,
23W-5,450,-0.3486316482216341,mri_2,
23W-5,50,-0.2494022457927033,mri_2,
23W-5,500,-0.3589753011384903,mri_2,
23W-5,MRI Width,-0.2841810547742868,mri_2,
23W-1,100,-0.2705137749225291,mri_1,
23W-1,150,-0.3004845625867718,mri_1,
23W-1,200,-0.3253713266880599,mri_1,
23W-1,250,-0.3303705545837704,mri_1,
23W-1,300,-0.3295002141341244,mri_1,
23W-1,350,-0.3478348702635659,mri_1,
23W-1,400,-0.3352764513099108,mri_1,
23W-1,450,-0.3356205989700038,mri_1,
23W-1,50,-0.2184723225363893,mri_1,
23W-1,500,-0.3687254390510185,mri_1,
23W-1,MRI Width,-0.2444200554484152,mri_1,
23W-2,100,-0.2161405751237314,mri_1,
23W-2,150,-0.233515095605145,mri_1,
23W-2,200,-0.2427249746747556,mri_1,
23W-2,250,-0.2591602273718231,mri_1,
23W-2,300,-0.2552982615376102,mri_1,
23W-2,350,-0.263019499465352,mri_1,
23W-2,400,-0.2669036209699723,mri_1,
23W-2,450,-0.2806789695045892,mri_1,
23W-2,50,-0.1780991538731886,mri_1,
23W-2,500,-0.2722127314011339,mri_1,
23W-2,MRI Width,-0.1961855505828783,mri_1,
23W-3,100,-0.2907023695858587,mri_1,
23W-3,150,-0.3085114180017273,mri_1,
23W-3,200,-0.321063823902627,mri_1,
23W-3,250,-0.3501781724856874,mri_1,
23W-3,300,-0.346448814182191,mri_1,
23W-3,350,-0.3456431794570868,mri_1,
23W-3,400,-0.3520794778738572,mri_1,
23W-3,450,-0.3560532104495545,mri_1,
23W-3,50,-0.2256057745878843,mri_1,
23W-3,500,-0.3639439203587251,mri_1,
23W-3,MRI Width,-0.2460825917789121,mri_1,
23W-3,100,-0.2825414304550034,mri_2,
23W-3,150,-0.3004819717870499,mri_2,
23W-3,200,-0.3154453450921875,mri_2,
23W-3,250,-0.3419347860887295,mri_2,
23W-3,300,-0.3375992952803533,mri_2,
23W-3,350,-0.3392579333982714,mri_2,
23W-3,400,-0.3452364059767303,mri_2,
23W-3,450,-0.346815075717399,mri_2,
23W-3,50,-0.2196545667848557,mri_2,
23W-3,500,-0.3554427576208233,mri_2,
23W-3,MRI Width,-0.239589092064538,mri_2,
23W-4,100,-0.1180065914503904,mri_2,
23W-4,150,-0.1308690043466785,mri_2,
23W-4,200,-0.1412517813810538,mri_2,
23W-4,250,-0.1448907003439951,mri_2,
23W-4,300,-0.1536585350741526,mri_2,
23W-4,350,-0.1589061767711026,mri_2,
23W-4,400,-0.1627085448818927,mri_2,
23W-4,450,-0.1717510352900351,mri_2,
23W-4,50,-0.0998322876648374,mri_2,
23W-4,500,-0.1681283669015959,mri_2,
23W-4,MRI Width,-0.1059284924949212,mri_2,
23W-5,100,-0.2457720389442397,mri_2,
23W-5,150,-0.2804941960188239,mri_2,
23W-5,200,-0.288924491955329,mri_2,
23W-5,250,-0.309200200677832,mri_2,
23W-5,300,-0.3181631271993537,mri_2,
23W-5,350,-0.3173983975762055,mri_2,
23W-5,400,-0.3301168841980632,mri_2,
23W-5,450,-0.3348305222174402,mri_2,
23W-5,50,-0.1989054767662756,mri_2,
23W-5,500,-0.3403282448188593,mri_2,
23W-5,MRI Width,-0.231214488131648,mri_2,
23W-1,100,-0.2878932740428949,mri_1,
23W-1,150,-0.3219099925160797,mri_1,
23W-1,200,-0.3471237198474106,mri_1,
23W-1,250,-0.3555555034601523,mri_1,
23W-1,300,-0.3507060691362281,mri_1,
23W-1,350,-0.3691856849844248,mri_1,
23W-1,400,-0.3557798091539834,mri_1,
23W-1,450,-0.3557497003804249,mri_1,
23W-1,50,-0.2324316720035797,mri_1,
23W-1,500,-0.3855495727194223,mri_1,
23W-1,MRI Width,-0.259224863686924,mri_1,
23W-2,100,-0.2866353179330673,mri_1,
23W-2,150,-0.3105948771260732,mri_1,
23W-2,200,-0.3177162658824147,mri_1,
23W-2,250,-0.3405939456959179,mri_1,
23W-2,300,-0.3240878454804911,mri_1,
23W-2,350,-0.3331565818606558,mri_1,
23W-2,400,-0.3458129332545516,mri_1,
23W-2,450,-0.353392633359825,mri_1,
23W-2,50,-0.2322284655074486,mri_1,
23W-2,500,-0.3489282750962362,mri_1,
23W-2,MRI Width,-0.2638655657127258,mri_1,
23W-3,100,-0.3161197113399819,mri_1,
23W-3,150,-0.337146252370677,mri_1,
23W-3,200,-0.3480814088831963,mri_1,
23W-3,250,-0.3420775090901902,mri_1,
23W-3,300,-0.3672981915676729,mri_1,
23W-3,350,-0.3671369514765928,mri_1,
23W-3,400,-0.3632175472795946,mri_1,
23W-3,450,-0.3787592014014602,mri_1,
23W-3,50,-0.2512481104235326,mri_1,
23W-3,500,-0.3544049983412348,mri_1,
23W-3,MRI Width,-0.2719305683086954,mri_1,
23W-3,100,-0.3057479272926613,mri_2,
23W-3,150,-0.3278644836029207,mri_2,
23W-3,200,-0.336646666959525,mri_2,
23W-3,250,-0.3322127127736358,mri_2,
23W-3,300,-0.3571471445468169,mri_2,
23W-3,350,-0.3562638538222662,mri_2,
23W-3,400,-0.3521494841023566,mri_2,
23W-3,450,-0.3614871284030193,mri_2,
23W-3,50,-0.2432357309544087,mri_2,
23W-3,500,-0.3476317884861982,mri_2,
23W-3,MRI Width,-0.265661702255198,mri_2,
23W-4,100,-0.3156817229984652,mri_2,
23W-4,150,-0.3451667662239502,mri_2,
23W-4,200,-0.3582979633683696,mri_2,
23W-4,250,-0.3585270641437962,mri_2,
23W-4,300,-0.3644361703849751,mri_2,
23W-4,350,-0.3488817229388166,mri_2,
23W-4,400,-0.3524717173170097,mri_2,
23W-4,450,-0.3593173681667027,mri_2,
23W-4,50,-0.2701388950680037,mri_2,
23W-4,500,-0.3768177451105253,mri_2,
23W-4,MRI Width,-0.2844304521045447,mri_2,
23W-5,100,-0.3057541355814759,mri_2,
23W-5,150,-0.3339523228827724,mri_2,
23W-5,200,-0.3513617404314024,mri_2,
23W-5,250,-0.3556419310411929,mri_2,
23W-5,300,-0.3608850887331682,mri_2,
23W-5,350,-0.3683882858979355,mri_2,
23W-5,400,-0.3798830739656774,mri_2,
23W-5,450,-0.3647684934604994,mri_2,
23W-5,50,-0.2538103756908443,mri_2,
23W-5,500,-0.376742946955969,mri_2,
23W-5,MRI Width,-0.2902272361571263,mri_2,
23W-1,100,-0.2908934800300425,mri_1,
23W-2,100,-0.2897426272301627,mri_1,
23W-3,100,-0.3068419894423079,mri_1,
23W-3,100,-0.3097210491552496,mri_2,
23W-4,100,-0.3122144164438035,mri_2,
23W-5,100,-0.293350594696368,mri_2,
23W-1,100,-0.2886832589097743,mri_1,
23W-1,150,-0.3232856597093587,mri_1,
23W-1,200,-0.3489124597389783,mri_1,
23W-1,250,-0.3558009008093128,mri_1,
23W-1,300,-0.3475717197423243,mri_1,
23W-1,350,-0.3676681183823895,mri_1,
23W-1,400,-0.3532722675185943,mri_1,
23W-1,450,-0.3535476993454735,mri_1,
23W-1,50,-0.2316099327703721,mri_1,
23W-1,500,-0.3910751200496221,mri_1,
23W-1,MRI Width,-0.2597967194541091,mri_1,
23W-2,100,-0.2914417124971878,mri_1,
23W-2,150,-0.3162572720058331,mri_1,
23W-2,200,-0.32309207665535,mri_1,
23W-2,250,-0.3477830396527274,mri_1,
23W-2,300,-0.3274159682931892,mri_1,
23W-2,350,-0.3394387728429586,mri_1,
23W-2,400,-0.3520668518221118,mri_1,
23W-2,450,-0.3626555388582127,mri_1,
23W-2,50,-0.2375412977240039,mri_1,
23W-2,500,-0.3576355932580959,mri_1,
23W-2,MRI Width,-0.2690966731654355,mri_1,
23W-3,100,-0.313151541014507,mri_1,
23W-3,150,-0.3340501023891378,mri_1,
23W-3,200,-0.3457407051724568,mri_1,
23W-3,250,-0.3398040415424622,mri_1,
23W-3,300,-0.3631050717504618,mri_1,
23W-3,350,-0.3639801966094844,mri_1,
23W-3,400,-0.3631998328129637,mri_1,
23W-3,450,-0.3727639664215951,mri_1,
23W-3,50,-0.2494984029113437,mri_1,
23W-3,500,-0.3545778926682934,mri_1,
23W-3,MRI Width,-0.2709360790226353,mri_1,
23W-3,100,-0.3024300807101268,mri_2,
23W-3,150,-0.3218340011715639,mri_2,
23W-3,200,-0.3337102019796685,mri_2,
23W-3,250,-0.3388920802081752,mri_2,
23W-3,300,-0.3517490396715443,mri_2,
23W-3,350,-0.3492268665989338,mri_2,
23W-3,400,-0.3527365627453048,mri_2,
23W-3,450,-0.3592068163367033,mri_2,
23W-3,50,-0.238841384287354,mri_2,
23W-3,500,-0.3465848843036255,mri_2,
23W-3,MRI Width,-0.2623394549711055,mri_2,
23W-4,100,-0.3164769807003815,mri_2,
23W-4,150,-0.3459376399853119,mri_2,
23W-4,200,-0.3609946210389671,mri_2,
23W-4,250,-0.3611901855570674,mri_2,
23W-4,300,-0.3701995920841019,mri_2,
23W-4,350,-0.3514795844024087,mri_2,
23W-4,400,-0.3593263640401654,mri_2,
23W-4,450,-0.3637215812751928,mri_2,
23W-4,50,-0.2710172621482616,mri_2,
23W-4,500,-0.3820145251137792,mri_2,
23W-4,MRI Width,-0.2853213296075187,mri_2,
23W-5,100,-0.3027169941766879,mri_2,
23W-5,150,-0.3340912085952192,mri_2,
23W-5,200,-0.3505251463210935,mri_2,
23W-5,250,-0.356824052818231,mri_2,
23W-5,300,-0.3606805040320012,mri_2,
23W-5,350,-0.3715364519450935,mri_2,
23W-5,400,-0.3791450299964746,mri_2,
23W-5,450,-0.3634363581071565,mri_2,
23W-5,50,-0.2606519542365365,mri_2,
23W-5,500,-0.3777729934848839,mri_2,
23W-5,MRI Width,-0.2944676998274247,mri_2,
23W-1,100,-0.2908934800300425,mri_1,
23W-1,150,-0.3247170749389831,mri_1,
23W-1,200,-0.349210616676935,mri_1,
23W-1,250,-0.3565033576245879,mri_1,
23W-1,300,-0.3486966476038319,mri_1,
23W-1,350,-0.3699782615914637,mri_1,
23W-1,400,-0.3531561118368693,mri_1,
23W-1,450,-0.3527933481901117,mri_1,
23W-1,50,-0.2336760955259295,mri_1,
23W-1,500,-0.3888997390792496,mri_1,
23W-1,MRI Width,-0.2613538361024133,mri_1,
23W-2,100,-0.2897426272301627,mri_1,
23W-2,150,-0.3145674515715264,mri_1,
23W-2,200,-0.3219272499361635,mri_1,
23W-2,250,-0.3460490638619811,mri_1,
23W-2,300,-0.3277941640479253,mri_1,
23W-2,350,-0.337809832902549,mri_1,
23W-2,400,-0.351514826767208,mri_1,
23W-2,450,-0.3634223587296732,mri_1,
23W-2,50,-0.2369013609697331,mri_1,
23W-2,500,-0.3570166589117429,mri_1,
23W-2,MRI Width,-0.2656810691086728,mri_1,
23W-3,100,-0.3068419894423079,mri_1,
23W-3,150,-0.3303045147384289,mri_1,
23W-3,200,-0.3385348468513618,mri_1,
23W-3,250,-0.3342125349430339,mri_1,
23W-3,300,-0.3575011258826763,mri_1,
23W-3,350,-0.3568961196473892,mri_1,
23W-3,400,-0.3554232890920268,mri_1,
23W-3,450,-0.3700778776299485,mri_1,
23W-3,50,-0.2453606049019855,mri_1,
23W-3,500,-0.347880524884804,mri_1,
23W-3,MRI Width,-0.2672548202183348,mri_1,
23W-3,100,-0.3097210491552496,mri_2,
23W-3,150,-0.3346113544229535,mri_2,
23W-3,200,-0.3442857192088205,mri_2,
23W-3,250,-0.3375498588611069,mri_2,
23W-3,300,-0.3634693182325857,mri_2,
23W-3,350,-0.364012481111326,mri_2,
23W-3,400,-0.3581748500183855,mri_2,
23W-3,450,-0.3690667082604007,mri_2,
23W-3,50,-0.246400888281597,mri_2,
23W-3,500,-0.3501024404348283,mri_2,
23W-3,MRI Width,-0.2690438859402157,mri_2,
23W-4,100,-0.3122144164438035,mri_2,
23W-4,150,-0.3397650372255649,mri_2,
23W-4,200,-0.3551755087611418,mri_2,
23W-4,250,-0.3554640239394707,mri_2,
23W-4,300,-0.3638958809602833,mri_2,
23W-4,350,-0.3522701623618618,mri_2,
23W-4,400,-0.3539620750167759,mri_2,
23W-4,450,-0.3629351630725129,mri_2,
23W-4,50,-0.2647518126435862,mri_2,
23W-4,500,-0.3764383778360428,mri_2,
23W-4,MRI Width,-0.2802526354708385,mri_2,
23W-5,100,-0.293350594696368,mri_2,
23W-5,150,-0.3193348481171844,mri_2,
23W-5,200,-0.3388045420656609,mri_2,
23W-5,250,-0.3397778444627495,mri_2,
23W-5,300,-0.345114720040423,mri_2,
23W-5,350,-0.3501663498016733,mri_2,
23W-5,400,-0.3628005002326522,mri_2,
23W-5,450,-0.3486316482216341,mri_2,
23W-5,50,-0.2494022457927033,mri_2,
23W-5,500,-0.3589753011384903,mri_2,
23W-5,MRI Width,-0.2841810547742868,mri_2,
23W-1,100,-0.2705137749225291,mri_1,
23W-1,150,-0.3004845625867718,mri_1,
23W-1,200,-0.3253713266880599,mri_1,
23W-1,250,-0.3303705545837704,mri_1,
23W-1,300,-0.3295002141341244,mri_1,
23W-1,350,-0.3478348702635659,mri_1,
23W-1,400,-0.3352764513099108,mri_1,
23W-1,450,-0.3356205989700038,mri_1,
23W-1,50,-0.2184723225363893,mri_1,
23W-1,500,-0.3687254390510185,mri_1,
23W-1,MRI Width,-0.2444200554484152,mri_1,
23W-2,100,-0.2579183820561096,mri_1,
23W-2,150,-0.278976952737431,mri_1,
23W-2,200,-0.2853317422432776,mri_1,
23W-2,250,-0.3069890700409568,mri_1,
23W-2,300,-0.2925312295085747,mri_1,
23W-2,350,-0.2999131830038963,mri_1,
23W-2,400,-0.3129755412399818,mri_1,
23W-2,450,-0.324006646361608,mri_1,
23W-2,50,-0.2131248117731455,mri_1,
23W-2,500,-0.3164655371668942,mri_1,
23W-2,MRI Width,-0.2376776646717557,mri_1,
23W-3,100,-0.2907023695858587,mri_1,
23W-3,150,-0.3085114180017273,mri_1,
23W-3,200,-0.321063823902627,mri_1,
23W-3,250,-0.3501781724856874,mri_1,
23W-3,300,-0.346448814182191,mri_1,
23W-3,350,-0.3456431794570868,mri_1,
23W-3,400,-0.3520794778738572,mri_1,
23W-3,450,-0.3560532104495545,mri_1,
23W-3,50,-0.2256057745878843,mri_1,
23W-3,500,-0.3639439203587251,mri_1,
23W-3,MRI Width,-0.2460825917789121,mri_1,
23W-3,100,-0.2825414304550034,mri_2,
23W-3,150,-0.3004819717870499,mri_2,
23W-3,200,-0.3154453450921875,mri_2,
23W-3,250,-0.3419347860887295,mri_2,
23W-3,300,-0.3375992952803533,mri_2,
23W-3,350,-0.3392579333982714,mri_2,
23W-3,400,-0.3452364059767303,mri_2,
23W-3,450,-0.346815075717399,mri_2,
23W-3,50,-0.2196545667848557,mri_2,
23W-3,500,-0.3554427576208233,mri_2,
23W-3,MRI Width,-0.239589092064538,mri_2,
23W-4,100,-0.3095931537412238,mri_2,
23W-4,150,-0.3408123320454128,mri_2,
23W-4,200,-0.3589573554227598,mri_2,
23W-4,250,-0.365765851235904,mri_2,
23W-4,300,-0.3741480747938037,mri_2,
23W-4,350,-0.3610011330717256,mri_2,
23W-4,400,-0.371457257807823,mri_2,
23W-4,450,-0.3734082608420329,mri_2,
23W-4,50,-0.2622037788572475,mri_2,
23W-4,500,-0.381304477266949,mri_2,
23W-4,MRI Width,-0.2773458351089666,mri_2,
23W-5,100,-0.2457720389442397,mri_2,
23W-5,150,-0.2804941960188239,mri_2,
23W-5,200,-0.288924491955329,mri_2,
23W-5,250,-0.309200200677832,mri_2,
23W-5,300,-0.3181631271993537,mri_2,
23W-5,350,-0.3173983975762055,mri_2,
23W-5,400,-0.3301168841980632,mri_2,
23W-5,450,-0.3348305222174402,mri_2,
23W-5,50,-0.1989054767662756,mri_2,
23W-5,500,-0.3403282448188593,mri_2,
23W-5,MRI Width,-0.231214488131648,mri_2,
23W-1,100,-0.2908934800300425,mri_1,
23W-1,150,-0.3247170749389831,mri_1,
23W-1,200,-0.349210616676935,mri_1,
23W-1,250,-0.3565033576245879,mri_1,
23W-1,300,-0.3486966476038319,mri_1,
23W-1,350,-0.3699782615914637,mri_1,
23W-1,400,-0.3531561118368693,mri_1,
23W-1,450,-0.3527933481901117,mri_1,
23W-1,50,-0.2336760955259295,mri_1,
23W-1,500,-0.3888997390792496,mri_1,
23W-1,MRI Width,-0.2613538361024133,mri_1,
23W-2,100,-0.2897426272301627,mri_1,
23W-2,150,-0.3145674515715264,mri_1,
23W-2,200,-0.3219272499361635,mri_1,
23W-2,250,-0.3460490638619811,mri_1,
23W-2,300,-0.3277941640479253,mri_1,
23W-2,350,-0.337809832902549,mri_1,
23W-2,400,-0.351514826767208,mri_1,
23W-2,450,-0.3634223587296732,mri_1,
23W-2,50,-0.2369013609697331,mri_1,
23W-2,500,-0.3570166589117429,mri_1,
23W-2,MRI Width,-0.2656810691086728,mri_1,
23W-3,100,-0.3068419894423079,mri_1,
23W-3,150,-0.3303045147384289,mri_1,
23W-3,200,-0.3385348468513618,mri_1,
23W-3,250,-0.3342125349430339,mri_1,
23W-3,300,-0.3575011258826763,mri_1,
23W-3,350,-0.3568961196473892,mri_1,
23W-3,400,-0.3554232890920268,mri_1,
23W-3,450,-0.3700778776299485,mri_1,
23W-3,50,-0.2453606049019855,mri_1,
23W-3,500,-0.347880524884804,mri_1,
23W-3,MRI Width,-0.2672548202183348,mri_1,
23W-3,100,-0.3097210491552496,mri_2,
23W-3,150,-0.3346113544229535,mri_2,
23W-3,200,-0.3442857192088205,mri_2,
23W-3,250,-0.3375498588611069,mri_2,
23W-3,300,-0.3634693182325857,mri_2,
23W-3,350,-0.364012481111326,mri_2,
23W-3,400,-0.3581748500183855,mri_2,
23W-3,450,-0.3690667082604007,mri_2,
23W-3,50,-0.246400888281597,mri_2,
23W-3,500,-0.3501024404348283,mri_2,
23W-3,MRI Width,-0.2690438859402157,mri_2,
23W-4,100,-0.3122144164438035,mri_2,
23W-4,150,-0.3397650372255649,mri_2,
23W-4,200,-0.3551755087611418,mri_2,
23W-4,250,-0.3554640239394707,mri_2,
23W-4,300,-0.3638958809602833,mri_2,
23W-4,350,-0.3522701623618618,mri_2,
23W-4,400,-0.3539620750167759,mri_2,
23W-4,450,-0.3629351630725129,mri_2,
23W-4,50,-0.2647518126435862,mri_2,
23W-4,500,-0.3764383778360428,mri_2,
23W-4,MRI Width,-0.2802526354708385,mri_2,
23W-5,100,-0.293350594696368,mri_2,
23W-5,150,-0.3193348481171844,mri_2,
23W-5,200,-0.3388045420656609,mri_2,
23W-5,250,-0.3397778444627495,mri_2,
23W-5,300,-0.345114720040423,mri_2,
23W-5,350,-0.3501663498016733,mri_2,
23W-5,400,-0.3628005002326522,mri_2,
23W-5,450,-0.3486316482216341,mri_2,
23W-5,50,-0.2494022457927033,mri_2,
23W-5,500,-0.3589753011384903,mri_2,
23W-5,MRI Width,-0.2841810547742868,mri_2,
23W-1,100,-0.2890208579145503,mri_1,-0.1002412681132083
23W-1,150,-0.3287147066859113,mri_1,-0.1106709135191692
23W-1,200,-0.3516670805344637,mri_1,-0.1151136362890062
23W-1,250,-0.3576264979571313,mri_1,-0.1162645693794672
23W-1,300,-0.3555038318907234,mri_1,-0.1117607468650754
23W-1,350,-0.3780166948376868,mri_1,-0.1142404666855985
23W-1,400,-0.3663607382267925,mri_1,-0.109438680271521
23W-1,450,-0.3700127943549209,mri_1,-0.103793159614217
23W-1,50,-0.2324826634083644,mri_1,-0.0840514114257325
23W-1,500,-0.4024215533522687,mri_1,-0.1246149087852768
23W-2,100,-0.2971641547932474,mri_1,-0.0720484740495049
23W-2,150,-0.3240597865633348,mri_1,-0.0790304270850025
23W-2,200,-0.330940796021178,mri_1,-0.0778331013902384
23W-2,250,-0.3576302156320218,mri_1,-0.083944524538058
23W-2,300,-0.3384465525236834,mri_1,-0.0785657966976027
23W-2,350,-0.3528307707008676,mri_1,-0.0735892348315736
23W-2,400,-0.3644974384291392,mri_1,-0.0802912694521008
23W-2,450,-0.3759249878059539,mri_1,-0.0791801863416077
23W-2,50,-0.2451877716748724,mri_1,-0.0615882904447878
23W-2,500,-0.3712903962142591,mri_1,-0.0790932598365463
23W-3,100,-0.3089921313609023,mri_1,-0.11560433977273
23W-3,150,-0.3367907168020921,mri_1,-0.1288528238013338
23W-3,200,-0.3491558032738782,mri_1,-0.1303972933353363
23W-3,250,-0.3393728602328569,mri_1,-0.121481786724832
23W-3,300,-0.3677385883899521,mri_1,-0.1343430789009259
23W-3,350,-0.3684467477971618,mri_1,-0.1421729033173448
23W-3,400,-0.3646230390809835,mri_1,-0.1318974172824967
23W-3,450,-0.3849666022707291,mri_1,-0.1418457352292749
23W-3,50,-0.247302899722183,mri_1,-0.0989168149614676
23W-3,500,-0.3615423159818181,mri_1,-0.1276492429155672
23W-3,100,-0.3166480370789539,mri_2,-0.106590873354159
23W-3,150,-0.3424759985829573,mri_2,-0.1195830389429908
23W-3,200,-0.3510525391865443,mri_2,-0.121953267672301
23W-3,250,-0.3406517989324049,mri_2,-0.1136364809730586
23W-3,300,-0.3684384309226612,mri_2,-0.1260371655266961
23W-3,350,-0.3690352238273943,mri_2,-0.1348117333446475
23W-3,400,-0.3635530372736986,mri_2,-0.1217521085567888
23W-3,450,-0.3786165042523289,mri_2,-0.1343569691554421
23W-3,50,-0.2532105760978281,mri_2,-0.0914355280887141
23W-3,500,-0.3622749082191187,mri_2,-0.1229011237255015
23W-4,100,-0.3241020526211152,mri_2,-0.0532171243864196
23W-4,150,-0.3527506323437012,mri_2,-0.0575334659467316
23W-4,200,-0.3623190616828636,mri_2,-0.0590561314843803
23W-4,250,-0.3632808463101356,mri_2,-0.0578064215052991
23W-4,300,-0.3714437605489754,mri_2,-0.0573070091251571
23W-4,350,-0.3641249676604805,mri_2,-0.0563541133081699
23W-4,400,-0.3651739497051059,mri_2,-0.0554952658552346
23W-4,450,-0.3762599838549184,mri_2,-0.0553862570149783
23W-4,50,-0.277867816635567,mri_2,-0.0483985224249254
23W-4,500,-0.3938466331406545,mri_2,-0.0657377294013608
23W-5,100,-0.3318034437603214,mri_2,-0.05573716459384
23W-5,150,-0.3586977083597903,mri_2,-0.057718512147181
23W-5,200,-0.3807519702488806,mri_2,-0.0635205051998671
23W-5,250,-0.3775119649651396,mri_2,-0.0622220004174559
23W-5,300,-0.3864812394222791,mri_2,-0.0648792679722476
23W-5,350,-0.3980989811492151,mri_2,-0.0695615787461827
23W-5,400,-0.4017926973485277,mri_2,-0.0681038608572344
23W-5,450,-0.3903914426197978,mri_2,-0.067836619443141
23W-5,50,-0.2892225344853105,mri_2,-0.0473486590072238
23W-5,500,-0.4050714504062335,mri_2,-0.0781423001966518
23W-1,100,-0.0959393928731121,mri_1,
23W-1,150,-0.1053984104631654,mri_1,
23W-1,200,-0.1097231681793725,mri_1,
23W-1,250,-0.1101893523987261,mri_1,
23W-1,300,-0.1059442632637831,mri_1,
23W-1,350,-0.1078783417039604,mri_1,
23W-1,400,-0.1034962386058722,mri_1,
23W-1,450,-0.0986948342894317,mri_1,
23W-1,50,-0.0804475986768341,mri_1,
23W-1,500,-0.1175401386568879,mri_1,
23W-1,MRI Width,-0.0873377462511902,mri_1,
23W-2,100,-0.0678933561626052,mri_1,
23W-2,150,-0.0743349448712291,mri_1,
23W-2,200,-0.0727713226906112,mri_1,
23W-2,250,-0.0789490960536173,mri_1,
23W-2,300,-0.073482879516405,mri_1,
23W-2,350,-0.0692644912576202,mri_1,
23W-2,400,-0.0746455151008506,mri_1,
23W-2,450,-0.073231531600566,mri_1,
23W-2,50,-0.05763864028061,mri_1,
23W-2,500,-0.0736476766000834,mri_1,
23W-2,MRI Width,-0.0647212395871912,mri_1,
23W-3,100,-0.1107850755940964,mri_1,
23W-3,150,-0.1225189160465231,mri_1,
23W-3,200,-0.1233675310849822,mri_1,
23W-3,250,-0.1160175942230473,mri_1,
23W-3,300,-0.1271373576460138,mri_1,
23W-3,350,-0.1335594679675688,mri_1,
23W-3,400,-0.1246461363941688,mri_1,
23W-3,450,-0.1331455874446399,mri_1,
23W-3,50,-0.0944071871502626,mri_1,
23W-3,500,-0.121124757993456,mri_1,
23W-3,MRI Width,-0.1014084476855764,mri_1,
23W-3,100,-0.1018195206592295,mri_2,
23W-3,150,-0.1124797165124144,mri_2,
23W-3,200,-0.1142407740440558,mri_2,
23W-3,250,-0.1073865990542503,mri_2,
23W-3,300,-0.1176568062360055,mri_2,
23W-3,350,-0.1248127111834903,mri_2,
23W-3,400,-0.1148551386952926,mri_2,
23W-3,450,-0.1245369489665927,mri_2,
23W-3,50,-0.0868292981030967,mri_2,
23W-3,500,-0.114575232985628,mri_2,
23W-3,MRI Width,-0.0935845911354124,mri_2,
23W-4,100,-0.0483334753246058,mri_2,
23W-4,150,-0.0523844990196995,mri_2,
23W-4,200,-0.0539038021424462,mri_2,
23W-4,250,-0.0525757000880551,mri_2,
23W-4,300,-0.0520728128949076,mri_2,
23W-4,350,-0.0502008225150579,mri_2,
23W-4,400,-0.0501630773952561,mri_2,
23W-4,450,-0.0506945039326164,mri_2,
23W-4,50,-0.0441131766567826,mri_2,
23W-4,500,-0.0590614652623977,mri_2,
23W-4,MRI Width,-0.0454482554425874,mri_2,
23W-5,100,-0.0522498722953291,mri_2,
23W-5,150,-0.054246656905359,mri_2,
23W-5,200,-0.0595519034051831,mri_2,
23W-5,250,-0.0589505557224878,mri_2,
23W-5,300,-0.0618562666936412,mri_2,
23W-5,350,-0.0648046040809124,mri_2,
23W-5,400,-0.0648648091412477,mri_2,
23W-5,450,-0.0642379871450018,mri_2,
23W-5,50,-0.043874235889089,mri_2,
23W-5,500,-0.0721677753310143,mri_2,
23W-5,MRI Width,-0.0478575082854066,mri_2,
23W-1,100,-0.2904834944343168,mri_1,
23W-1,150,-0.3253018421778534,mri_1,
23W-1,200,-0.3498164478964197,mri_1,
23W-1,250,-0.3573848875484464,mri_1,
23W-1,300,-0.3512800961616513,mri_1,
23W-1,350,-0.3710446057473022,mri_1,
23W-1,400,-0.355445672810455,mri_1,
23W-1,450,-0.3555597445698671,mri_1,
23W-1,50,-0.233972691881725,mri_1,
23W-1,500,-0.3872566187794055,mri_1,
23W-1,MRI Width,-0.2620520142027152,mri_1,
23W-2,100,-0.284025238997261,mri_1,
23W-2,150,-0.3068965595662699,mri_1,
23W-2,200,-0.3128315284735104,mri_1,
23W-2,250,-0.3368456427922057,mri_1,
23W-2,300,-0.3190872142692414,mri_1,
23W-2,350,-0.3282378234180537,mri_1,
23W-2,400,-0.3404707690431872,mri_1,
23W-2,450,-0.353787852390812,mri_1,
23W-2,50,-0.233645347222139,mri_1,
23W-2,500,-0.3456262537092062,mri_1,
23W-2,MRI Width,-0.2614977362111959,mri_1,
23W-3,100,-0.3014741833681583,mri_1,
23W-3,150,-0.3255213711130657,mri_1,
23W-3,200,-0.3348622128728399,mri_1,
23W-3,250,-0.3306861725375843,mri_1,
23W-3,300,-0.3515911118902782,mri_1,
23W-3,350,-0.3533380736580772,mri_1,
23W-3,400,-0.3521219211150774,mri_1,
23W-3,450,-0.3655912014692538,mri_1,
23W-3,50,-0.2438669082495019,mri_1,
23W-3,500,-0.3414001100867447,mri_1,
23W-3,MRI Width,-0.2630529206880297,mri_1,
23W-3,100,-0.3041678649748054,mri_2,
23W-3,150,-0.3249617005043531,mri_2,
23W-3,200,-0.3356603878854537,mri_2,
23W-3,250,-0.3459471305858742,mri_2,
23W-3,300,-0.3566369191006436,mri_2,
23W-3,350,-0.3548029890806311,mri_2,
23W-3,400,-0.3561197442280143,mri_2,
23W-3,450,-0.3627863371976805,mri_2,
23W-3,50,-0.2412216228753516,mri_2,
23W-3,500,-0.3514660247761672,mri_2,
23W-3,MRI Width,-0.2632890527341964,mri_2,
23W-4,100,-0.3140709202644948,mri_2,
23W-4,150,-0.344725147782527,mri_2,
23W-4,200,-0.3600773006134009,mri_2,
23W-4,250,-0.3615906921622421,mri_2,
23W-4,300,-0.370303446421423,mri_2,
23W-4,350,-0.3513645655050477,mri_2,
23W-4,400,-0.3604566719203858,mri_2,
23W-4,450,-0.3644375944103732,mri_2,
23W-4,50,-0.2678942083503363,mri_2,
23W-4,500,-0.3814076149509584,mri_2,
23W-4,MRI Width,-0.2840606445327542,mri_2,
23W-5,100,-0.2948825106309186,mri_2,
23W-5,150,-0.3313282788628495,mri_2,
23W-5,200,-0.3450299916142072,mri_2,
23W-5,250,-0.3565456084728592,mri_2,
23W-5,300,-0.3659300060065712,mri_2,
23W-5,350,-0.3666044700451921,mri_2,
23W-5,400,-0.3829366668138529,mri_2,
23W-5,450,-0.3717359395555238,mri_2,
23W-5,50,-0.2443101107210464,mri_2,
23W-5,500,-0.3789537094092786,mri_2,
23W-5,MRI Width,-0.2810620631963895,mri_2,
23W-1,100,-0.2964854504009144,mri_1,-0.1002412681132083
23W-1,150,-0.3335594129740997,mri_1,-0.1106709135191692
23W-1,200,-0.3585156823457782,mri_1,-0.1151136362890062
23W-1,250,-0.3671183943382272,mri_1,-0.1162645693794672
23W-1,300,-0.358207933491066,mri_1,-0.1117607468650754
23W-1,350,-0.3779980910644204,mri_1,-0.1142404666855985
23W-1,400,-0.3625050616105519,mri_1,-0.109438680271521
23W-1,450,-0.3620187341401281,mri_1,-0.103793159614217
23W-1,50,-0.2378861772192712,mri_1,-0.0840514114257325
23W-1,500,-0.399659477273563,mri_1,-0.1246149087852768
23W-2,100,-0.2848909814307981,mri_1,-0.0720484740495049
23W-2,150,-0.3081253685610012,mri_1,-0.0790304270850025
23W-2,200,-0.3151467213339746,mri_1,-0.0778331013902384
23W-2,250,-0.3398162657696641,mri_1,-0.083944524538058
23W-2,300,-0.3217495933755408,mri_1,-0.0785657966976027
23W-2,350,-0.3329684044465926,mri_1,-0.0735892348315736
23W-2,400,-0.3451746673476933,mri_1,-0.0802912694521008
23W-2,450,-0.3559092477841654,mri_1,-0.0791801863416077
23W-2,50,-0.2324353438380992,mri_1,-0.0615882904447878
23W-2,500,-0.3496913479371387,mri_1,-0.0790932598365463
23W-3,100,-0.3172005758742675,mri_1,-0.11560433977273
23W-3,150,-0.3414870723231463,mri_1,-0.1288528238013338
23W-3,200,-0.3517586354114864,mri_1,-0.1303972933353363
23W-3,250,-0.3497443014275035,mri_1,-0.121481786724832
23W-3,300,-0.372535569470285,mri_1,-0.1343430789009259
23W-3,350,-0.3717770446855272,mri_1,-0.1421729033173448
23W-3,400,-0.3709827438204385,mri_1,-0.1318974172824967
23W-3,450,-0.3802682244272534,mri_1,-0.1418457352292749
23W-3,50,-0.2610952960110271,mri_1,-0.0989168149614676
23W-3,500,-0.3618966133488851,mri_1,-0.1276492429155672
23W-3,100,-0.3010759994479418,mri_2,-0.106590873354159
23W-3,150,-0.3230916243838275,mri_2,-0.1195830389429908
23W-3,200,-0.33426658061302,mri_2,-0.121953267672301
23W-3,250,-0.3402894823282377,mri_2,-0.1136364809730586
23W-3,300,-0.3604203050447076,mri_2,-0.1260371655266961
23W-3,350,-0.3568691498495162,mri_2,-0.1348117333446475
23W-3,400,-0.3565757659665758,mri_2,-0.1217521085567888
23W-3,450,-0.3636056305212614,mri_2,-0.1343569691554421
23W-3,50,-0.2420731603516843,mri_2,-0.0914355280887141
23W-3,500,-0.3534559294708042,mri_2,-0.1229011237255015
23W-4,100,-0.3247723877200588,mri_2,-0.0532171243864196
23W-4,150,-0.3555751547848232,mri_2,-0.0575334659467316
23W-4,200,-0.3728720928916755,mri_2,-0.0590561314843803
23W-4,250,-0.3731935823033535,mri_2,-0.0578064215052991
23W-4,300,-0.383574635387171,mri_2,-0.0573070091251571
23W-4,350,-0.3679736097267057,mri_2,-0.0563541133081699
23W-4,400,-0.3717850769961701,mri_2,-0.0554952658552346
23W-4,450,-0.3815810943064854,mri_2,-0.0553862570149783
23W-4,50,-0.2772390472785088,mri_2,-0.0483985224249254
23W-4,500,-0.3936034058535936,mri_2,-0.0657377294013608
23W-5,100,-0.314494761578511,mri_2,-0.05573716459384
23W-5,150,-0.3403168889484282,mri_2,-0.057718512147181
23W-5,200,-0.3557945725250256,mri_2,-0.0635205051998671
23W-5,250,-0.3626447632669194,mri_2,-0.0622220004174559
23W-5,300,-0.3688281135311608,mri_2,-0.0648792679722476
23W-5,350,-0.3787317049537038,mri_2,-0.0695615787461827
23W-5,400,-0.38613786937821,mri_2,-0.0681038608572344
23W-5,450,-0.3708317617018414,mri_2,-0.067836619443141
23W-5,50,-0.2669304946458066,mri_2,-0.0473486590072238
23W-5,500,-0.3841140979407602,mri_2,-0.0781423001966518
23X-1,100,-0.3397684904590743,mri_1,
23X-1,150,-0.3812267697811076,mri_1,
23X-1,200,-0.38888779470684,mri_1,
23X-1,250,-0.3933472200658423,mri_1,
23X-1,300,-0.3947729160993865,mri_1,
23X-1,350,-0.4051488642375283,mri_1,
23X-1,400,-0.3866591048586086,mri_1,
23X-1,450,-0.3747872316380369,mri_1,
23X-1,50,-0.2635474711270012,mri_1,
23X-1,500,-0.3933137266205573,mri_1,
23X-1,MRI Width,-0.2857194914831433,mri_1,
23X-2,100,-0.2615496484367438,mri_1,
23X-2,150,-0.2901608849074701,mri_1,
23X-2,200,-0.310148615292541,mri_1,
23X-2,250,-0.3162247607130465,mri_1,
23X-2,300,-0.3265894221523227,mri_1,
23X-2,350,-0.3365019662602448,mri_1,
23X-2,400,-0.3314192840695386,mri_1,
23X-2,450,-0.3616832241019508,mri_1,
23X-2,50,-0.2100738842439417,mri_1,
23X-2,500,-0.3891088762067895,mri_1,
23X-2,MRI Width,-0.2360224889389275,mri_1,
23X-3,100,-0.1935377790417853,mri_1,
23X-3,150,-0.2078140972398691,mri_1,
23X-3,200,-0.2154822015817612,mri_1,
23X-3,250,-0.2227958913450969,mri_1,
23X-3,300,-0.2188198344008257,mri_1,
23X-3,350,-0.2109337785003776,mri_1,
23X-3,400,-0.2224058450764075,mri_1,
23X-3,450,-0.2214576842970432,mri_1,
23X-3,50,-0.1711627415436073,mri_1,
23X-3,500,-0.2156726477936052,mri_1,
23X-3,MRI Width,-0.1819886746137943,mri_1,
23X-3,100,-0.2898729137947605,mri_2,
23X-3,150,-0.3111942149890934,mri_2,
23X-3,200,-0.327127201403075,mri_2,
23X-3,250,-0.334829999977587,mri_2,
23X-3,300,-0.3298435782928562,mri_2,
23X-3,350,-0.321660496185654,mri_2,
23X-3,400,-0.3326579038475216,mri_2,
23X-3,450,-0.3353398284912335,mri_2,
23X-3,50,-0.2482238031510157,mri_2,
23X-3,500,-0.3239305813629738,mri_2,
23X-3,MRI Width,-0.2671166404404704,mri_2,
23X-4,100,-0.2730655375639775,mri_2,
23X-4,150,-0.3132255075308972,mri_2,
23X-4,200,-0.3365215008769335,mri_2,
23X-4,250,-0.3586050753336641,mri_2,
23X-4,300,-0.3463450333130711,mri_2,
23X-4,350,-0.3664376787803212,mri_2,
23X-4,400,-0.3651073195628883,mri_2,
23X-4,450,-0.3485791045725134,mri_2,
23X-4,50,-0.2258647022792169,mri_2,
23X-4,500,-0.3823726816868504,mri_2,
23X-4,MRI Width,-0.2399126436365201,mri_2,
23X-5,100,-0.2689225795549706,mri_2,
23X-5,150,-0.2979395050756592,mri_2,
23X-5,200,-0.3079350927877622,mri_2,
23X-5,250,-0.3168456789264344,mri_2,
23X-5,300,-0.315388957009955,mri_2,
23X-5,350,-0.327871707688413,mri_2,
23X-5,400,-0.3255386162277377,mri_2,
23X-5,450,-0.3513010361645924,mri_2,
23X-5,50,-0.2124388288663011,mri_2,
23X-5,500,-0.3355168274527956,mri_2,
23X-5,MRI Width,-0.2513941538222672,mri_2,
23X-1,100,-0.1487564529803196,mri_1,
23X-1,150,-0.1668300477892644,mri_1,
23X-1,200,-0.1752489467080403,mri_1,
23X-1,250,-0.1754649653073826,mri_1,
23X-1,300,-0.1868437215408891,mri_1,
23X-1,350,-0.1886321094530909,mri_1,
23X-1,400,-0.1897312631103128,mri_1,
23X-1,450,-0.1874003534376851,mri_1,
23X-1,50,-0.1148646707173649,mri_1,
23X-1,500,-0.1873223114316308,mri_1,
23X-1,MRI Width,-0.1311027240287505,mri_1,
23X-2,100,-0.2197019555126835,mri_1,
23X-2,150,-0.2487468631176534,mri_1,
23X-2,200,-0.2622024599193223,mri_1,
23X-2,250,-0.2889151876697838,mri_1,
23X-2,300,-0.2946215687280368,mri_1,
23X-2,350,-0.2958844884625995,mri_1,
23X-2,400,-0.313044391735187,mri_1,
23X-2,450,-0.3345155583925812,mri_1,
23X-2,50,-0.1683795881416263,mri_1,
23X-2,500,-0.3520861003671381,mri_1,
23X-2,MRI Width,-0.1922255161599439,mri_1,
23X-3,100,-0.1710673405350932,mri_1,
23X-3,150,-0.1844091453415685,mri_1,
23X-3,200,-0.1922082803336633,mri_1,
23X-3,250,-0.1983453820010618,mri_1,
23X-3,300,-0.1995617015570955,mri_1,
23X-3,350,-0.1957581289855016,mri_1,
23X-3,400,-0.2027552118198694,mri_1,
23X-3,450,-0.2070050194177663,mri_1,
23X-3,50,-0.150352744992867,mri_1,
23X-3,500,-0.2013361534325291,mri_1,
23X-3,MRI Width,-0.1607307272420786,mri_1,
23X-3,100,-0.1260991029234701,mri_2,
23X-3,150,-0.1355347464537366,mri_2,
23X-3,200,-0.1409125412810378,mri_2,
23X-3,250,-0.1444717004828452,mri_2,
23X-3,300,-0.1454971914855882,mri_2,
23X-3,350,-0.1512508392289493,mri_2,
23X-3,400,-0.1483686433949203,mri_2,
23X-3,450,-0.1562380176931896,mri_2,
23X-3,50,-0.1107516892366008,mri_2,
23X-3,500,-0.1503925578817859,mri_2,
23X-3,MRI Width,-0.1169485801798472,mri_2,
23X-4,100,-0.2666860614504851,mri_2,
23X-4,150,-0.3078391060777337,mri_2,
23X-4,200,-0.3408149134934062,mri_2,
23X-4,250,-0.3582460812994686,mri_2,
23X-4,300,-0.3608375182554282,mri_2,
23X-4,350,-0.3780012405903202,mri_2,
23X-4,400,-0.3835027068375732,mri_2,
23X-4,450,-0.3687982723805236,mri_2,
23X-4,50,-0.2091152012968589,mri_2,
23X-4,500,-0.3902704071823767,mri_2,
23X-4,MRI Width,-0.2298813645365294,mri_2,
23X-5,100,-0.0858345669416598,mri_2,
23X-5,150,-0.0933247345456974,mri_2,
23X-5,200,-0.0950744685442888,mri_2,
23X-5,250,-0.0984029526771538,mri_2,
23X-5,300,-0.0990597150172058,mri_2,
23X-5,350,-0.1014453445609223,mri_2,
23X-5,400,-0.1003596159012473,mri_2,
23X-5,450,-0.1076550080488964,mri_2,
23X-5,50,-0.0702672093471739,mri_2,
23X-5,500,-0.1058378599203366,mri_2,
23X-5,MRI Width,-0.0807540431412631,mri_2,
23X-1,100,-0.3341813887423759,mri_1,
23X-1,150,-0.3729932768796579,mri_1,
23X-1,200,-0.3818320594408141,mri_1,
23X-1,250,-0.3853544400570272,mri_1,
23X-1,300,-0.3855937431526188,mri_1,
23X-1,350,-0.3977141377773081,mri_1,
23X-1,400,-0.379690608593374,mri_1,
23X-1,450,-0.3703262812759855,mri_1,
23X-1,50,-0.2591825027730413,mri_1,
23X-1,500,-0.3939951509616785,mri_1,
23X-1,MRI Width,-0.278955599234995,mri_1,
23X-2,100,-0.2597501152903589,mri_1,
23X-2,150,-0.2896872249497678,mri_1,
23X-2,200,-0.312510475515645,mri_1,
23X-2,250,-0.3113783155140468,mri_1,
23X-2,300,-0.329626127738221,mri_1,
23X-2,350,-0.3379998096462551,mri_1,
23X-2,400,-0.3380036386459682,mri_1,
23X-2,450,-0.3682147465298564,mri_1,
23X-2,50,-0.2092728392262604,mri_1,
23X-2,500,-0.3811075597008296,mri_1,
23X-2,MRI Width,-0.2354688301999309,mri_1,
23X-3,100,-0.3181540801198453,mri_1,
23X-3,150,-0.3427395638215876,mri_1,
23X-3,200,-0.360923208234203,mri_1,
23X-3,250,-0.3704496887218947,mri_1,
23X-3,300,-0.3659551338804969,mri_1,
23X-3,350,-0.3481295994442872,mri_1,
23X-3,400,-0.3658610191167337,mri_1,
23X-3,450,-0.3685613121417936,mri_1,
23X-3,50,-0.2714186471924017,mri_1,
23X-3,500,-0.3568854336648011,mri_1,
23X-3,MRI Width,-0.2927610699040053,mri_1,
23X-3,100,-0.3041775990437063,mri_2,
23X-3,150,-0.3303956880234934,mri_2,
23X-3,200,-0.3443445598878386,mri_2,
23X-3,250,-0.3544300974675886,mri_2,
23X-3,300,-0.3508578855039141,mri_2,
23X-3,350,-0.333606981832699,mri_2,
23X-3,400,-0.3494686500842801,mri_2,
23X-3,450,-0.3521955521296802,mri_2,
23X-3,50,-0.2638715159743445,mri_2,
23X-3,500,-0.3434715464724384,mri_2,
23X-3,MRI Width,-0.2839740285739718,mri_2,
23X-4,100,-0.2723937628141875,mri_2,
23X-4,150,-0.3112445177070682,mri_2,
23X-4,200,-0.3313672579457924,mri_2,
23X-4,250,-0.3502806215101434,mri_2,
23X-4,300,-0.3381470332192773,mri_2,
23X-4,350,-0.3576010644316369,mri_2,
23X-4,400,-0.3520236042115557,mri_2,
23X-4,450,-0.3368717950609027,mri_2,
23X-4,50,-0.2194337916701763,mri_2,
23X-4,500,-0.3695604642433919,mri_2,
23X-4,MRI Width,-0.2384017921452087,mri_2,
23X-5,100,-0.2868550081844533,mri_2,
23X-5,150,-0.3177672194554141,mri_2,
23X-5,200,-0.3258446474272446,mri_2,
23X-5,250,-0.3398270090516883,mri_2,
23X-5,300,-0.3293522595531723,mri_2,
23X-5,350,-0.3485101157234938,mri_2,
23X-5,400,-0.3370270988478323,mri_2,
23X-5,450,-0.3672764401104735,mri_2,
23X-5,50,-0.2251977576582285,mri_2,
23X-5,500,-0.3508252973852674,mri_2,
23X-5,MRI Width,-0.2688430329521554,mri_2,
23X-1,100,-0.3397684904590743,mri_1,
23X-2,100,-0.2615496484367438,mri_1,
23X-3,100,-0.1935377790417853,mri_1,
23X-3,100,-0.2898729137947605,mri_2,
23X-4,100,-0.2730655375639775,mri_2,
23X-5,100,-0.2689225795549706,mri_2,
23X-1,100,-0.3406402968456246,mri_1,
23X-1,150,-0.3808880570334854,mri_1,
23X-1,200,-0.3871724859868787,mri_1,
23X-1,250,-0.3933409157784299,mri_1,
23X-1,300,-0.3915649510754055,mri_1,
23X-1,350,-0.4023446655444767,mri_1,
23X-1,400,-0.385473470527056,mri_1,
23X-1,450,-0.3734684422313225,mri_1,
23X-1,50,-0.2627557573273835,mri_1,
23X-1,500,-0.394523755353531,mri_1,
23X-1,MRI Width,-0.285047742260248,mri_1,
23X-2,100,-0.2566680712807805,mri_1,
23X-2,150,-0.287885797927314,mri_1,
23X-2,200,-0.3056878546242893,mri_1,
23X-2,250,-0.3105836474147126,mri_1,
23X-2,300,-0.3206627550902011,mri_1,
23X-2,350,-0.3291529124792199,mri_1,
23X-2,400,-0.3275694707319609,mri_1,
23X-2,450,-0.3545681663527812,mri_1,
23X-2,50,-0.2028110519520598,mri_1,
23X-2,500,-0.3836076142901383,mri_1,
23X-2,MRI Width,-0.2285409763265679,mri_1,
23X-3,100,-0.2890557653440309,mri_1,
23X-3,150,-0.3122081118630732,mri_1,
23X-3,200,-0.3262838245652725,mri_1,
23X-3,250,-0.3333832858455307,mri_1,
23X-3,300,-0.3304201778483364,mri_1,
23X-3,350,-0.3236910870442253,mri_1,
23X-3,400,-0.3302471242775327,mri_1,
23X-3,450,-0.3375174291149106,mri_1,
23X-3,50,-0.248108188726238,mri_1,
23X-3,500,-0.3233416263070389,mri_1,
23X-3,MRI Width,-0.2670317368801796,mri_1,
23X-3,100,-0.2892693481030789,mri_2,
23X-3,150,-0.3120490301508261,mri_2,
23X-3,200,-0.3259403632257071,mri_2,
23X-3,250,-0.3358765941203712,mri_2,
23X-3,300,-0.3308992358175764,mri_2,
23X-3,350,-0.323202980734878,mri_2,
23X-3,400,-0.3332438834788516,mri_2,
23X-3,450,-0.3376985660813139,mri_2,
23X-3,50,-0.2488324594525826,mri_2,
23X-3,500,-0.3265142909609654,mri_2,
23X-3,MRI Width,-0.2682697490893043,mri_2,
23X-4,100,-0.2678011492069438,mri_2,
23X-4,150,-0.3075851627976352,mri_2,
23X-4,200,-0.3374682505171363,mri_2,
23X-4,250,-0.3547800513386194,mri_2,
23X-4,300,-0.3499646833674311,mri_2,
23X-4,350,-0.3683102064347162,mri_2,
23X-4,400,-0.3668976165924096,mri_2,
23X-4,450,-0.3501749778752389,mri_2,
23X-4,50,-0.2137557909787389,mri_2,
23X-4,500,-0.3807298626070236,mri_2,
23X-4,MRI Width,-0.2327823237568198,mri_2,
23X-5,100,-0.2674095614025064,mri_2,
23X-5,150,-0.297027740599709,mri_2,
23X-5,200,-0.3029830976516023,mri_2,
23X-5,250,-0.3141091135206601,mri_2,
23X-5,300,-0.3121649162036001,mri_2,
23X-5,350,-0.3279653797911911,mri_2,
23X-5,400,-0.3212080236870863,mri_2,
23X-5,450,-0.3491155371234479,mri_2,
23X-5,50,-0.2124289182526968,mri_2,
23X-5,500,-0.3353591376202728,mri_2,
23X-5,MRI Width,-0.2504334351051578,mri_2,
23X-1,100,-0.3397684904590743,mri_1,
23X-1,150,-0.3812267697811076,mri_1,
23X-1,200,-0.38888779470684,mri_1,
23X-1,250,-0.3933472200658423,mri_1,
23X-1,300,-0.3947729160993865,mri_1,
23X-1,350,-0.4051488642375283,mri_1,
23X-1,400,-0.3866591048586086,mri_1,
23X-1,450,-0.3747872316380369,mri_1,
23X-1,50,-0.2635474711270012,mri_1,
23X-1,500,-0.3933137266205573,mri_1,
23X-1,MRI Width,-0.2857194914831433,mri_1,
23X-2,100,-0.2615496484367438,mri_1,
23X-2,150,-0.2901608849074701,mri_1,
23X-2,200,-0.310148615292541,mri_1,
23X-2,250,-0.3162247607130465,mri_1,
23X-2,300,-0.3265894221523227,mri_1,
23X-2,350,-0.3365019662602448,mri_1,
23X-2,400,-0.3314192840695386,mri_1,
23X-2,450,-0.3616832241019508,mri_1,
23X-2,50,-0.2100738842439417,mri_1,
23X-2,500,-0.3891088762067895,mri_1,
23X-2,MRI Width,-0.2360224889389275,mri_1,
23X-3,100,-0.1935377790417853,mri_1,
23X-3,150,-0.2078140972398691,mri_1,
23X-3,200,-0.2154822015817612,mri_1,
23X-3,250,-0.2227958913450969,mri_1,
23X-3,300,-0.2188198344008257,mri_1,
23X-3,350,-0.2109337785003776,mri_1,
23X-3,400,-0.2224058450764075,mri_1,
23X-3,450,-0.2214576842970432,mri_1,
23X-3,50,-0.1711627415436073,mri_1,
23X-3,500,-0.2156726477936052,mri_1,
23X-3,MRI Width,-0.1819886746137943,mri_1,
23X-3,100,-0.2898729137947605,mri_2,
23X-3,150,-0.3111942149890934,mri_2,
23X-3,200,-0.327127201403075,mri_2,
23X-3,250,-0.334829999977587,mri_2,
23X-3,300,-0.3298435782928562,mri_2,
23X-3,350,-0.321660496185654,mri_2,
23X-3,400,-0.3326579038475216,mri_2,
23X-3,450,-0.3353398284912335,mri_2,
23X-3,50,-0.2482238031510157,mri_2,
23X-3,500,-0.3239305813629738,mri_2,
23X-3,MRI Width,-0.2671166404404704,mri_2,
23X-4,100,-0.2730655375639775,mri_2,
23X-4,150,-0.3132255075308972,mri_2,
23X-4,200,-0.3365215008769335,mri_2,
23X-4,250,-0.3586050753336641,mri_2,
23X-4,300,-0.3463450333130711,mri_2,
23X-4,350,-0.3664376787803212,mri_2,
23X-4,400,-0.3651073195628883,mri_2,
23X-4,450,-0.3485791045725134,mri_2,
23X-4,50,-0.2258647022792169,mri_2,
23X-4,500,-0.3823726816868504,mri_2,
23X-4,MRI Width,-0.2399126436365201,mri_2,
23X-5,100,-0.2689225795549706,mri_2,
23X-5,150,-0.2979395050756592,mri_2,
23X-5,200,-0.3079350927877622,mri_2,
23X-5,250,-0.3168456789264344,mri_2,
23X-5,300,-0.315388957009955,mri_2,
23X-5,350,-0.327871707688413,mri_2,
23X-5,400,-0.3255386162277377,mri_2,
23X-5,450,-0.3513010361645924,mri_2,
23X-5,50,-0.2124388288663011,mri_2,
23X-5,500,-0.3355168274527956,mri_2,
23X-5,MRI Width,-0.2513941538222672,mri_2,
23X-1,100,-0.0617103718935426,mri_1,
23X-1,150,-0.0722564474706815,mri_1,
23X-1,200,-0.0750526062081206,mri_1,
23X-1,250,-0.0771675561741716,mri_1,
23X-1,300,-0.080500714752974,mri_1,
23X-1,350,-0.0842261330536236,mri_1,
23X-1,400,-0.0847123892669688,mri_1,
23X-1,450,-0.0831792704563028,mri_1,
23X-1,50,-0.0452021720892922,mri_1,
23X-1,500,-0.0850789508328153,mri_1,
23X-1,MRI Width,-0.0494809126437027,mri_1,
23X-2,100,-0.2197019555126835,mri_1,
23X-2,150,-0.2487468631176534,mri_1,
23X-2,200,-0.2622024599193223,mri_1,
23X-2,250,-0.2889151876697838,mri_1,
23X-2,300,-0.2946215687280368,mri_1,
23X-2,350,-0.2958844884625995,mri_1,
23X-2,400,-0.313044391735187,mri_1,
23X-2,450,-0.3345155583925812,mri_1,
23X-2,50,-0.1683795881416263,mri_1,
23X-2,500,-0.3520861003671381,mri_1,
23X-2,MRI Width,-0.1922255161599439,mri_1,
23X-3,100,-0.1710673405350932,mri_1,
23X-3,150,-0.1844091453415685,mri_1,
23X-3,200,-0.1922082803336633,mri_1,
23X-3,250,-0.1983453820010618,mri_1,
23X-3,300,-0.1995617015570955,mri_1,
23X-3,350,-0.1957581289855016,mri_1,
23X-3,400,-0.2027552118198694,mri_1,
23X-3,450,-0.2070050194177663,mri_1,
23X-3,50,-0.150352744992867,mri_1,
23X-3,500,-0.2013361534325291,mri_1,
23X-3,MRI Width,-0.1607307272420786,mri_1,
23X-3,100,-0.1714285795765942,mri_2,
23X-3,150,-0.1849667639769177,mri_2,
23X-3,200,-0.192977808382448,mri_2,
23X-3,250,-0.1990254084179393,mri_2,
23X-3,300,-0.197785841143315,mri_2,
23X-3,350,-0.1935264826408107,mri_2,
23X-3,400,-0.2003377255008157,mri_2,
23X-3,450,-0.203215248474118,mri_2,
23X-3,50,-0.15106484063301,mri_2,
23X-3,500,-0.1976813131034128,mri_2,
23X-3,MRI Width,-0.1620176498490426,mri_2,
23X-4,100,-0.2666860614504851,mri_2,
23X-4,150,-0.3078391060777337,mri_2,
23X-4,200,-0.3408149134934062,mri_2,
23X-4,250,-0.3582460812994686,mri_2,
23X-4,300,-0.3608375182554282,mri_2,
23X-4,350,-0.3780012405903202,mri_2,
23X-4,400,-0.3835027068375732,mri_2,
23X-4,450,-0.3687982723805236,mri_2,
23X-4,50,-0.2091152012968589,mri_2,
23X-4,500,-0.3902704071823767,mri_2,
23X-4,MRI Width,-0.2298813645365294,mri_2,
23X-5,100,-0.0896283176794497,mri_2,
23X-5,150,-0.0978042135307846,mri_2,
23X-5,200,-0.0993570026146662,mri_2,
23X-5,250,-0.1038454535313761,mri_2,
23X-5,300,-0.1026048145031786,mri_2,
23X-5,350,-0.106694908420961,mri_2,
23X-5,400,-0.1061048721554209,mri_2,
23X-5,450,-0.1139922357568833,mri_2,
23X-5,50,-0.0732570280371908,mri_2,
23X-5,500,-0.11032663746187,mri_2,
23X-5,MRI Width,-0.0850144986627575,mri_2,
23X-1,100,-0.3397684904590743,mri_1,
23X-2,100,-0.2615496484367438,mri_1,
23X-3,100,-0.1935377790417853,mri_1,
23X-3,100,-0.2898729137947605,mri_2,
23X-4,100,-0.2730655375639775,mri_2,
23X-5,100,-0.2689225795549706,mri_2,
23X-1,100,-0.3550183504868369,mri_1,-0.1357729207879519
23X-1,150,-0.3983090849285582,mri_1,-0.1497698860432615
23X-1,200,-0.4003225066287599,mri_1,-0.1451936495820649
23X-1,250,-0.4079563249854543,mri_1,-0.1506620364897418
23X-1,300,-0.3989977857412179,mri_1,-0.1401785954475056
23X-1,350,-0.4116092291208401,mri_1,-0.1419677734758875
23X-1,400,-0.3945457273818237,mri_1,-0.1394250050963135
23X-1,450,-0.3842528122639519,mri_1,-0.1326297398198315
23X-1,50,-0.2766622644644178,mri_1,-0.113213087484527
23X-1,500,-0.4133385059766016,mri_1,-0.1499646365078282
23X-2,100,-0.2679440577024175,mri_1,-0.1419969894928716
23X-2,150,-0.2944977407181669,mri_1,-0.1643635518987474
23X-2,200,-0.3168346143885879,mri_1,-0.171105556953054
23X-2,250,-0.3157037701574461,mri_1,-0.1762849865274872
23X-2,300,-0.3303019088658643,mri_1,-0.1834017766155911
23X-2,350,-0.3453086211819171,mri_1,-0.1911399716412729
23X-2,400,-0.3328493254953698,mri_1,-0.1884179526147119
23X-2,450,-0.3758555733280913,mri_1,-0.1977414224626262
23X-2,50,-0.2141480734855111,mri_1,-0.1155456823932394
23X-2,500,-0.3940670382289428,mri_1,-0.1966308840701789
23X-3,100,-0.2833686448258724,mri_1,-0.0180508369835809
23X-3,150,-0.3035941582007784,mri_1,-0.0195234398803548
23X-3,200,-0.3172272424931278,mri_1,-0.0197178470372903
23X-3,250,-0.3299814493073595,mri_1,-0.0200935377039523
23X-3,300,-0.3250922413477625,mri_1,-0.0194694361935728
23X-3,350,-0.3236426242169017,mri_1,-0.0175946827916874
23X-3,400,-0.3292745598753445,mri_1,-0.019339817740945
23X-3,450,-0.3404689072280343,mri_1,-0.0192569317098936
23X-3,50,-0.2476108059816076,mri_1,-0.0165399001580097
23X-3,500,-0.3239117127729629,mri_1,-0.018711338598576
23X-3,100,-0.2657955770042383,mri_2,-0.0196462061058679
23X-3,150,-0.2856453375004883,mri_2,-0.0213164081313183
23X-3,200,-0.3026606412394553,mri_2,-0.0213170157820182
23X-3,250,-0.3101497337335431,mri_2,-0.0219143472281906
23X-3,300,-0.3035857720186916,mri_2,-0.0220523226706032
23X-3,350,-0.3062273076257554,mri_2,-0.0194941271039563
23X-3,400,-0.3090873541724969,mri_2,-0.0217449085604628
23X-3,450,-0.3193682158790751,mri_2,-0.0211367827510743
23X-3,50,-0.2350357892976772,mri_2,-0.0181485693270384
23X-3,500,-0.3025771164442445,mri_2,-0.0210149490911127
23X-4,100,-0.2804101089113507,mri_2,-0.1248067475890791
23X-4,150,-0.3220632893407703,mri_2,-0.1402508089524013
23X-4,200,-0.343897393797735,mri_2,-0.1438808748027639
23X-4,250,-0.3647418900228253,mri_2,-0.1508106220459114
23X-4,300,-0.3489018303756961,mri_2,-0.1449052727336594
23X-4,350,-0.3707019194371614,mri_2,-0.1473302986140368
23X-4,400,-0.3697624320486777,mri_2,-0.1456825159343032
23X-4,450,-0.3546291988193613,mri_2,-0.1373344500343427
23X-4,50,-0.2242983342516198,mri_2,-0.1041725769040553
23X-4,500,-0.3911779846639984,mri_2,-0.1520708148754124
23X-5,100,-0.1422164691442365,mri_2,-0.0943192686872504
23X-5,150,-0.1558980278262051,mri_2,-0.1030972439853766
23X-5,200,-0.1580783723245028,mri_2,-0.1040959049060037
23X-5,250,-0.1641666485858824,mri_2,-0.1090508028981698
23X-5,300,-0.1647250780436967,mri_2,-0.1066695384220695
23X-5,350,-0.168764107864607,mri_2,-0.111369435955458
23X-5,400,-0.1664116487523803,mri_2,-0.107712997075889
23X-5,450,-0.1820121708730213,mri_2,-0.1171655998517468
23X-5,50,-0.115162662467103,mri_2,-0.0782987499707729
23X-5,500,-0.1743296078260653,mri_2,-0.1137864321302238
23X-1,100,-0.1269760161884398,mri_1,
23X-1,150,-0.1396156415132141,mri_1,
23X-1,200,-0.1354360673334289,mri_1,
23X-1,250,-0.1417270136887214,mri_1,
23X-1,300,-0.1306580123241313,mri_1,
23X-1,350,-0.1339610279539654,mri_1,
23X-1,400,-0.1292624201300996,mri_1,
23X-1,450,-0.1243701151493296,mri_1,
23X-1,50,-0.1054295926683053,mri_1,
23X-1,500,-0.1389264986457419,mri_1,
23X-1,MRI Width,-0.1123619138095398,mri_1,
23X-2,100,-0.1366626826867956,mri_1,
23X-2,150,-0.1586234706185386,mri_1,
23X-2,200,-0.1642774315094109,mri_1,
23X-2,250,-0.1704070464815409,mri_1,
23X-2,300,-0.175719910410855,mri_1,
23X-2,350,-0.1822256637221601,mri_1,
23X-2,400,-0.1812625029432866,mri_1,
23X-2,450,-0.1898373545948893,mri_1,
23X-2,50,-0.1117766448784216,mri_1,
23X-2,500,-0.1898809015845002,mri_1,
23X-2,MRI Width,-0.1252587052340134,mri_1,
23X-3,100,-0.0162829710195628,mri_1,
23X-3,150,-0.0173684665763596,mri_1,
23X-3,200,-0.017832463134227,mri_1,
23X-3,250,-0.0183476893303642,mri_1,
23X-3,300,-0.0172056595873802,mri_1,
23X-3,350,-0.016092115734287,mri_1,
23X-3,400,-0.0171589966095702,mri_1,
23X-3,450,-0.016777680218417,mri_1,
23X-3,50,-0.015151773416886,mri_1,
23X-3,500,-0.0161798662119532,mri_1,
23X-3,MRI Width,-0.015723130649137,mri_1,
23X-3,100,-0.0171586648537914,mri_2,
23X-3,150,-0.0186312468772989,mri_2,
23X-3,200,-0.0185683662078682,mri_2,
23X-3,250,-0.0192972650070234,mri_2,
23X-3,300,-0.0188399315707705,mri_2,
23X-3,350,-0.0173503516256943,mri_2,
23X-3,400,-0.0187255569715946,mri_2,
23X-3,450,-0.0181456163691531,mri_2,
23X-3,50,-0.0162482800218541,mri_2,
23X-3,500,-0.0176651833349247,mri_2,
23X-3,MRI Width,-0.0168154821046097,mri_2,
23X-4,100,-0.118881630973941,mri_2,
23X-4,150,-0.1337015484126476,mri_2,
23X-4,200,-0.1375646494884934,mri_2,
23X-4,250,-0.144137208112136,mri_2,
23X-4,300,-0.1382855673065926,mri_2,
23X-4,350,-0.1411998893151813,mri_2,
23X-4,400,-0.1387576366332207,mri_2,
23X-4,450,-0.1307176689536379,mri_2,
23X-4,50,-0.0987469122236197,mri_2,
23X-4,500,-0.1448457146571873,mri_2,
23X-4,MRI Width,-0.1085616961949365,mri_2,
23X-5,100,-0.0942002851978221,mri_2,
23X-5,150,-0.1031630725427397,mri_2,
23X-5,200,-0.1051608211856312,mri_2,
23X-5,250,-0.1088976572978261,mri_2,
23X-5,300,-0.10731009593142,mri_2,
23X-5,350,-0.1112935019449635,mri_2,
23X-5,400,-0.1079854042966388,mri_2,
23X-5,450,-0.1184382351268672,mri_2,
23X-5,50,-0.0771659943710874,mri_2,
23X-5,500,-0.1126177600340602,mri_2,
23X-5,MRI Width,-0.0903463897772442,mri_2,
23X-1,100,-0.3412334026051049,mri_1,
23X-2,100,-0.2520450634337797,mri_1,
23X-3,100,-0.2713975141560616,mri_1,
23X-3,100,-0.2927394713243266,mri_2,
23X-4,100,-0.2720545342042013,mri_2,
23X-5,100,-0.1105327890277703,mri_2,
23X-1,100,-0.3564342894844501,mri_1,-0.1357729207879519
23X-1,150,-0.3998506221895688,mri_1,-0.1497698860432615
23X-1,200,-0.4118667623159336,mri_1,-0.1451936495820649
23X-1,250,-0.4169927690363017,mri_1,-0.1506620364897418
23X-1,300,-0.4165630462924926,mri_1,-0.1401785954475056
23X-1,350,-0.4313345091813198,mri_1,-0.1419677734758875
23X-1,400,-0.4124112429678849,mri_1,-0.1394250050963135
23X-1,450,-0.400157627055637,mri_1,-0.1326297398198315
23X-1,50,-0.2756764768049686,mri_1,-0.113213087484527
23X-1,500,-0.424364227853949,mri_1,-0.1499646365078282
23X-2,100,-0.2756375405174636,mri_1,-0.1419969894928716
23X-2,150,-0.3082154796582678,mri_1,-0.1643635518987474
23X-2,200,-0.3260239813046825,mri_1,-0.171105556953054
23X-2,250,-0.3312640778284431,mri_1,-0.1762849865274872
23X-2,300,-0.3431245548443853,mri_1,-0.1834017766155911
23X-2,350,-0.3556644743862071,mri_1,-0.1911399716412729
23X-2,400,-0.3483437218734297,mri_1,-0.1884179526147119
23X-2,450,-0.3850351786202869,mri_1,-0.1977414224626262
23X-2,50,-0.2208319784103216,mri_1,-0.1155456823932394
23X-2,500,-0.4082107852222615,mri_1,-0.1966308840701789
23X-3,100,-0.3090746907515105,mri_1,-0.0180508369835809
23X-3,150,-0.3341616172401554,mri_1,-0.0195234398803548
23X-3,200,-0.3495228629600724,mri_1,-0.0197178470372903
23X-3,250,-0.3566412231251053,mri_1,-0.0200935377039523
23X-3,300,-0.3525285732813893,mri_1,-0.0194694361935728
23X-3,350,-0.3473393428074863,mri_1,-0.0175946827916874
23X-3,400,-0.3546672363109144,mri_1,-0.019339817740945
23X-3,450,-0.359302606805004,mri_1,-0.0192569317098936
23X-3,50,-0.2640708213334731,mri_1,-0.0165399001580097
23X-3,500,-0.3433006070158657,mri_1,-0.018711338598576
23X-3,100,-0.3031384169994727,mri_2,-0.0196462061058679
23X-3,150,-0.3280585544530149,mri_2,-0.0213164081313183
23X-3,200,-0.3466606693238155,mri_2,-0.0213170157820182
23X-3,250,-0.3515907822941885,mri_2,-0.0219143472281906
23X-3,300,-0.3502908894368539,mri_2,-0.0220523226706032
23X-3,350,-0.3472027338285543,mri_2,-0.0194941271039563
23X-3,400,-0.350079876337464,mri_2,-0.0217449085604628
23X-3,450,-0.3563039917143918,mri_2,-0.0211367827510743
23X-3,50,-0.259409818365583,mri_2,-0.0181485693270384
23X-3,500,-0.3419704666826527,mri_2,-0.0210149490911127
23X-4,100,-0.2795457163561047,mri_2,-0.1248067475890791
23X-4,150,-0.3213666234781508,mri_2,-0.1402508089524013
23X-4,200,-0.3443672681323912,mri_2,-0.1438808748027639
23X-4,250,-0.36615232305748,mri_2,-0.1508106220459114
23X-4,300,-0.3523982514950307,mri_2,-0.1449052727336594
23X-4,350,-0.3733673271139054,mri_2,-0.1473302986140368
23X-4,400,-0.3706067175538676,mri_2,-0.1456825159343032
23X-4,450,-0.354535000597606,mri_2,-0.1373344500343427
23X-4,50,-0.2237724594544157,mri_2,-0.1041725769040553
23X-4,500,-0.3888669027910969,mri_2,-0.1520708148754124
23X-5,100,-0.2800671672983357,mri_2,-0.0943192686872504
23X-5,150,-0.3089021476102389,mri_2,-0.1030972439853766
23X-5,200,-0.3174327672983385,mri_2,-0.1040959049060037
23X-5,250,-0.3277597267361824,mri_2,-0.1090508028981698
23X-5,300,-0.3246140792631068,mri_2,-0.1066695384220695
23X-5,350,-0.3424064164124467,mri_2,-0.111369435955458
23X-5,400,-0.3368299709901327,mri_2,-0.107712997075889
23X-5,450,-0.3651849345924428,mri_2,-0.1171655998517468
23X-5,50,-0.2220092114089428,mri_2,-0.0782987499707729
23X-5,500,-0.3503867056399244,mri_2,-0.1137864321302238
23Y-1,100,-0.2750519434446611,mri_1,
23Y-1,150,-0.4471956674454694,mri_1,
23Y-1,200,-0.4409455734450324,mri_1,
23Y-1,250,-0.435195047274156,mri_1,
23Y-1,300,-0.4304073665307273,mri_1,
23Y-1,350,-0.4130201612235686,mri_1,
23Y-1,400,-0.409822204726413,mri_1,
23Y-1,450,-0.419986465580685,mri_1,
23Y-1,50,-0.3983904841172899,mri_1,
23Y-1,500,-0.4425857742093674,mri_1,
23Y-1,MRI Width,-0.4157204698831279,mri_1,
23Y-2,100,-0.3092431974612268,mri_1,
23Y-2,150,-0.44781046283716,mri_1,
23Y-2,200,-0.4491530284823157,mri_1,
23Y-2,250,-0.4516948303653584,mri_1,
23Y-2,300,-0.4348784867692906,mri_1,
23Y-2,350,-0.4430379799797665,mri_1,
23Y-2,400,-0.4260356552031331,mri_1,
23Y-2,450,-0.4293786225741388,mri_1,
23Y-2,50,-0.4035444451556145,mri_1,
23Y-2,500,-0.4490391360689708,mri_1,
23Y-2,MRI Width,-0.4191778822433738,mri_1,
23Y-3,100,-0.2936560572378332,mri_1,
23Y-3,150,-0.2249155100475628,mri_1,
23Y-3,200,-0.363995339369647,mri_1,
23Y-3,250,-0.3737168925681668,mri_1,
23Y-3,300,-0.3628574855470585,mri_1,
23Y-3,350,-0.377915683578068,mri_1,
23Y-3,400,-0.3599081463520882,mri_1,
23Y-3,450,-0.3647939661238477,mri_1,
23Y-3,50,-0.2687938994986881,mri_1,
23Y-3,500,-0.3725549905922706,mri_1,
23Y-3,MRI Width,-0.29864553444831,mri_1,
23Y-3,100,-0.2934457102956077,mri_2,
23Y-3,150,-0.2298854356057282,mri_2,
23Y-3,200,-0.3630228565255128,mri_2,
23Y-3,250,-0.3728207540441551,mri_2,
23Y-3,300,-0.3624748365554957,mri_2,
23Y-3,350,-0.3717968255339602,mri_2,
23Y-3,400,-0.3573084817307426,mri_2,
23Y-3,450,-0.3604667264709507,mri_2,
23Y-3,50,-0.267321574828024,mri_2,
23Y-3,500,-0.3674187846725606,mri_2,
23Y-3,MRI Width,-0.2977175977018542,mri_2,
23Y-4,100,-0.1296227104496846,mri_2,
23Y-4,150,-0.1055295598288834,mri_2,
23Y-4,200,-0.1467360205716312,mri_2,
23Y-4,250,-0.1505745829343263,mri_2,
23Y-4,300,-0.1498176057143412,mri_2,
23Y-4,350,-0.1513095466904605,mri_2,
23Y-4,400,-0.1484379357648616,mri_2,
23Y-4,450,-0.1530555688265153,mri_2,
23Y-4,50,-0.1222937768219685,mri_2,
23Y-4,500,-0.1520094992547663,mri_2,
23Y-4,MRI Width,-0.1290107098644794,mri_2,
23Y-5,100,-0.3205284527207671,mri_2,
23Y-5,150,-0.2817734714762556,mri_2,
23Y-5,200,-0.3846475792008678,mri_2,
23Y-5,250,-0.3825354926588674,mri_2,
23Y-5,300,-0.3790608830353381,mri_2,
23Y-5,350,-0.369424013569526,mri_2,
23Y-5,400,-0.3593709002770134,mri_2,
23Y-5,450,-0.366223872820371,mri_2,
23Y-5,50,-0.2900601024269672,mri_2,
23Y-5,500,-0.402481218635951,mri_2,
23Y-5,MRI Width,-0.3189344392689696,mri_2,
23Y-1,100,-0.0237311293981719,mri_1,
23Y-1,150,-0.0526093005876115,mri_1,
23Y-1,200,-0.0462387473687207,mri_1,
23Y-1,250,-0.0465844077286815,mri_1,
23Y-1,300,-0.0481561311330805,mri_1,
23Y-1,350,-0.0508736780267237,mri_1,
23Y-1,400,-0.0493987315847677,mri_1,
23Y-1,450,-0.0490506512106106,mri_1,
23Y-1,50,-0.0413622331941092,mri_1,
23Y-1,500,-0.0507794601056774,mri_1,
23Y-1,MRI Width,-0.0422131454439297,mri_1,
23Y-2,100,-0.2875210681222357,mri_1,
23Y-2,150,-0.4128157108884533,mri_1,
23Y-2,200,-0.419161992814038,mri_1,
23Y-2,250,-0.4218735113219053,mri_1,
23Y-2,300,-0.417500813842162,mri_1,
23Y-2,350,-0.4266020376277675,mri_1,
23Y-2,400,-0.4125186605756126,mri_1,
23Y-2,450,-0.4163584378895588,mri_1,
23Y-2,50,-0.3725284713448727,mri_1,
23Y-2,500,-0.4230140351003595,mri_1,
23Y-2,MRI Width,-0.3847597602021356,mri_1,
23Y-3,100,-0.2910091674579841,mri_1,
23Y-3,150,-0.2237790420287328,mri_1,
23Y-3,200,-0.3619147776014263,mri_1,
23Y-3,250,-0.3727782425088018,mri_1,
23Y-3,300,-0.3659595924726992,mri_1,
23Y-3,350,-0.3821091731191297,mri_1,
23Y-3,400,-0.3637126344537418,mri_1,
23Y-3,450,-0.3679579792947965,mri_1,
23Y-3,50,-0.2637378351724634,mri_1,
23Y-3,500,-0.3721816533199962,mri_1,
23Y-3,MRI Width,-0.2935326702488209,mri_1,
23Y-3,100,-0.1160609113899946,mri_2,
23Y-3,150,-0.0966062906079049,mri_2,
23Y-3,200,-0.1419167312413454,mri_2,
23Y-3,250,-0.1457565872136422,mri_2,
23Y-3,300,-0.1542052076686182,mri_2,
23Y-3,350,-0.1589311849033474,mri_2,
23Y-3,400,-0.1587237402110495,mri_2,
23Y-3,450,-0.1635951914230688,mri_2,
23Y-3,50,-0.1039506498722101,mri_2,
23Y-3,500,-0.1519888408142517,mri_2,
23Y-3,MRI Width,-0.11362581028342,mri_2,
23Y-4,100,-0.0915089026812831,mri_2,
23Y-4,150,-0.0741078298729866,mri_2,
23Y-4,200,-0.1034265733482731,mri_2,
23Y-4,250,-0.1055416750094497,mri_2,
23Y-4,300,-0.1055466933091699,mri_2,
23Y-4,350,-0.1064209969820313,mri_2,
23Y-4,400,-0.1045753094759321,mri_2,
23Y-4,450,-0.1054630599494557,mri_2,
23Y-4,50,-0.087121918365498,mri_2,
23Y-4,500,-0.1060571114612397,mri_2,
23Y-4,MRI Width,-0.0915527589570134,mri_2,
23Y-5,100,-0.2985627015528684,mri_2,
23Y-5,150,-0.2718533217602749,mri_2,
23Y-5,200,-0.3753056554368821,mri_2,
23Y-5,250,-0.3874226877943703,mri_2,
23Y-5,300,-0.395872692364615,mri_2,
23Y-5,350,-0.4068095081785863,mri_2,
23Y-5,400,-0.4006674152654927,mri_2,
23Y-5,450,-0.4057245027597929,mri_2,
23Y-5,50,-0.2674525389897703,mri_2,
23Y-5,500,-0.3997762751445224,mri_2,
23Y-5,MRI Width,-0.2961316845538531,mri_2,
23Y-1,100,-0.2762556800884129,mri_1,
23Y-1,150,-0.4544929396917354,mri_1,
23Y-1,200,-0.4495242738278029,mri_1,
23Y-1,250,-0.4430476707597975,mri_1,
23Y-1,300,-0.4386147840979359,mri_1,
23Y-1,350,-0.4236675684636541,mri_1,
23Y-1,400,-0.4166993930490217,mri_1,
23Y-1,450,-0.4304452751521421,mri_1,
23Y-1,50,-0.4069118465759357,mri_1,
23Y-1,500,-0.4472936044426974,mri_1,
23Y-1,MRI Width,-0.4233676892371756,mri_1,
23Y-2,100,-0.3051806368902745,mri_1,
23Y-2,150,-0.4440818022768849,mri_1,
23Y-2,200,-0.4414362916488764,mri_1,
23Y-2,250,-0.4448983272517816,mri_1,
23Y-2,300,-0.4284670886909524,mri_1,
23Y-2,350,-0.4393672865154225,mri_1,
23Y-2,400,-0.4194582116319746,mri_1,
23Y-2,450,-0.4251457813025088,mri_1,
23Y-2,50,-0.3994671352855161,mri_1,
23Y-2,500,-0.4437435426110275,mri_1,
23Y-2,MRI Width,-0.4147704732305891,mri_1,
23Y-3,100,-0.299956809475093,mri_1,
23Y-3,150,-0.2307106081295399,mri_1,
23Y-3,200,-0.3723984054159087,mri_1,
23Y-3,250,-0.3832867792242218,mri_1,
23Y-3,300,-0.3731839646494108,mri_1,
23Y-3,350,-0.3883869084839298,mri_1,
23Y-3,400,-0.3702328614596512,mri_1,
23Y-3,450,-0.3741122628822629,mri_1,
23Y-3,50,-0.2727012872028522,mri_1,
23Y-3,500,-0.38108328623076,mri_1,
23Y-3,MRI Width,-0.3034927680329805,mri_1,
23Y-3,100,-0.2938995044243857,mri_2,
23Y-3,150,-0.2276765082798555,mri_2,
23Y-3,200,-0.3608194983025494,mri_2,
23Y-3,250,-0.3728656937896555,mri_2,
23Y-3,300,-0.3646917399715383,mri_2,
23Y-3,350,-0.3729702655573249,mri_2,
23Y-3,400,-0.3583211631115118,mri_2,
23Y-3,450,-0.363173671605248,mri_2,
23Y-3,50,-0.2650369918169432,mri_2,
23Y-3,500,-0.3670833379647241,mri_2,
23Y-3,MRI Width,-0.2975830368441885,mri_2,
23Y-4,100,-0.1600692629478631,mri_2,
23Y-4,150,-0.1302883198326822,mri_2,
23Y-4,200,-0.182983222826215,mri_2,
23Y-4,250,-0.1857960225294507,mri_2,
23Y-4,300,-0.1851856073376862,mri_2,
23Y-4,350,-0.1870773877379705,mri_2,
23Y-4,400,-0.1830549299964357,mri_2,
23Y-4,450,-0.187188323897593,mri_2,
23Y-4,50,-0.1528928902635087,mri_2,
23Y-4,500,-0.1857379777566268,mri_2,
23Y-4,MRI Width,-0.1611589097966374,mri_2,
23Y-5,100,-0.3225263185601746,mri_2,
23Y-5,150,-0.2816415956807765,mri_2,
23Y-5,200,-0.3878973374800015,mri_2,
23Y-5,250,-0.388636465156218,mri_2,
23Y-5,300,-0.3859041832828331,mri_2,
23Y-5,350,-0.3765015009226163,mri_2,
23Y-5,400,-0.3662283664786323,mri_2,
23Y-5,450,-0.3732536646827027,mri_2,
23Y-5,50,-0.2918647538341986,mri_2,
23Y-5,500,-0.4052725109865333,mri_2,
23Y-5,MRI Width,-0.3215188496962426,mri_2,
23Y-1,100,-0.2750519434446611,mri_1,
23Y-2,100,-0.3092431974612268,mri_1,
23Y-3,100,-0.2936560572378332,mri_1,
23Y-3,100,-0.2934457102956077,mri_2,
23Y-4,100,-0.1296227104496846,mri_2,
23Y-5,100,-0.3205284527207671,mri_2,
23Y-1,100,-0.2728616897041701,mri_1,
23Y-1,150,-0.443873112285095,mri_1,
23Y-1,200,-0.4311591047235319,mri_1,
23Y-1,250,-0.426434375557617,mri_1,
23Y-1,300,-0.420314530963196,mri_1,
23Y-1,350,-0.4065829330663184,mri_1,
23Y-1,400,-0.4015407335321226,mri_1,
23Y-1,450,-0.4117613848758538,mri_1,
23Y-1,50,-0.398911218998131,mri_1,
23Y-1,500,-0.436120201687353,mri_1,
23Y-1,MRI Width,-0.4139354702661816,mri_1,
23Y-2,100,-0.3062285084956103,mri_1,
23Y-2,150,-0.4410128872060759,mri_1,
23Y-2,200,-0.4368948256583492,mri_1,
23Y-2,250,-0.4385142539351825,mri_1,
23Y-2,300,-0.4222378538625466,mri_1,
23Y-2,350,-0.4312893068712938,mri_1,
23Y-2,400,-0.4137795960753536,mri_1,
23Y-2,450,-0.4179899344058493,mri_1,
23Y-2,50,-0.4004319967769433,mri_1,
23Y-2,500,-0.4418054755208808,mri_1,
23Y-2,MRI Width,-0.4146725390445728,mri_1,
23Y-3,100,-0.2955915948956326,mri_1,
23Y-3,150,-0.2268070339282672,mri_1,
23Y-3,200,-0.3663652889412081,mri_1,
23Y-3,250,-0.3765636588380076,mri_1,
23Y-3,300,-0.3654257772614159,mri_1,
23Y-3,350,-0.3786867098831168,mri_1,
23Y-3,400,-0.3612087620257458,mri_1,
23Y-3,450,-0.3661621009313774,mri_1,
23Y-3,50,-0.2709457285974593,mri_1,
23Y-3,500,-0.3738191451690955,mri_1,
23Y-3,MRI Width,-0.3013283392669725,mri_1,
23Y-3,100,-0.292538587605316,mri_2,
23Y-3,150,-0.2255474091128141,mri_2,
23Y-3,200,-0.3637034231969136,mri_2,
23Y-3,250,-0.3741184898844968,mri_2,
23Y-3,300,-0.3636899081844414,mri_2,
23Y-3,350,-0.3741382419280366,mri_2,
23Y-3,400,-0.356469391420869,mri_2,
23Y-3,450,-0.3616544231971467,mri_2,
23Y-3,50,-0.2663426258140929,mri_2,
23Y-3,500,-0.3685820251096733,mri_2,
23Y-3,MRI Width,-0.2970780025958619,mri_2,
23Y-4,100,-0.1396580840768535,mri_2,
23Y-4,150,-0.1135234848847486,mri_2,
23Y-4,200,-0.1579263847502031,mri_2,
23Y-4,250,-0.1601176135311572,mri_2,
23Y-4,300,-0.1591032104959503,mri_2,
23Y-4,350,-0.1605847479093585,mri_2,
23Y-4,400,-0.1571116894236084,mri_2,
23Y-4,450,-0.1594164132278627,mri_2,
23Y-4,50,-0.1336508340591358,mri_2,
23Y-4,500,-0.1574996407496079,mri_2,
23Y-4,MRI Width,-0.1394472074542512,mri_2,
23Y-5,100,-0.3179002040279029,mri_2,
23Y-5,150,-0.2765697669336564,mri_2,
23Y-5,200,-0.380763019688549,mri_2,
23Y-5,250,-0.3813302672291389,mri_2,
23Y-5,300,-0.3804570023118377,mri_2,
23Y-5,350,-0.3700177854826932,mri_2,
23Y-5,400,-0.3592107507482867,mri_2,
23Y-5,450,-0.3675339444244668,mri_2,
23Y-5,50,-0.2897950644332032,mri_2,
23Y-5,500,-0.3992055251007374,mri_2,
23Y-5,MRI Width,-0.3170009589320099,mri_2,
23Y-1,100,-0.2750519434446611,mri_1,
23Y-1,150,-0.4471956674454694,mri_1,
23Y-1,200,-0.4409455734450324,mri_1,
23Y-1,250,-0.435195047274156,mri_1,
23Y-1,300,-0.4304073665307273,mri_1,
23Y-1,350,-0.4130201612235686,mri_1,
23Y-1,400,-0.409822204726413,mri_1,
23Y-1,450,-0.419986465580685,mri_1,
23Y-1,50,-0.3983904841172899,mri_1,
23Y-1,500,-0.4425857742093674,mri_1,
23Y-1,MRI Width,-0.4157204698831279,mri_1,
23Y-2,100,-0.3092431974612268,mri_1,
23Y-2,150,-0.44781046283716,mri_1,
23Y-2,200,-0.4491530284823157,mri_1,
23Y-2,250,-0.4516948303653584,mri_1,
23Y-2,300,-0.4348784867692906,mri_1,
23Y-2,350,-0.4430379799797665,mri_1,
23Y-2,400,-0.4260356552031331,mri_1,
23Y-2,450,-0.4293786225741388,mri_1,
23Y-2,50,-0.4035444451556145,mri_1,
23Y-2,500,-0.4490391360689708,mri_1,
23Y-2,MRI Width,-0.4191778822433738,mri_1,
23Y-3,100,-0.2936560572378332,mri_1,
23Y-3,150,-0.2249155100475628,mri_1,
23Y-3,200,-0.363995339369647,mri_1,
23Y-3,250,-0.3737168925681668,mri_1,
23Y-3,300,-0.3628574855470585,mri_1,
23Y-3,350,-0.377915683578068,mri_1,
23Y-3,400,-0.3599081463520882,mri_1,
23Y-3,450,-0.3647939661238477,mri_1,
23Y-3,50,-0.2687938994986881,mri_1,
23Y-3,500,-0.3725549905922706,mri_1,
23Y-3,MRI Width,-0.29864553444831,mri_1,
23Y-3,100,-0.2934457102956077,mri_2,
23Y-3,150,-0.2298854356057282,mri_2,
23Y-3,200,-0.3630228565255128,mri_2,
23Y-3,250,-0.3728207540441551,mri_2,
23Y-3,300,-0.3624748365554957,mri_2,
23Y-3,350,-0.3717968255339602,mri_2,
23Y-3,400,-0.3573084817307426,mri_2,
23Y-3,450,-0.3604667264709507,mri_2,
23Y-3,50,-0.267321574828024,mri_2,
23Y-3,500,-0.3674187846725606,mri_2,
23Y-3,MRI Width,-0.2977175977018542,mri_2,
23Y-4,100,-0.1296227104496846,mri_2,
23Y-4,150,-0.1055295598288834,mri_2,
23Y-4,200,-0.1467360205716312,mri_2,
23Y-4,250,-0.1505745829343263,mri_2,
23Y-4,300,-0.1498176057143412,mri_2,
23Y-4,350,-0.1513095466904605,mri_2,
23Y-4,400,-0.1484379357648616,mri_2,
23Y-4,450,-0.1530555688265153,mri_2,
23Y-4,50,-0.1222937768219685,mri_2,
23Y-4,500,-0.1520094992547663,mri_2,
23Y-4,MRI Width,-0.1290107098644794,mri_2,
23Y-5,100,-0.3205284527207671,mri_2,
23Y-5,150,-0.2817734714762556,mri_2,
23Y-5,200,-0.3846475792008678,mri_2,
23Y-5,250,-0.3825354926588674,mri_2,
23Y-5,300,-0.3790608830353381,mri_2,
23Y-5,350,-0.369424013569526,mri_2,
23Y-5,400,-0.3593709002770134,mri_2,
23Y-5,450,-0.366223872820371,mri_2,
23Y-5,50,-0.2900601024269672,mri_2,
23Y-5,500,-0.402481218635951,mri_2,
23Y-5,MRI Width,-0.3189344392689696,mri_2,
23Y-1,100,-0.2348423968188003,mri_1,
23Y-1,150,-0.3474610064296261,mri_1,
23Y-1,200,-0.3406321341304832,mri_1,
23Y-1,250,-0.3441473166291616,mri_1,
23Y-1,300,-0.3436516382236085,mri_1,
23Y-1,350,-0.3292913751817022,mri_1,
23Y-1,400,-0.3418398290794531,mri_1,
23Y-1,450,-0.339198199413656,mri_1,
23Y-1,50,-0.3079741720291289,mri_1,
23Y-1,500,-0.3600090928214614,mri_1,
23Y-1,MRI Width,-0.3170207732915049,mri_1,
23Y-2,100,-0.2908125920717021,mri_1,
23Y-2,150,-0.4222084492170843,mri_1,
23Y-2,200,-0.4301440008890104,mri_1,
23Y-2,250,-0.4303151788716418,mri_1,
23Y-2,300,-0.4333573280456348,mri_1,
23Y-2,350,-0.4381410007266739,mri_1,
23Y-2,400,-0.4204231644052704,mri_1,
23Y-2,450,-0.4222838735255849,mri_1,
23Y-2,50,-0.3799445367611601,mri_1,
23Y-2,500,-0.4287805330430999,mri_1,
23Y-2,MRI Width,-0.3934305677162238,mri_1,
23Y-3,100,-0.2910091674579841,mri_1,
23Y-3,150,-0.2237790420287328,mri_1,
23Y-3,200,-0.3619147776014263,mri_1,
23Y-3,250,-0.3727782425088018,mri_1,
23Y-3,300,-0.3659595924726992,mri_1,
23Y-3,350,-0.3821091731191297,mri_1,
23Y-3,400,-0.3637126344537418,mri_1,
23Y-3,450,-0.3679579792947965,mri_1,
23Y-3,50,-0.2637378351724634,mri_1,
23Y-3,500,-0.3721816533199962,mri_1,
23Y-3,MRI Width,-0.2935326702488209,mri_1,
23Y-3,100,-0.1239242320611566,mri_2,
23Y-3,150,-0.1052411131130122,mri_2,
23Y-3,200,-0.1491242568462068,mri_2,
23Y-3,250,-0.1541222076045368,mri_2,
23Y-3,300,-0.1519968137596019,mri_2,
23Y-3,350,-0.1602939620983905,mri_2,
23Y-3,400,-0.159757371641904,mri_2,
23Y-3,450,-0.1667053677112193,mri_2,
23Y-3,50,-0.1126348041769352,mri_2,
23Y-3,500,-0.163622498166307,mri_2,
23Y-3,MRI Width,-0.1233308531679201,mri_2,
23Y-4,100,-0.0512098837857181,mri_2,
23Y-4,150,-0.0433283252323335,mri_2,
23Y-4,200,-0.0582566128061968,mri_2,
23Y-4,250,-0.0605422672521261,mri_2,
23Y-4,300,-0.059613579665802,mri_2,
23Y-4,350,-0.0636815312394803,mri_2,
23Y-4,400,-0.0604516168800562,mri_2,
23Y-4,450,-0.0613406626683459,mri_2,
23Y-4,50,-0.0506958887671324,mri_2,
23Y-4,500,-0.0651774957427746,mri_2,
23Y-4,MRI Width,-0.0519505289360858,mri_2,
23Y-5,100,-0.1519298459800867,mri_2,
23Y-5,150,-0.1430946369975215,mri_2,
23Y-5,200,-0.1921491373143873,mri_2,
23Y-5,250,-0.198909365470465,mri_2,
23Y-5,300,-0.2060682590707554,mri_2,
23Y-5,350,-0.2122197733797359,mri_2,
23Y-5,400,-0.216737265652256,mri_2,
23Y-5,450,-0.2198871064365429,mri_2,
23Y-5,50,-0.1382420067165239,mri_2,
23Y-5,500,-0.2105900929791768,mri_2,
23Y-5,MRI Width,-0.1492940291566458,mri_2,
23Y-1,100,-0.2750519434446611,mri_1,
23Y-2,100,-0.3092431974612268,mri_1,
23Y-3,100,-0.2936560572378332,mri_1,
23Y-3,100,-0.2934457102956077,mri_2,
23Y-4,100,-0.1296227104496846,mri_2,
23Y-5,100,-0.3205284527207671,mri_2,
23Y-1,100,-0.2802559143640622,mri_1,-0.0821110659230911
23Y-1,150,-0.4570227188244615,mri_1,-0.1056090876530945
23Y-1,200,-0.4485372397909206,mri_1,-0.098612376096786
23Y-1,250,-0.440445922276603,mri_1,-0.1006033816473633
23Y-1,300,-0.4359827177885293,mri_1,-0.0981448617328116
23Y-1,350,-0.4261251373535298,mri_1,-0.0979942416177213
23Y-1,400,-0.4225885493695474,mri_1,-0.0974395732338074
23Y-1,450,-0.4321761656648197,mri_1,-0.0986023932622046
23Y-1,50,-0.4079724669371102,mri_1,-0.0890789167636088
23Y-1,500,-0.4477500539556971,mri_1,-0.1039695028562483
23Y-2,100,-0.3093951781572448,mri_1,-0.07146387462401
23Y-2,150,-0.4673537512921353,mri_1,-0.0830780987373812
23Y-2,200,-0.4556005712398194,mri_1,-0.0811927737936969
23Y-2,250,-0.4553415309225319,mri_1,-0.088841495004476
23Y-2,300,-0.4405974309495523,mri_1,-0.0779094739677258
23Y-2,350,-0.4497702220383751,mri_1,-0.0821151688946919
23Y-2,400,-0.4362117214784077,mri_1,-0.0784685444033848
23Y-2,450,-0.4351007155125178,mri_1,-0.0835716998963556
23Y-2,50,-0.4169830640246231,mri_1,-0.0730185171922696
23Y-2,500,-0.4542814092532899,mri_1,-0.0894163421701687
23Y-3,100,-0.30675988720286,mri_1,-0.0847213735011536
23Y-3,150,-0.2334790721523952,mri_1,-0.0751676105643105
23Y-3,200,-0.3833251419398784,mri_1,-0.1029138599117426
23Y-3,250,-0.3922748723343314,mri_1,-0.1042345340951593
23Y-3,300,-0.3815423709394344,mri_1,-0.0965976032901066
23Y-3,350,-0.3939927166069245,mri_1,-0.0987502921168729
23Y-3,400,-0.3771817473679499,mri_1,-0.0924360605610232
23Y-3,450,-0.382492305191921,mri_1,-0.0948346695038314
23Y-3,50,-0.2782608043539398,mri_1,-0.0776956075754019
23Y-3,500,-0.3901329106317211,mri_1,-0.1045441832048097
23Y-3,100,-0.3010491225945618,mri_2,-0.0879596127436839
23Y-3,150,-0.2317586894244677,mri_2,-0.0791029399093097
23Y-3,200,-0.376276743225451,mri_2,-0.1065570671069871
23Y-3,250,-0.3841767527245864,mri_2,-0.10825472037578
23Y-3,300,-0.3736544821268867,mri_2,-0.1019633400650453
23Y-3,350,-0.3854701873989111,mri_2,-0.1028769136574041
23Y-3,400,-0.3700815587019337,mri_2,-0.0965337802447306
23Y-3,450,-0.3750597042329081,mri_2,-0.0984230197918281
23Y-3,50,-0.2758942791330002,mri_2,-0.0805741422127276
23Y-3,500,-0.3837955823805996,mri_2,-0.1088896594519747
23Y-4,100,-0.1274404121933291,mri_2,-0.0085874018758284
23Y-4,150,-0.1035085869191026,mri_2,-0.0064382198044884
23Y-4,200,-0.1418338505921895,mri_2,-0.0100187474881142
23Y-4,250,-0.1444715510344455,mri_2,-0.0100281081339776
23Y-4,300,-0.1452245018697391,mri_2,-0.010259643990905
23Y-4,350,-0.1450763202921944,mri_2,-0.0105503518990824
23Y-4,400,-0.1447098548693711,mri_2,-0.0102349828795646
23Y-4,450,-0.1467772874765677,mri_2,-0.0102036580652056
23Y-4,50,-0.120175427288572,mri_2,-0.0082140631134159
23Y-4,500,-0.1452564555771164,mri_2,-0.0102260376158161
23Y-5,100,-0.3305606258323142,mri_2,-0.1161086777446883
23Y-5,150,-0.2880595973089022,mri_2,-0.1155000706090672
23Y-5,200,-0.4032794230796887,mri_2,-0.1330388414581917
23Y-5,250,-0.4037222294540706,mri_2,-0.1348866322678023
23Y-5,300,-0.4081428853056707,mri_2,-0.1358782488677778
23Y-5,350,-0.3970512111256299,mri_2,-0.1322925006148792
23Y-5,400,-0.3913451262495317,mri_2,-0.13281968685286
23Y-5,450,-0.3963820811193951,mri_2,-0.1300887913792248
23Y-5,50,-0.2996949318975868,mri_2,-0.1036395510754253
23Y-5,500,-0.4247340214855599,mri_2,-0.1426301543001766
23Y-1,100,-0.0755199934875065,mri_1,
23Y-1,150,-0.0971534663719499,mri_1,
23Y-1,200,-0.0922485405121309,mri_1,
23Y-1,250,-0.0940208553219029,mri_1,
23Y-1,300,-0.0925439831336333,mri_1,
23Y-1,350,-0.0932900887450704,mri_1,
23Y-1,400,-0.0900223462484016,mri_1,
23Y-1,450,-0.0918319367206975,mri_1,
23Y-1,50,-0.0834602231680581,mri_1,
23Y-1,500,-0.0988621682967333,mri_1,
23Y-1,MRI Width,-0.0850387652028459,mri_1,
23Y-2,100,-0.064385839009734,mri_1,
23Y-2,150,-0.0742820833918607,mri_1,
23Y-2,200,-0.0738856226926517,mri_1,
23Y-2,250,-0.0809932983303683,mri_1,
23Y-2,300,-0.0705936799190792,mri_1,
23Y-2,350,-0.076388037354171,mri_1,
23Y-2,400,-0.0729050600909919,mri_1,
23Y-2,450,-0.0790640723136407,mri_1,
23Y-2,50,-0.0662275113924362,mri_1,
23Y-2,500,-0.080264276236535,mri_1,
23Y-2,MRI Width,-0.0677007262719315,mri_1,
23Y-3,100,-0.0782326526644684,mri_1,
23Y-3,150,-0.0688714583625033,mri_1,
23Y-3,200,-0.0949351784018951,mri_1,
23Y-3,250,-0.0955714999783711,mri_1,
23Y-3,300,-0.0881600019331917,mri_1,
23Y-3,350,-0.0908411940736003,mri_1,
23Y-3,400,-0.0848222409346074,mri_1,
23Y-3,450,-0.0869431482291614,mri_1,
23Y-3,50,-0.0718727085781238,mri_1,
23Y-3,500,-0.096038072151517,mri_1,
23Y-3,MRI Width,-0.0760714330541157,mri_1,
23Y-3,100,-0.0804997833054561,mri_2,
23Y-3,150,-0.0718319142673444,mri_2,
23Y-3,200,-0.0979717028440883,mri_2,
23Y-3,250,-0.1000106134797305,mri_2,
23Y-3,300,-0.0936126537968886,mri_2,
23Y-3,350,-0.0949865485245745,mri_2,
23Y-3,400,-0.0893186406920647,mri_2,
23Y-3,450,-0.0903871676830101,mri_2,
23Y-3,50,-0.0736292894072706,mri_2,
23Y-3,500,-0.1006477872795655,mri_2,
23Y-3,MRI Width,-0.0784067618004358,mri_2,
23Y-5,100,-0.1088332285387163,mri_2,
23Y-5,150,-0.1079032897221465,mri_2,
23Y-5,200,-0.12515164806186,mri_2,
23Y-5,250,-0.127107705927322,mri_2,
23Y-5,300,-0.1283441382444645,mri_2,
23Y-5,350,-0.1242584431845133,mri_2,
23Y-5,400,-0.125480932513374,mri_2,
23Y-5,450,-0.122189300782847,mri_2,
23Y-5,50,-0.0967014360049348,mri_2,
23Y-5,500,-0.1351454429045687,mri_2,
23Y-5,MRI Width,-0.1049646790431518,mri_2,
23Y-1,100,-0.2755383032059728,mri_1,
23Y-2,100,-0.3082318040010142,mri_1,
23Y-3,100,-0.2934376467897292,mri_1,
23Y-3,100,-0.292979354634491,mri_2,
23Y-4,100,-0.09793998106392,mri_2,
23Y-5,100,-0.3186691976113588,mri_2,
23Y-1,100,-0.2839853227027115,mri_1,-0.0821110659230911
23Y-1,150,-0.4695861865615607,mri_1,-0.1056090876530945
23Y-1,200,-0.4641302929011847,mri_1,-0.098612376096786
23Y-1,250,-0.4578452339307517,mri_1,-0.1006033816473633
23Y-1,300,-0.4525672130248745,mri_1,-0.0981448617328116
23Y-1,350,-0.4379506411027244,mri_1,-0.0979942416177213
23Y-1,400,-0.4319235708035146,mri_1,-0.0974395732338074
23Y-1,450,-0.4438309406262161,mri_1,-0.0986023932622046
23Y-1,50,-0.4164767876709078,mri_1,-0.0890789167636088
23Y-1,500,-0.4629358191003472,mri_1,-0.1039695028562483
23Y-2,100,-0.3180387848032088,mri_1,-0.07146387462401
23Y-2,150,-0.4680679840136573,mri_1,-0.0830780987373812
23Y-2,200,-0.4641886332259298,mri_1,-0.0811927737936969
23Y-2,250,-0.4625742226655246,mri_1,-0.088841495004476
23Y-2,300,-0.4486496946978784,mri_1,-0.0779094739677258
23Y-2,350,-0.4552690096416737,mri_1,-0.0821151688946919
23Y-2,400,-0.4388592504876348,mri_1,-0.0784685444033848
23Y-2,450,-0.4422063122163488,mri_1,-0.0835716998963556
23Y-2,50,-0.4234293697474303,mri_1,-0.0730185171922696
23Y-2,500,-0.4644878771541885,mri_1,-0.0894163421701687
23Y-3,100,-0.3016130467514011,mri_1,-0.0847213735011536
23Y-3,150,-0.2303056320549125,mri_1,-0.0751676105643105
23Y-3,200,-0.3772279869544797,mri_1,-0.1029138599117426
23Y-3,250,-0.3872864572503549,mri_1,-0.1042345340951593
23Y-3,300,-0.3766779168756993,mri_1,-0.0965976032901066
23Y-3,350,-0.3938772468190227,mri_1,-0.0987502921168729
23Y-3,400,-0.3745127085953332,mri_1,-0.0924360605610232
23Y-3,450,-0.3792586850900877,mri_1,-0.0948346695038314
23Y-3,50,-0.2756901689496931,mri_1,-0.0776956075754019
23Y-3,500,-0.3869908207003083,mri_1,-0.1045441832048097
23Y-3,100,-0.3044053395762202,mri_2,-0.0879596127436839
23Y-3,150,-0.2348220231559414,mri_2,-0.0791029399093097
23Y-3,200,-0.3787222653306512,mri_2,-0.1065570671069871
23Y-3,250,-0.3901717937877429,mri_2,-0.10825472037578
23Y-3,300,-0.379596638864683,mri_2,-0.1019633400650453
23Y-3,350,-0.3929153852319619,mri_2,-0.1028769136574041
23Y-3,400,-0.3751711192630656,mri_2,-0.0965337802447306
23Y-3,450,-0.3805313308836204,mri_2,-0.0984230197918281
23Y-3,50,-0.275610957343005,mri_2,-0.0805741422127276
23Y-3,500,-0.3870360616357055,mri_2,-0.1088896594519747
23Y-4,100,-0.346778298283684,mri_2,-0.0085874018758284
23Y-4,150,-0.2869694341788506,mri_2,-0.0064382198044884
23Y-4,200,-0.403228639834868,mri_2,-0.0100187474881142
23Y-4,250,-0.4132571818826548,mri_2,-0.0100281081339776
23Y-4,300,-0.4118970096354225,mri_2,-0.010259643990905
23Y-4,350,-0.4109133317029176,mri_2,-0.0105503518990824
23Y-4,400,-0.4036907171936417,mri_2,-0.0102349828795646
23Y-4,450,-0.4091487651989243,mri_2,-0.0102036580652056
23Y-4,50,-0.3222532741728634,mri_2,-0.0082140631134159
23Y-4,500,-0.4068069013186681,mri_2,-0.0102260376158161
23Y-5,100,-0.3244558573200985,mri_2,-0.1161086777446883
23Y-5,150,-0.2825090349833677,mri_2,-0.1155000706090672
23Y-5,200,-0.3917406160501968,mri_2,-0.1330388414581917
23Y-5,250,-0.3929091816864382,mri_2,-0.1348866322678023
23Y-5,300,-0.3928983431092257,mri_2,-0.1358782488677778
23Y-5,350,-0.3833841951792615,mri_2,-0.1322925006148792
23Y-5,400,-0.372541645582095,mri_2,-0.13281968685286
23Y-5,450,-0.3804705400499826,mri_2,-0.1300887913792248
23Y-5,50,-0.294429305100902,mri_2,-0.1036395510754253
23Y-5,500,-0.4100749129108568,mri_2,-0.1426301543001766
23R-1,100,-0.3823742004458539,mri_1,-0.0745352965918108
23R-1,150,-0.4548243061974633,mri_1,-0.0925522618188362
23R-1,200,-0.4126748922605694,mri_1,-0.0745589055891163
23R-1,250,-0.4149470690412072,mri_1,-0.0749508072973441
23R-1,300,-0.407324654014825,mri_1,-0.0727932788231043
23R-1,350,-0.4001386690512225,mri_1,-0.0678945886014814
23R-1,400,-0.4033522586789515,mri_1,-0.0704222390520182
23R-1,450,-0.3947728746979841,mri_1,-0.0697843908785409
23R-1,50,-0.3384276102367499,mri_1,-0.0687118226377551
23R-1,500,-0.4017267981337297,mri_1,-0.0763019407356581
23R-2,100,-0.393055387515758,mri_1,-0.1454148985126848
23R-2,150,-0.4419180856485673,mri_1,-0.1551702530562523
23R-2,200,-0.4163330523083508,mri_1,-0.1524835196863941
23R-2,250,-0.4306220187872925,mri_1,-0.1582012716313058
23R-2,300,-0.4204822336112037,mri_1,-0.1540854366877068
23R-2,350,-0.4137144330001047,mri_1,-0.1528966331504594
23R-2,400,-0.4249630945198599,mri_1,-0.1602774205415801
23R-2,450,-0.4210170396984443,mri_1,-0.1557034469700817
23R-2,50,-0.3475117102471028,mri_1,-0.1338742633056492
23R-2,500,-0.4074150467941315,mri_1,-0.1520554687059585
23R-3,100,-0.1300683556809171,mri_1,-0.0091352175003903
23R-3,150,-0.1358448959699094,mri_1,-0.0103763999420643
23R-3,200,-0.1318329236092596,mri_1,-0.009404792557726
23R-3,250,-0.1330361923731053,mri_1,-0.0096271893344847
23R-3,300,-0.1312701095539573,mri_1,-0.0096435846592862
23R-3,350,-0.1325764205807345,mri_1,-0.0099012812132684
23R-3,400,-0.130090409872148,mri_1,-0.0098172961090605
23R-3,450,-0.1295547219046414,mri_1,-0.010093269250744
23R-3,50,-0.1244706367563621,mri_1,-0.0087307081674552
23R-3,500,-0.1323463434830706,mri_1,-0.0097808273442501
23R-4,100,-0.4042630369889529,mri_1,-0.1546310915763276
23R-4,150,-0.4542375247911865,mri_1,-0.1688044228149616
23R-4,200,-0.4279540463100363,mri_1,-0.1613684092946169
23R-4,250,-0.4280520117914876,mri_1,-0.1620701310946259
23R-4,300,-0.4228974848078114,mri_1,-0.1580511660415771
23R-4,350,-0.4165090614759431,mri_1,-0.1548328026938888
23R-4,400,-0.4017752666603835,mri_1,-0.1557435285596463
23R-4,450,-0.3922348470944678,mri_1,-0.1517100834451644
23R-4,50,-0.3592057510164497,mri_1,-0.1393404002617661
23R-4,500,-0.424092367801017,mri_1,-0.1632883793633088
23R-5,100,-0.3923753843296871,mri_1,-0.1397552778033858
23R-5,150,-0.4427961354195042,mri_1,-0.1499376929705209
23R-5,200,-0.4165866150431639,mri_1,-0.1491034057297582
23R-5,250,-0.4209085488148198,mri_1,-0.151958205250639
23R-5,300,-0.4080979627500677,mri_1,-0.1475718614438888
23R-5,350,-0.4174199981734952,mri_1,-0.1489273947079167
23R-5,400,-0.3937290316555614,mri_1,-0.1449909638104289
23R-5,450,-0.3839441738742521,mri_1,-0.1415099056919205
23R-5,50,-0.346244417306448,mri_1,-0.128951163276496
23R-5,500,-0.4213956478981153,mri_1,-0.1519160189612171
23R-1,100,-0.3885645144501966,mri_2,-0.0692572853419688
23R-1,150,-0.4665054128686848,mri_2,-0.0888807797607591
23R-1,200,-0.4178350295527624,mri_2,-0.070134625895121
23R-1,250,-0.4213668093121457,mri_2,-0.0715777446308417
23R-1,300,-0.4108441086478843,mri_2,-0.0678746550131994
23R-1,350,-0.408111437340235,mri_2,-0.0643255917500336
23R-1,400,-0.4043236267294809,mri_2,-0.0659494356325985
23R-1,450,-0.3955382619711025,mri_2,-0.0658170811873232
23R-1,50,-0.3429637174624914,mri_2,-0.0638692118519523
23R-1,500,-0.4080314364103999,mri_2,-0.0719500669256733
23R-2,100,-0.396327173593748,mri_2,-0.1415728553161774
23R-2,150,-0.4441427157451192,mri_2,-0.1525375083320625
23R-2,200,-0.4207155263307749,mri_2,-0.1498704514839001
23R-2,250,-0.4347553044604977,mri_2,-0.1543638469057704
23R-2,300,-0.4194213348871055,mri_2,-0.1490068970320494
23R-2,350,-0.4129346813273557,mri_2,-0.1484299661346381
23R-2,400,-0.4278135775510193,mri_2,-0.1566683601964873
23R-2,450,-0.4195470006158577,mri_2,-0.1500534321461152
23R-2,50,-0.3497632934908673,mri_2,-0.1296984805839171
23R-2,500,-0.4092040254970333,mri_2,-0.1471838604031306
23R-3,100,-0.2907091160967113,mri_2,-0.0093498261448133
23R-3,150,-0.3087252851326638,mri_2,-0.0102236450653839
23R-3,200,-0.297015912565653,mri_2,-0.0095845865578105
23R-3,250,-0.3006918454751606,mri_2,-0.0098062547186938
23R-3,300,-0.2999358505236733,mri_2,-0.0099956875397292
23R-3,350,-0.3027692201469388,mri_2,-0.0100159596866928
23R-3,400,-0.2951232988240749,mri_2,-0.0099463976723774
23R-3,450,-0.2951257864312705,mri_2,-0.0102768348896241
23R-3,50,-0.2709635728645539,mri_2,-0.0087634280066206
23R-3,500,-0.3006377953697851,mri_2,-0.0099296684519981
23R-4,100,-0.4135402226917324,mri_2,-0.1513477574321916
23R-4,150,-0.4626597420177777,mri_2,-0.1645723500321084
23R-4,200,-0.4409868304272587,mri_2,-0.1586887814076855
23R-4,250,-0.4423231431391577,mri_2,-0.1584815148443458
23R-4,300,-0.4323423897781403,mri_2,-0.1569713464443713
23R-4,350,-0.4306286028594499,mri_2,-0.1535045023000464
23R-4,400,-0.4123419040934017,mri_2,-0.1525612620426303
23R-4,450,-0.4046297266208952,mri_2,-0.1470572580282452
23R-4,50,-0.3692103261128734,mri_2,-0.1375876461738583
23R-4,500,-0.439316794481205,mri_2,-0.1582317831150123
23R-5,100,-0.4008353330135617,mri_2,-0.1375346921763372
23R-5,150,-0.4547585090145805,mri_2,-0.1468019382580008
23R-5,200,-0.4269990600312459,mri_2,-0.1474305606069504
23R-5,250,-0.4305257808953359,mri_2,-0.1503386420364809
23R-5,300,-0.41840107045102,mri_2,-0.1468621960753332
23R-5,350,-0.4279068302020972,mri_2,-0.1473469116095367
23R-5,400,-0.4050007033377903,mri_2,-0.1422947570399436
23R-5,450,-0.39314543517621,mri_2,-0.1398465877892371
23R-5,50,-0.3527103073440845,mri_2,-0.1267409373841769
23R-5,500,-0.4312614896433913,mri_2,-0.1480461038271519
23S-1,100,-0.399750381268739,mri_1,-0.156734822632066
23S-1,150,-0.4465575449613337,mri_1,-0.1685255521330693
23S-1,200,-0.4306765841897614,mri_1,-0.1659690589189092
23S-1,250,-0.4324264352408847,mri_1,-0.1639384328688616
23S-1,300,-0.4253287768826532,mri_1,-0.1680809652847672
23S-1,350,-0.4236045472781584,mri_1,-0.1634620882619235
23S-1,400,-0.4112878064618652,mri_1,-0.1669817140932845
23S-1,450,-0.4084651414583154,mri_1,-0.1596904463249437
23S-1,50,-0.3483162784136241,mri_1,-0.1406872820115605
23S-1,500,-0.4325199024243736,mri_1,-0.1675896004085265
23S-2,100,-0.3961175386321137,mri_1,-0.1102556282558105
23S-2,150,-0.4397454909878449,mri_1,-0.1193476179305052
23S-2,200,-0.4187279624619527,mri_1,-0.1153502611380966
23S-2,250,-0.4137344433475343,mri_1,-0.1181804643694783
23S-2,300,-0.4099006392367326,mri_1,-0.117116707702296
23S-2,350,-0.409938827643578,mri_1,-0.1178466418647547
23S-2,400,-0.4032489288987252,mri_1,-0.1132581523941286
23S-2,450,-0.4046677023017599,mri_1,-0.1152288037387642
23S-2,50,-0.3332690186266253,mri_1,-0.0960019784240946
23S-2,500,-0.4192834607571358,mri_1,-0.1190605468908159
23S-3,100,-0.3984757086460664,mri_1,-0.1297387763938043
23S-3,150,-0.4412534246145553,mri_1,-0.141377072086852
23S-3,200,-0.4250225876762833,mri_1,-0.1413591667868572
23S-3,250,-0.4277418487612659,mri_1,-0.1440546547360995
23S-3,300,-0.4242396117234091,mri_1,-0.1395452426727038
23S-3,350,-0.4294406659050874,mri_1,-0.1487174046239672
23S-3,400,-0.4050060216678644,mri_1,-0.1366321391183029
23S-3,450,-0.4073287592187466,mri_1,-0.1351792302063207
23S-3,50,-0.3398779178439092,mri_1,-0.1149862769952097
23S-3,500,-0.426206726457093,mri_1,-0.1492189122011505
23S-4,100,-0.3848840976456105,mri_1,-0.1085446869963551
23S-4,150,-0.4376876999724805,mri_1,-0.1192839458303986
23S-4,200,-0.4179396654253635,mri_1,-0.1169969131137613
23S-4,250,-0.4229666072969176,mri_1,-0.1193409990607266
23S-4,300,-0.4136858987282191,mri_1,-0.1156367575743706
23S-4,350,-0.4193182056511015,mri_1,-0.1184168931876277
23S-4,400,-0.4062998401505543,mri_1,-0.1168880561917233
23S-4,450,-0.4061239053134025,mri_1,-0.1152473760431539
23S-4,50,-0.3284110734712683,mri_1,-0.0966454331256244
23S-4,500,-0.4240442822312135,mri_1,-0.1286691861247007
23S-5,100,-0.4064868641635585,mri_1,-0.1276053286653632
23S-5,150,-0.4423455052077092,mri_1,-0.1315251313599228
23S-5,200,-0.426573553938008,mri_1,-0.1309120940901927
23S-5,250,-0.4372358427723862,mri_1,-0.1355028699480156
23S-5,300,-0.409882531527474,mri_1,-0.1261692866392728
23S-5,350,-0.433063949083433,mri_1,-0.1390649593084994
23S-5,400,-0.4158742781597164,mri_1,-0.1270647751949227
23S-5,450,-0.446964518952914,mri_1,-0.1422569339289144
23S-5,50,-0.3587825365042254,mri_1,-0.1155954143886844
23S-5,500,-0.4232080752644821,mri_1,-0.1380208194337985
23S-1,100,-0.3845666364955427,mri_2,-0.1465185034300634
23S-1,150,-0.4361239559023764,mri_2,-0.1592712576752231
23S-1,200,-0.4103856916757352,mri_2,-0.156993607586497
23S-1,250,-0.4084302251832352,mri_2,-0.1552306997184338
23S-1,300,-0.4010217390327039,mri_2,-0.1574652256596689
23S-1,350,-0.3998238143982382,mri_2,-0.1546057547683602
23S-1,400,-0.3855395674263445,mri_2,-0.1526200677681992
23S-1,450,-0.3790280998910326,mri_2,-0.1493043121871566
23S-1,50,-0.3366994130280997,mri_2,-0.1301811033503712
23S-1,500,-0.4078404694151251,mri_2,-0.157953796987123
23S-2,100,-0.3804748203910509,mri_2,-0.1026734779160706
23S-2,150,-0.42895144426347,mri_2,-0.1133593115284962
23S-2,200,-0.4031784448712827,mri_2,-0.1077549687586298
23S-2,250,-0.3961456227274831,mri_2,-0.110286977619337
23S-2,300,-0.3950771524080774,mri_2,-0.1085695691341375
23S-2,350,-0.3877578579131164,mri_2,-0.1096571181606547
23S-2,400,-0.3853972829291144,mri_2,-0.1044976872664814
23S-2,450,-0.381869976476095,mri_2,-0.1066902777534648
23S-2,50,-0.3218594038882439,mri_2,-0.0890163843305977
23S-2,500,-0.4012953759548097,mri_2,-0.1111255253111021
23S-3,100,-0.3889143972157268,mri_2,-0.1203579407507957
23S-3,150,-0.4313456207542876,mri_2,-0.1321809913180291
23S-3,200,-0.4161676255740488,mri_2,-0.1310058984587452
23S-3,250,-0.4182794449402358,mri_2,-0.1336879384643639
23S-3,300,-0.4157382143669406,mri_2,-0.1302788222520018
23S-3,350,-0.4205627097604211,mri_2,-0.1398096854131872
23S-3,400,-0.3966106117780901,mri_2,-0.1279494848377973
23S-3,450,-0.3986682526737827,mri_2,-0.1257968045388152
23S-3,50,-0.3341131699986411,mri_2,-0.1058064148803045
23S-3,500,-0.4158314053140709,mri_2,-0.1384163780924758
23S-4,100,-0.3681848413113107,mri_2,-0.1001559424801207
23S-4,150,-0.4116465063691275,mri_2,-0.1107918088449876
23S-4,200,-0.3956595346369291,mri_2,-0.1090274064848573
23S-4,250,-0.3966739729055999,mri_2,-0.1117618902886372
23S-4,300,-0.3915271548459335,mri_2,-0.1092248080667101
23S-4,350,-0.3928694122032613,mri_2,-0.1103045762720191
23S-4,400,-0.3841500955484451,mri_2,-0.1090433848243219
23S-4,450,-0.3748821541173126,mri_2,-0.1071732478312445
23S-4,50,-0.3201409123506868,mri_2,-0.0885410047366979
23S-4,500,-0.3944852260467425,mri_2,-0.1199654621462131
23S-5,100,-0.3850294720063517,mri_2,-0.1167497723388569
23S-5,150,-0.4196563547771104,mri_2,-0.1215359190868045
23S-5,200,-0.4024218645688556,mri_2,-0.1205875043206576
23S-5,250,-0.4129968731861154,mri_2,-0.1270087740274591
23S-5,300,-0.3883119045208537,mri_2,-0.1152476134446923
23S-5,350,-0.4067146380158625,mri_2,-0.128724610383024
23S-5,400,-0.3924889329009651,mri_2,-0.117154641199728
23S-5,450,-0.4230688615778136,mri_2,-0.1327339697323206
23S-5,50,-0.3413684855824629,mri_2,-0.1056979921227058
23S-5,500,-0.4007457942626276,mri_2,-0.1273807374221539
23T-1,100,-0.324114703259104,mri_1,-0.0851352255020611
23T-1,150,-0.3741670690413775,mri_1,-0.1006697242334302
23T-1,200,-0.337413593845914,mri_1,-0.0869319852960185
23T-1,250,-0.3413334572224297,mri_1,-0.0906774711673264
23T-1,300,-0.3451140675613137,mri_1,-0.0841954975109944
23T-1,350,-0.3432916751974426,mri_1,-0.0858951417215061
23T-1,400,-0.3227388595078774,mri_1,-0.0796292912044609
23T-1,450,-0.3149095122482193,mri_1,-0.0758115532213686
23T-1,50,-0.2691898847126252,mri_1,-0.0768948149644253
23T-1,500,-0.3390705228978899,mri_1,-0.0928259632646271
23T-2,100,-0.286949294631022,mri_1,-0.0423508419245536
23T-2,150,-0.3621695038667822,mri_1,-0.0483921487430152
23T-2,200,-0.3171927594645884,mri_1,-0.0466258471273335
23T-2,250,-0.3193967668162549,mri_1,-0.0461788171959003
23T-2,300,-0.3231717246173263,mri_1,-0.0485960192400573
23T-2,350,-0.3246754039540797,mri_1,-0.0457358511543283
23T-2,400,-0.3219041357164545,mri_1,-0.042613005231349
23T-2,450,-0.3023181228167165,mri_1,-0.042764834488331
23T-2,50,-0.2411720325639151,mri_1,-0.0395225009993722
23T-2,500,-0.3270009495235902,mri_1,-0.045297282651593
23T-3,100,-0.3316473124614292,mri_1,-0.0899497627971176
23T-3,150,-0.3716713312368053,mri_1,-0.099570628069788
23T-3,200,-0.3596791815778612,mri_1,-0.0977165756596421
23T-3,250,-0.3533922397527728,mri_1,-0.098160719103935
23T-3,300,-0.356633603070339,mri_1,-0.0977271528909742
23T-3,350,-0.3449933789028528,mri_1,-0.0962483545060319
23T-3,400,-0.3599016852343383,mri_1,-0.0980704008911058
23T-3,450,-0.3377746001089154,mri_1,-0.0906537155831753
23T-3,50,-0.2923130938116347,mri_1,-0.083373250195035
23T-3,500,-0.3427601360373974,mri_1,-0.0943583833813847
23T-4,100,-0.3156897627571432,mri_1,-0.0967710441811418
23T-4,150,-0.3721345816125284,mri_1,-0.1047657609766761
23T-4,200,-0.3477805042998333,mri_1,-0.1049264677911184
23T-4,250,-0.3442652484181935,mri_1,-0.1042689452069615
23T-4,300,-0.3441614318896409,mri_1,-0.1015009377921743
23T-4,350,-0.348020213754556,mri_1,-0.1069355342008855
23T-4,400,-0.3377424159109546,mri_1,-0.1028739028794915
23T-4,450,-0.3389474795217991,mri_1,-0.1062695523464419
23T-4,50,-0.2823611296879248,mri_1,-0.0886131256428125
23T-4,500,-0.3494315768490869,mri_1,-0.1089190138647834
23T-5,100,-0.3069011813074406,mri_1,-0.0887477420501254
23T-5,150,-0.3623068382733447,mri_1,-0.0982411471872266
23T-5,200,-0.3302312074802013,mri_1,-0.0967454519597984
23T-5,250,-0.3283810032261734,mri_1,-0.0949655015836091
23T-5,300,-0.3192844890822849,mri_1,-0.0894979758286201
23T-5,350,-0.3300778463126607,mri_1,-0.0930513619244164
23T-5,400,-0.340711607249731,mri_1,-0.0969421555745688
23T-5,450,-0.3147014572098535,mri_1,-0.0846927127609389
23T-5,50,-0.2556284073182771,mri_1,-0.0769081690729596
23T-5,500,-0.3402413873552139,mri_1,-0.0950475779744964
23T-1,100,-0.3988040390749351,mri_2,-0.1252522071963543
23T-1,150,-0.4661933391739944,mri_2,-0.1403271446181906
23T-1,200,-0.4169479126386989,mri_2,-0.1317470041576607
23T-1,250,-0.42241673172847,mri_2,-0.1359550779491062
23T-1,300,-0.4194901330845009,mri_2,-0.1310239920439078
23T-1,350,-0.4240456657190448,mri_2,-0.1347970633699441
23T-1,400,-0.3976090558213673,mri_2,-0.1260774500616093
23T-1,450,-0.3957927006263778,mri_2,-0.1253916152617439
23T-1,50,-0.3361125238720844,mri_2,-0.1117445311677278
23T-1,500,-0.4238994621238808,mri_2,-0.1397072703907442
23T-2,100,-0.3678067068481696,mri_2,-0.0803219264711221
23T-2,150,-0.4685368849728354,mri_2,-0.0916525504805831
23T-2,200,-0.403444299175505,mri_2,-0.0866101333242999
23T-2,250,-0.407979995472597,mri_2,-0.0870329985979715
23T-2,300,-0.4147821380525148,mri_2,-0.0906918094169232
23T-2,350,-0.4119951558229092,mri_2,-0.0853551831514054
23T-2,400,-0.4082046058053251,mri_2,-0.0833268052713685
23T-2,450,-0.3892382952828005,mri_2,-0.0834388239402837
23T-2,50,-0.3025619054574874,mri_2,-0.06931616010564
23T-2,500,-0.4150449937937484,mri_2,-0.0855002534327977
23T-3,100,-0.4170513877567596,mri_2,-0.1432483274285387
23T-3,150,-0.4663584839998878,mri_2,-0.1496663589689079
23T-3,200,-0.4481776068621146,mri_2,-0.153052289881969
23T-3,250,-0.4412284264919628,mri_2,-0.1524144879710579
23T-3,300,-0.4456256167649998,mri_2,-0.1517322917441555
23T-3,350,-0.4347330854273389,mri_2,-0.1499837544332147
23T-3,400,-0.4474061554446,mri_2,-0.1550133702664172
23T-3,450,-0.4211107824493871,mri_2,-0.1448564181206189
23T-3,50,-0.3665798406768578,mri_2,-0.1307463021783955
23T-3,500,-0.4272417245141085,mri_2,-0.151479522475662
23T-4,100,-0.3927212494713706,mri_2,-0.1359864177018022
23T-4,150,-0.4534777292801688,mri_2,-0.1449143106280601
23T-4,200,-0.4275024797625445,mri_2,-0.1456061431568771
23T-4,250,-0.4237464736726105,mri_2,-0.1468297250894963
23T-4,300,-0.4211323589184793,mri_2,-0.1438737629874985
23T-4,350,-0.4283102865424062,mri_2,-0.1487366081231076
23T-4,400,-0.4195699373272314,mri_2,-0.1458841429823716
23T-4,450,-0.4202433935861515,mri_2,-0.147704848047931
23T-4,50,-0.3491211217708471,mri_2,-0.1245061263568761
23T-4,500,-0.4254613297278583,mri_2,-0.152599676204363
23T-5,100,-0.3853476423500037,mri_2,-0.1360869593733997
23T-5,150,-0.4524749546878335,mri_2,-0.1405537123873825
23T-5,200,-0.4094538906783693,mri_2,-0.1446914503124758
23T-5,250,-0.4133664271953351,mri_2,-0.1447001894558628
23T-5,300,-0.4017460743963165,mri_2,-0.1371226854763088
23T-5,350,-0.4097688677539355,mri_2,-0.1386200301746906
23T-5,400,-0.4306408221987442,mri_2,-0.1485486620923437
23T-5,450,-0.3956618700564406,mri_2,-0.1280618290752891
23T-5,50,-0.3211467719898959,mri_2,-0.1199000639844882
23T-5,500,-0.4325003639832968,mri_2,-0.1461873795127636
23U-1,100,-0.412460640589233,mri_1,-0.1180032234686387
23U-1,150,-0.44980472598241,mri_1,-0.1332804174499752
23U-1,200,-0.4249594285739738,mri_1,-0.1184181154612168
23U-1,250,-0.4227123363744203,mri_1,-0.1200163062751627
23U-1,300,-0.4238906924618449,mri_1,-0.1173652069534645
23U-1,350,-0.4146698682944547,mri_1,-0.1154704447871762
23U-1,400,-0.4094041773902722,mri_1,-0.1142668771242698
23U-1,450,-0.4109266952981056,mri_1,-0.1126390723997135
23U-1,50,-0.3721356194137907,mri_1,-0.1108785267000075
23U-1,500,-0.4390108721798141,mri_1,-0.1259232632938988
23U-2,100,-0.3893759878212395,mri_1,-0.1017484083484527
23U-2,150,-0.4449816537120671,mri_1,-0.1130924755949268
23U-2,200,-0.4202177694908483,mri_1,-0.1065534018052026
23U-2,250,-0.406785244244974,mri_1,-0.1066629188039613
23U-2,300,-0.4113442821186409,mri_1,-0.1062065400061494
23U-2,350,-0.4069803471593841,mri_1,-0.106488435072213
23U-2,400,-0.3953855966966617,mri_1,-0.105988913710141
23U-2,450,-0.4063557116323115,mri_1,-0.1031630831275121
23U-2,50,-0.330226777875741,mri_1,-0.0915159958324479
23U-2,500,-0.4335664631807243,mri_1,-0.1109973849186121
23U-3,100,-0.4152773567152322,mri_1,-0.1482328659072151
23U-3,150,-0.463430428959483,mri_1,-0.1582038586896839
23U-3,200,-0.4377542026766699,mri_1,-0.1530766980868829
23U-3,250,-0.4356445726063269,mri_1,-0.1556201743605588
23U-3,300,-0.4355576480778472,mri_1,-0.153665784275805
23U-3,350,-0.4293471478677461,mri_1,-0.1593656287638517
23U-3,400,-0.4143936324542143,mri_1,-0.1475037881697172
23U-3,450,-0.4218703127213061,mri_1,-0.152804860396366
23U-3,50,-0.3681095344764853,mri_1,-0.1362803256032687
23U-3,500,-0.4503807520934182,mri_1,-0.1633399648682129
23U-4,100,-0.4043277378763339,mri_1,-0.1384150401714829
23U-4,150,-0.4487482655330886,mri_1,-0.1389002152636864
23U-4,200,-0.4254183256368025,mri_1,-0.1422956380474089
23U-4,250,-0.4239684585668273,mri_1,-0.1483122528947307
23U-4,300,-0.4218989964838751,mri_1,-0.142737519659629
23U-4,350,-0.4097888298750954,mri_1,-0.1433972902351231
23U-4,400,-0.4053777059963407,mri_1,-0.1381167452362958
23U-4,450,-0.4106680578248867,mri_1,-0.1421428572980764
23U-4,50,-0.3596218249603433,mri_1,-0.1233223730270426
23U-4,500,-0.4294657491973334,mri_1,-0.151159561807441
23U-5,100,-0.4066550275436643,mri_1,-0.1527655064122335
23U-5,150,-0.4531738756482987,mri_1,-0.1625894184678429
23U-5,200,-0.4297055599358079,mri_1,-0.1575359640994578
23U-5,250,-0.4300786159797771,mri_1,-0.1585753242038252
23U-5,300,-0.4259706935005357,mri_1,-0.1539877322967369
23U-5,350,-0.4155442250555099,mri_1,-0.1574532007206868
23U-5,400,-0.4134741880912649,mri_1,-0.1478659944443351
23U-5,450,-0.413789536861732,mri_1,-0.1507093117184949
23U-5,50,-0.3608025912792564,mri_1,-0.1351699409326235
23U-5,500,-0.4440342840793673,mri_1,-0.1688411499843976
23U-1,100,-0.4032909591083767,mri_2,-0.1195840374585467
23U-1,150,-0.4465911990419084,mri_2,-0.134985378291333
23U-1,200,-0.4235018300177728,mri_2,-0.1219648097271653
23U-1,250,-0.4197557904228164,mri_2,-0.1241169611535443
23U-1,300,-0.4196822140147117,mri_2,-0.1228659599399885
23U-1,350,-0.4111657018481837,mri_2,-0.1209277530188053
23U-1,400,-0.4088662823652653,mri_2,-0.1215757163438592
23U-1,450,-0.4070210606172578,mri_2,-0.1202720869649074
23U-1,50,-0.3667266204636174,mri_2,-0.11151453897778
23U-1,500,-0.4342550331536524,mri_2,-0.1286764323673982
23U-2,100,-0.3907952005093441,mri_2,-0.1057995865057954
23U-2,150,-0.4473701943990439,mri_2,-0.1165982458601815
23U-2,200,-0.4167993693627739,mri_2,-0.1133954873177511
23U-2,250,-0.4063778788280971,mri_2,-0.1112562019026655
23U-2,300,-0.4095168585437939,mri_2,-0.1154354212544807
23U-2,350,-0.401361645432355,mri_2,-0.113282211680752
23U-2,400,-0.3947741172130476,mri_2,-0.1130190492134762
23U-2,450,-0.4045434162574553,mri_2,-0.1117815606301461
23U-2,50,-0.3340418152473691,mri_2,-0.0932400646298321
23U-2,500,-0.4305204039978754,mri_2,-0.1172843872495129
23U-3,100,-0.4014532285942203,mri_2,-0.1487714872380139
23U-3,150,-0.4408931672801311,mri_2,-0.1593833627176181
23U-3,200,-0.4260885958360964,mri_2,-0.1546258942970663
23U-3,250,-0.4235568407171312,mri_2,-0.1570985177703806
23U-3,300,-0.4199098827108486,mri_2,-0.1575749677410538
23U-3,350,-0.4153313023844532,mri_2,-0.1604705127689392
23U-3,400,-0.3999764220143075,mri_2,-0.1503268906196624
23U-3,450,-0.4114981659249108,mri_2,-0.157029338752263
23U-3,50,-0.3584136993634831,mri_2,-0.1376240296813115
23U-3,500,-0.435442326982756,mri_2,-0.1653437399110672
23U-4,100,-0.3888207297938651,mri_2,-0.1382963679480142
23U-4,150,-0.4276204765988109,mri_2,-0.1396799612960458
23U-4,200,-0.4103546563130292,mri_2,-0.1433308960184435
23U-4,250,-0.4098478340212197,mri_2,-0.1485380232083563
23U-4,300,-0.4103523228660595,mri_2,-0.1448361433013389
23U-4,350,-0.3959345123489894,mri_2,-0.1423282338367855
23U-4,400,-0.3962582831705149,mri_2,-0.1375340826290626
23U-4,450,-0.4012363484235603,mri_2,-0.1420556027108306
23U-4,50,-0.3443706765933319,mri_2,-0.1237861840919445
23U-4,500,-0.4179857067997143,mri_2,-0.151498768962118
23U-5,100,-0.3862256454661523,mri_2,-0.149299063119797
23U-5,150,-0.4260782190751407,mri_2,-0.1613997086587327
23U-5,200,-0.405267403179477,mri_2,-0.1553305551180203
23U-5,250,-0.4083360923706953,mri_2,-0.1581961372772356
23U-5,300,-0.3998273719766318,mri_2,-0.1545392383482488
23U-5,350,-0.3994090277548794,mri_2,-0.1548924282290265
23U-5,400,-0.3903741551433311,mri_2,-0.1471763813521638
23U-5,450,-0.3946026199861231,mri_2,-0.1494813237237066
23U-5,50,-0.3409830758038846,mri_2,-0.131988417253904
23U-5,500,-0.4184989646475085,mri_2,-0.1679094700731659
23W-1,100,-0.2999832461147635,mri_1,-0.1002412681132083
23W-1,150,-0.4357202025429508,mri_1,-0.1143301765034383
23W-1,200,-0.3632764922870111,mri_1,-0.1151136362890062
23W-1,250,-0.3736388597871907,mri_1,-0.1162645693794672
23W-1,300,-0.3642723419759911,mri_1,-0.1117607468650754
23W-1,350,-0.3835859315046894,mri_1,-0.1142404666855985
23W-1,400,-0.3687451295897667,mri_1,-0.109438680271521
23W-1,450,-0.3676284142931396,mri_1,-0.103793159614217
23W-1,50,-0.2407792811030788,mri_1,-0.0840514114257325
23W-1,500,-0.4003475440936538,mri_1,-0.1246149087852768
23W-2,100,-0.2894225787774467,mri_1,-0.0720484740495049
23W-2,150,-0.4193597224561676,mri_1,-0.0824623929122786
23W-2,200,-0.3211888278845404,mri_1,-0.0778331013902384
23W-2,250,-0.3450474932380218,mri_1,-0.083944524538058
23W-2,300,-0.3266350350191929,mri_1,-0.0785657966976027
23W-2,350,-0.3354480535073557,mri_1,-0.0735892348315736
23W-2,400,-0.3487236253980222,mri_1,-0.0802912694521008
23W-2,450,-0.3612385468019067,mri_1,-0.0791801863416077
23W-2,50,-0.2365593672335688,mri_1,-0.0615882904447878
23W-2,500,-0.3540418516018587,mri_1,-0.0790932598365463
23W-3,100,-0.3127461331117155,mri_1,-0.11560433977273
23W-3,150,-0.4295119212448169,mri_1,-0.1255057340742882
23W-3,200,-0.3463237946580171,mri_1,-0.1303972933353363
23W-3,250,-0.3468743424640834,mri_1,-0.121481786724832
23W-3,300,-0.3675824554837654,mri_1,-0.1343430789009259
23W-3,350,-0.3674501989536015,mri_1,-0.1421729033173448
23W-3,400,-0.365243823621752,mri_1,-0.1318974172824967
23W-3,450,-0.376004428386519,mri_1,-0.1418457352292749
23W-3,50,-0.2582393299322536,mri_1,-0.0989168149614676
23W-3,500,-0.356356235013221,mri_1,-0.1276492429155672
23W-4,100,-0.333929432569566,mri_1,-0.0601103166024044
23W-4,150,-0.445194930319023,mri_1,-0.0726300454618282
23W-4,200,-0.3806850183737756,mri_1,-0.0665252647248254
23W-4,250,-0.3780482108958851,mri_1,-0.0662715461835786
23W-4,300,-0.3870871468158301,mri_1,-0.0654274071054341
23W-4,350,-0.3754841128939329,mri_1,-0.0622280001419646
23W-4,400,-0.3752716190027433,mri_1,-0.0622070306062082
23W-4,450,-0.3879431456227289,mri_1,-0.0606044649106965
23W-4,50,-0.2840820243475128,mri_1,-0.0544212571229904
23W-4,500,-0.4039283388029775,mri_1,-0.0694805970136822
23W-5,100,-0.3273274979726821,mri_1,-0.0649965168742034
23W-5,150,-0.435202084651188,mri_1,-0.0739591252955635
23W-5,200,-0.3718084331000866,mri_1,-0.0740578165805009
23W-5,250,-0.3767344319056588,mri_1,-0.0720424722542573
23W-5,300,-0.3810786887831701,mri_1,-0.0765624778239398
23W-5,350,-0.3995747121275719,mri_1,-0.0792215796106063
23W-5,400,-0.4037848499659937,mri_1,-0.0797591630682863
23W-5,450,-0.3857639695413217,mri_1,-0.0772175057105892
23W-5,50,-0.2754288842124081,mri_1,-0.0547143845024098
23W-5,500,-0.4002094998215472,mri_1,-0.089593730943618
23W-1,100,-0.2909183147273962,mri_2,-0.0924298746752027
23W-1,150,-0.4259918284695513,mri_2,-0.1024775087765996
23W-1,200,-0.3526978957716153,mri_2,-0.1050791963759765
23W-1,250,-0.3617813713955753,mri_2,-0.1069343980497216
23W-1,300,-0.354807561040562,mri_2,-0.1024116503667097
23W-1,350,-0.3763180234005868,mri_2,-0.1053084905667434
23W-1,400,-0.3614185873870119,mri_2,-0.1002362437630279
23W-1,450,-0.3630906678914538,mri_2,-0.0940634825321173
23W-1,50,-0.2342830015549791,mri_2,-0.0785168959825976
23W-1,500,-0.3956465940968603,mri_2,-0.1167194813890306
23W-2,100,-0.2991469760446024,mri_2,-0.0633107289887998
23W-2,150,-0.4261136868004247,mri_2,-0.0706054495945218
23W-2,200,-0.3303027857370577,mri_2,-0.0686633190554732
23W-2,250,-0.354591493878335,mri_2,-0.0745622868876555
23W-2,300,-0.3366003708295825,mri_2,-0.0694846132167553
23W-2,350,-0.3451158700245523,mri_2,-0.0654234583882986
23W-2,400,-0.3592007113855384,mri_2,-0.0714212608349373
23W-2,450,-0.3681833550456578,mri_2,-0.0706910097221231
23W-2,50,-0.24309005860844,mri_2,-0.0546096103690539
23W-2,500,-0.3601185024543314,mri_2,-0.0730192443877547
23W-3,100,-0.3029819554522805,mri_2,-0.106590873354159
23W-3,150,-0.4221866024639731,mri_2,-0.1152433706688148
23W-3,200,-0.3361755450364313,mri_2,-0.121953267672301
23W-3,250,-0.3303463621697978,mri_2,-0.1136364809730586
23W-3,300,-0.3563967726827224,mri_2,-0.1260371655266961
23W-3,350,-0.3543772084363264,mri_2,-0.1348117333446475
23W-3,400,-0.3521470928463306,mri_2,-0.1217521085567888
23W-3,450,-0.3630494860627174,mri_2,-0.1343569691554421
23W-3,50,-0.2427061709517359,mri_2,-0.0914355280887141
23W-3,500,-0.3462103900955723,mri_2,-0.1229011237255015
23W-4,100,-0.3256254229449933,mri_2,-0.0532171243864196
23W-4,150,-0.4193306086642587,mri_2,-0.0622073980709731
23W-4,200,-0.3734430765236169,mri_2,-0.0590561314843803
23W-4,250,-0.3752475713623346,mri_2,-0.0578064215052991
23W-4,300,-0.3840100936327193,mri_2,-0.0573070091251571
23W-4,350,-0.3633176930555651,mri_2,-0.0563541133081699
23W-4,400,-0.3719031641550103,mri_2,-0.0554952658552346
23W-4,450,-0.3778496424248871,mri_2,-0.0553862570149783
23W-4,50,-0.2824068439923226,mri_2,-0.0483985224249254
23W-4,500,-0.3959689388359194,mri_2,-0.0657377294013608
23W-5,100,-0.3067372816951252,mri_2,-0.05573716459384
23W-5,150,-0.4129559808974982,mri_2,-0.0632945110725807
23W-5,200,-0.3553892364040877,mri_2,-0.0635205051998671
23W-5,250,-0.364148058551641,mri_2,-0.0622220004174559
23W-5,300,-0.3725951630164613,mri_2,-0.0648792679722476
23W-5,350,-0.3813570026033533,mri_2,-0.0695615787461827
23W-5,400,-0.3895562486356315,mri_2,-0.0681038608572344
23W-5,450,-0.3769654654168088,mri_2,-0.067836619443141
23W-5,50,-0.2631812719929172,mri_2,-0.0473486590072238
23W-5,500,-0.3832091713356516,mri_2,-0.0781423001966518
23X-1,100,-0.3542295028895975,mri_1,-0.1357729207879519
23X-1,150,-0.4661031459898564,mri_1,-0.1687119241831342
23X-1,200,-0.4063041015999968,mri_1,-0.1451936495820649
23X-1,250,-0.4129159701358258,mri_1,-0.1506620364897418
23X-1,300,-0.4110114950568793,mri_1,-0.1401785954475056
23X-1,350,-0.4253513459391501,mri_1,-0.1419677734758875
23X-1,400,-0.4065070995885196,mri_1,-0.1394250050963135
23X-1,450,-0.3942662659581445,mri_1,-0.1326297398198315
23X-1,50,-0.2744980807127043,mri_1,-0.113213087484527
23X-1,500,-0.4193895324190168,mri_1,-0.1499646365078282
23X-2,100,-0.2724064184136592,mri_1,-0.1419969894928716
23X-2,150,-0.467412701974502,mri_1,-0.1892306512197129
23X-2,200,-0.3260318276707646,mri_1,-0.171105556953054
23X-2,250,-0.3298100856958391,mri_1,-0.1762849865274872
23X-2,300,-0.3408281774814409,mri_1,-0.1834017766155911
23X-2,350,-0.352723761114218,mri_1,-0.1911399716412729
23X-2,400,-0.3480529932882836,mri_1,-0.1884179526147119
23X-2,450,-0.3828983857353248,mri_1,-0.1977414224626262
23X-2,50,-0.2186352708435502,mri_1,-0.1155456823932394
23X-2,500,-0.4058517152020198,mri_1,-0.1966308840701789
23X-3,100,-0.2123750387128241,mri_1,-0.0180508369835809
23X-3,150,-0.2668734397297963,mri_1,-0.0241804173902013
23X-3,200,-0.2386314217296146,mri_1,-0.0197178470372903
23X-3,250,-0.2443349040849507,mri_1,-0.0200935377039523
23X-3,300,-0.2426501780284293,mri_1,-0.0194694361935728
23X-3,350,-0.2336531061419199,mri_1,-0.0175946827916874
23X-3,400,-0.2457654537077861,mri_1,-0.019339817740945
23X-3,450,-0.2449073740505669,mri_1,-0.0192569317098936
23X-3,50,-0.1855340295252273,mri_1,-0.0165399001580097
23X-3,500,-0.2396860469470652,mri_1,-0.018711338598576
23X-4,100,-0.2859298322265513,mri_1,-0.1225482370824119
23X-4,150,-0.4747832046680215,mri_1,-0.1588577066478168
23X-4,200,-0.3578456487162234,mri_1,-0.1403056672020623
23X-4,250,-0.376909850331568,mri_1,-0.1473610434046181
23X-4,300,-0.3658136288938404,mri_1,-0.1395913767409547
23X-4,350,-0.3896487182116154,mri_1,-0.1421812408953543
23X-4,400,-0.3868215498235809,mri_1,-0.1396650715029571
23X-4,450,-0.3688418132492122,mri_1,-0.1314253243781805
23X-4,50,-0.229239387644297,mri_1,-0.1021393912710039
23X-4,500,-0.4020079211806478,mri_1,-0.1476991396944365
23X-5,100,-0.2868787903163048,mri_1,-0.094261339622768
23X-5,150,-0.4519414387075359,mri_1,-0.1375907998976721
23X-5,200,-0.3257231472996991,mri_1,-0.1031356064798657
23X-5,250,-0.3388123233255499,mri_1,-0.1086991143988863
23X-5,300,-0.3330577236969465,mri_1,-0.107310353736568
23X-5,350,-0.3473252827335421,mri_1,-0.1109365374337413
23X-5,400,-0.3421403436214147,mri_1,-0.1071342061916635
23X-5,450,-0.3726672115362089,mri_1,-0.1169413994278887
23X-5,50,-0.2250862421268662,mri_1,-0.077523987622601
23X-5,500,-0.3535165295887527,mri_1,-0.1137575395722397
23X-1,100,-0.3566347737056106,mri_2,-0.1366167937714666
23X-1,150,-0.460390203173947,mri_2,-0.169084691071576
23X-1,200,-0.4064209089420111,mri_2,-0.1478194591529023
23X-1,250,-0.4113611619465073,mri_2,-0.1522726331781858
23X-1,300,-0.4110560714570733,mri_2,-0.1449163939488479
23X-1,350,-0.4206616675275684,mri_2,-0.1476193017304808
23X-1,400,-0.4019007735267988,mri_2,-0.142577501633323
23X-1,450,-0.3916859522694188,mri_2,-0.1371261780976008
23X-1,50,-0.2757627020406679,mri_2,-0.1142027579672762
23X-1,500,-0.411856831020673,mri_2,-0.152440069736753
23X-2,100,-0.2648685376040083,mri_2,-0.1447050197655366
23X-2,150,-0.4448551557916059,mri_2,-0.1956878214944136
23X-2,200,-0.3137555834743367,mri_2,-0.1760525944087673
23X-2,250,-0.3133282934178446,mri_2,-0.1802776406066451
23X-2,300,-0.3255159183155072,mri_2,-0.1888109395754894
23X-2,350,-0.3382546714429452,mri_2,-0.1963219957108301
23X-2,400,-0.3328362192491693,mri_2,-0.192954849458443
23X-2,450,-0.3639001477248252,mri_2,-0.2025474789636187
23X-2,50,-0.2155927962717504,mri_2,-0.1172923584747207
23X-2,500,-0.3908180094992236,mri_2,-0.2023529614725915
23X-3,100,-0.2905665761062833,mri_2,-0.0196462061058679
23X-3,150,-0.3803889894287368,mri_2,-0.0262536158546031
23X-3,200,-0.3267598494473024,mri_2,-0.0213170157820182
23X-3,250,-0.3360974801621274,mri_2,-0.0219143472281906
23X-3,300,-0.3305016813935669,mri_2,-0.0220523226706032
23X-3,350,-0.3240945881611832,mri_2,-0.0194941271039563
23X-3,400,-0.3320286321413837,mri_2,-0.0217449085604628
23X-3,450,-0.3362085708507967,mri_2,-0.0211367827510743
23X-3,50,-0.2501799809368658,mri_2,-0.0181485693270384
23X-3,500,-0.3254787675410642,mri_2,-0.0210149490911127
23X-4,100,-0.2779029826679636,mri_2,-0.1248067475890791
23X-4,150,-0.461538731781774,mri_2,-0.1608628798526269
23X-4,200,-0.3460439625207774,mri_2,-0.1438808748027639
23X-4,250,-0.3651519551675998,mri_2,-0.1508106220459114
23X-4,300,-0.3556881361504173,mri_2,-0.1449052727336594
23X-4,350,-0.3758945326995592,mri_2,-0.1473302986140368
23X-4,400,-0.3738149876161801,mri_2,-0.1456825159343032
23X-4,450,-0.3559195692380975,mri_2,-0.1373344500343427
23X-4,50,-0.2242592966060084,mri_2,-0.1041725769040553
23X-4,500,-0.3896212562674778,mri_2,-0.1520708148754124
23X-5,100,-0.2773743044283569,mri_2,-0.0943192686872504
23X-5,150,-0.4377774620088809,mri_2,-0.1368002508751777
23X-5,200,-0.3149126876583176,mri_2,-0.1040959049060037
23X-5,250,-0.3249287371507809,mri_2,-0.1090508028981698
23X-5,300,-0.323938987210276,mri_2,-0.1066695384220695
23X-5,350,-0.3383319358325859,mri_2,-0.111369435955458
23X-5,400,-0.3355645721759236,mri_2,-0.107712997075889
23X-5,450,-0.3624064525953003,mri_2,-0.1171655998517468
23X-5,50,-0.2169523572842023,mri_2,-0.0782987499707729
23X-5,500,-0.3471811900040077,mri_2,-0.1137864321302238
23Y-1,100,-0.2848979140191405,mri_1,-0.0821110659230911
23Y-1,150,-0.475070923444567,mri_1,-0.1058594417812976
23Y-1,200,-0.4679586260352301,mri_1,-0.098612376096786
23Y-1,250,-0.4614176847344067,mri_1,-0.1006033816473633
23Y-1,300,-0.4565414528266407,mri_1,-0.0981448617328116
23Y-1,350,-0.4448614689552904,mri_1,-0.0979942416177213
23Y-1,400,-0.4354042786524195,mri_1,-0.0974395732338074
23Y-1,450,-0.4505662557297318,mri_1,-0.0986023932622046
23Y-1,50,-0.4214443731210234,mri_1,-0.0890789167636088
23Y-1,500,-0.4652829200638816,mri_1,-0.1039695028562483
23Y-2,100,-0.3186072333460583,mri_1,-0.07146387462401
23Y-2,150,-0.4749177989672181,mri_1,-0.0864090849595387
23Y-2,200,-0.470566204649436,mri_1,-0.0811927737936969
23Y-2,250,-0.4713634859115885,mri_1,-0.088841495004476
23Y-2,300,-0.4546648671562636,mri_1,-0.0779094739677258
23Y-2,350,-0.4619992783200908,mri_1,-0.0821151688946919
23Y-2,400,-0.44496344704863,mri_1,-0.0784685444033848
23Y-2,450,-0.449500098910176,mri_1,-0.0835716998963556
23Y-2,50,-0.4237158200473412,mri_1,-0.0730185171922696
23Y-2,500,-0.4692931875461789,mri_1,-0.0894163421701687
23Y-3,100,-0.3012566129880384,mri_1,-0.0847213735011536
23Y-3,150,-0.4623014137764133,mri_1,-0.1043218514639205
23Y-3,200,-0.3751990065919306,mri_1,-0.1029138599117426
23Y-3,250,-0.3856872445097289,mri_1,-0.1042345340951593
23Y-3,300,-0.3729608840169816,mri_1,-0.0965976032901066
23Y-3,350,-0.3886937536829221,mri_1,-0.0987502921168729
23Y-3,400,-0.370694173512381,mri_1,-0.0924360605610232
23Y-3,450,-0.3752773801087857,mri_1,-0.0948346695038314
23Y-3,50,-0.2758694563539199,mri_1,-0.0776956075754019
23Y-3,500,-0.3833272223231467,mri_1,-0.1045441832048097
23Y-4,100,-0.2063418654510387,mri_1,-0.0084447496420284
23Y-4,150,-0.2535110685534242,mri_1,-0.0107854340810984
23Y-4,200,-0.2354540659658816,mri_1,-0.0099969329695122
23Y-4,250,-0.2398462112031695,mri_1,-0.0100208310562747
23Y-4,300,-0.2383752833871113,mri_1,-0.0101952068968497
23Y-4,350,-0.2374441153621812,mri_1,-0.0104966060412492
23Y-4,400,-0.2350382426890598,mri_1,-0.010293378280723
23Y-4,450,-0.2408195316803572,mri_1,-0.0103052043394339
23Y-4,50,-0.1934268829705714,mri_1,-0.0081284623418279
23Y-4,500,-0.2391191495939681,mri_1,-0.010191116260561
23Y-5,100,-0.3318332349078773,mri_1,-0.1133237343522598
23Y-5,150,-0.454724241483014,mri_1,-0.1292171199695766
23Y-5,200,-0.4023672992307809,mri_1,-0.12914020155624
23Y-5,250,-0.4015119071569122,mri_1,-0.1309942493722687
23Y-5,300,-0.4037535643426039,mri_1,-0.1311914169060943
23Y-5,350,-0.3868159054204481,mri_1,-0.1285418444737942
23Y-5,400,-0.3819740164843295,mri_1,-0.1283039292710198
23Y-5,450,-0.3855950615826234,mri_1,-0.1236516262855781
23Y-5,50,-0.3052927903428415,mri_1,-0.1010937021748724
23Y-5,500,-0.427549914469034,mri_1,-0.1365481724813975
23Y-1,100,-0.2856974719071323,mri_2,-0.0874006941577563
23Y-1,150,-0.4693617646930991,mri_2,-0.1095971313290306
23Y-1,200,-0.460716089365655,mri_2,-0.1039115817096932
23Y-1,250,-0.4563606015112862,mri_2,-0.105665250298124
23Y-1,300,-0.4502270881287992,mri_2,-0.1041752048547818
23Y-1,350,-0.4405252865685619,mri_2,-0.1039197392044133
23Y-1,400,-0.4307947316140356,mri_2,-0.0995251972763679
23Y-1,450,-0.4413424161793978,mri_2,-0.1018735624134588
23Y-1,50,-0.4163413573404744,mri_2,-0.0937314164890315
23Y-1,500,-0.4631492803422412,mri_2,-0.1107649471073776
23Y-2,100,-0.309398458344516,mri_2,-0.073212093134137
23Y-2,150,-0.4628244393227656,mri_2,-0.0888877802293065
23Y-2,200,-0.4544015578455532,mri_2,-0.0838591345951644
23Y-2,250,-0.4561298148674499,mri_2,-0.0909735466254937
23Y-2,300,-0.4403811089727656,mri_2,-0.0805872209593664
23Y-2,350,-0.4501907269949058,mri_2,-0.0836052753675142
23Y-2,400,-0.4328508142453566,mri_2,-0.0827051219094616
23Y-2,450,-0.437912602528175,mri_2,-0.0854274393976799
23Y-2,50,-0.4154247074218243,mri_2,-0.0739722882979353
23Y-2,500,-0.4567122133883272,mri_2,-0.0930708243120641
23Y-3,100,-0.3018003016147118,mri_2,-0.0879596127436839
23Y-3,150,-0.4535494085080435,mri_2,-0.108124196274038
23Y-3,200,-0.3733625992862381,mri_2,-0.1065570671069871
23Y-3,250,-0.3852462388730847,mri_2,-0.10825472037578
23Y-3,300,-0.3732893130217665,mri_2,-0.1019633400650453
23Y-3,350,-0.3867713323263496,mri_2,-0.1028769136574041
23Y-3,400,-0.3673244468301352,mri_2,-0.0965337802447306
23Y-3,450,-0.3727057649578344,mri_2,-0.0984230197918281
23Y-3,50,-0.2743437624017147,mri_2,-0.0805741422127276
23Y-3,500,-0.3802644806722462,mri_2,-0.1088896594519747
23Y-4,100,-0.1891407939970143,mri_2,-0.0085874018758284
23Y-4,150,-0.237745555246651,mri_2,-0.0106059950468514
23Y-4,200,-0.2152236219423481,mri_2,-0.0100187474881142
23Y-4,250,-0.2183308592595384,mri_2,-0.0100281081339776
23Y-4,300,-0.2207262078247938,mri_2,-0.010259643990905
23Y-4,350,-0.2232077618224143,mri_2,-0.0105503518990824
23Y-4,400,-0.2195778565381869,mri_2,-0.0102349828795646
23Y-4,450,-0.2237952692738579,mri_2,-0.0102036580652056
23Y-4,50,-0.1799360650077811,mri_2,-0.0082140631134159
23Y-4,500,-0.2230389227290662,mri_2,-0.0102260376158161
23Y-5,100,-0.3292625430181383,mri_2,-0.1161086777446883
23Y-5,150,-0.4621680495009377,mri_2,-0.1342130626967343
23Y-5,200,-0.4022422567683192,mri_2,-0.1330388414581917
23Y-5,250,-0.4053940671073828,mri_2,-0.1348866322678023
23Y-5,300,-0.4049002810517965,mri_2,-0.1358782488677778
23Y-5,350,-0.3963027599388992,mri_2,-0.1322925006148792
23Y-5,400,-0.3845459720273529,mri_2,-0.13281968685286
23Y-5,450,-0.3930494835980198,mri_2,-0.1300887913792248
23Y-5,50,-0.2997242518338862,mri_2,-0.1036395510754253
23Y-5,500,-0.4212833088369281,mri_2,-0.1426301543001766
23R-1,100,-0.3823742004458539,mri_1,-0.0745352965918108
23R-1,150,-0.4548243061974633,mri_1,-0.0925522618188362
23R-1,200,-0.4126748922605694,mri_1,-0.0745589055891163
23R-1,250,-0.4149470690412072,mri_1,-0.0749508072973441
23R-1,300,-0.407324654014825,mri_1,-0.0727932788231043
23R-1,350,-0.4001386690512225,mri_1,-0.0678945886014814
23R-1,400,-0.4033522586789515,mri_1,-0.0704222390520182
23R-1,450,-0.3947728746979841,mri_1,-0.0697843908785409
23R-1,50,-0.3384276102367499,mri_1,-0.0687118226377551
23R-1,500,-0.4017267981337297,mri_1,-0.0763019407356581
23R-2,100,-0.393055387515758,mri_1,-0.1454148985126848
23R-2,150,-0.4419180856485673,mri_1,-0.1551702530562523
23R-2,200,-0.4163330523083508,mri_1,-0.1524835196863941
23R-2,250,-0.4306220187872925,mri_1,-0.1582012716313058
23R-2,300,-0.4204822336112037,mri_1,-0.1540854366877068
23R-2,350,-0.4137144330001047,mri_1,-0.1528966331504594
23R-2,400,-0.4249630945198599,mri_1,-0.1602774205415801
23R-2,450,-0.4210170396984443,mri_1,-0.1557034469700817
23R-2,50,-0.3475117102471028,mri_1,-0.1338742633056492
23R-2,500,-0.4074150467941315,mri_1,-0.1520554687059585
23R-3,100,-0.1300683556809171,mri_1,-0.0091352175003903
23R-3,150,-0.1358448959699094,mri_1,-0.0103763999420643
23R-3,200,-0.1318329236092596,mri_1,-0.009404792557726
23R-3,250,-0.1330361923731053,mri_1,-0.0096271893344847
23R-3,300,-0.1312701095539573,mri_1,-0.0096435846592862
23R-3,350,-0.1325764205807345,mri_1,-0.0099012812132684
23R-3,400,-0.130090409872148,mri_1,-0.0098172961090605
23R-3,450,-0.1295547219046414,mri_1,-0.010093269250744
23R-3,50,-0.1244706367563621,mri_1,-0.0087307081674552
23R-3,500,-0.1323463434830706,mri_1,-0.0097808273442501
23R-3,100,-0.2907091160967113,mri_2,-0.0093498261448133
23R-3,150,-0.3087252851326638,mri_2,-0.0102236450653839
23R-3,200,-0.297015912565653,mri_2,-0.0095845865578105
23R-3,250,-0.3006918454751606,mri_2,-0.0098062547186938
23R-3,300,-0.2999358505236733,mri_2,-0.0099956875397292
23R-3,350,-0.3027692201469388,mri_2,-0.0100159596866928
23R-3,400,-0.2951232988240749,mri_2,-0.0099463976723774
23R-3,450,-0.2951257864312705,mri_2,-0.0102768348896241
23R-3,50,-0.2709635728645539,mri_2,-0.0087634280066206
23R-3,500,-0.3006377953697851,mri_2,-0.0099296684519981
23R-4,100,-0.4135402226917324,mri_2,-0.1513477574321916
23R-4,150,-0.4626597420177777,mri_2,-0.1645723500321084
23R-4,200,-0.4409868304272587,mri_2,-0.1586887814076855
23R-4,250,-0.4423231431391577,mri_2,-0.1584815148443458
23R-4,300,-0.4323423897781403,mri_2,-0.1569713464443713
23R-4,350,-0.4306286028594499,mri_2,-0.1535045023000464
23R-4,400,-0.4123419040934017,mri_2,-0.1525612620426303
23R-4,450,-0.4046297266208952,mri_2,-0.1470572580282452
23R-4,50,-0.3692103261128734,mri_2,-0.1375876461738583
23R-4,500,-0.439316794481205,mri_2,-0.1582317831150123
23R-5,100,-0.4008353330135617,mri_2,-0.1375346921763372
23R-5,150,-0.4547585090145805,mri_2,-0.1468019382580008
23R-5,200,-0.4269990600312459,mri_2,-0.1474305606069504
23R-5,250,-0.4305257808953359,mri_2,-0.1503386420364809
23R-5,300,-0.41840107045102,mri_2,-0.1468621960753332
23R-5,350,-0.4279068302020972,mri_2,-0.1473469116095367
23R-5,400,-0.4050007033377903,mri_2,-0.1422947570399436
23R-5,450,-0.39314543517621,mri_2,-0.1398465877892371
23R-5,50,-0.3527103073440845,mri_2,-0.1267409373841769
23R-5,500,-0.4312614896433913,mri_2,-0.1480461038271519
23R-1,100,-0.3823742004458539,mri_1,-0.0745352965918108
23R-1,150,-0.4548243061974633,mri_1,-0.0925522618188362
23R-1,200,-0.4126748922605694,mri_1,-0.0745589055891163
23R-1,250,-0.4149470690412072,mri_1,-0.0749508072973441
23R-1,300,-0.407324654014825,mri_1,-0.0727932788231043
23R-1,350,-0.4001386690512225,mri_1,-0.0678945886014814
23R-1,400,-0.4033522586789515,mri_1,-0.0704222390520182
23R-1,450,-0.3947728746979841,mri_1,-0.0697843908785409
23R-1,50,-0.3384276102367499,mri_1,-0.0687118226377551
23R-1,500,-0.4017267981337297,mri_1,-0.0763019407356581
23R-2,100,-0.393055387515758,mri_1,-0.1454148985126848
23R-2,150,-0.4419180856485673,mri_1,-0.1551702530562523
23R-2,200,-0.4163330523083508,mri_1,-0.1524835196863941
23R-2,250,-0.4306220187872925,mri_1,-0.1582012716313058
23R-2,300,-0.4204822336112037,mri_1,-0.1540854366877068
23R-2,350,-0.4137144330001047,mri_1,-0.1528966331504594
23R-2,400,-0.4249630945198599,mri_1,-0.1602774205415801
23R-2,450,-0.4210170396984443,mri_1,-0.1557034469700817
23R-2,50,-0.3475117102471028,mri_1,-0.1338742633056492
23R-2,500,-0.4074150467941315,mri_1,-0.1520554687059585
23R-3,100,-0.1300683556809171,mri_1,-0.0091352175003903
23R-3,150,-0.1358448959699094,mri_1,-0.0103763999420643
23R-3,200,-0.1318329236092596,mri_1,-0.009404792557726
23R-3,250,-0.1330361923731053,mri_1,-0.0096271893344847
23R-3,300,-0.1312701095539573,mri_1,-0.0096435846592862
23R-3,350,-0.1325764205807345,mri_1,-0.0099012812132684
23R-3,400,-0.130090409872148,mri_1,-0.0098172961090605
23R-3,450,-0.1295547219046414,mri_1,-0.010093269250744
23R-3,50,-0.1244706367563621,mri_1,-0.0087307081674552
23R-3,500,-0.1323463434830706,mri_1,-0.0097808273442501
23R-3,100,-0.2907091160967113,mri_2,-0.0093498261448133
23R-3,150,-0.3087252851326638,mri_2,-0.0102236450653839
23R-3,200,-0.297015912565653,mri_2,-0.0095845865578105
23R-3,250,-0.3006918454751606,mri_2,-0.0098062547186938
23R-3,300,-0.2999358505236733,mri_2,-0.0099956875397292
23R-3,350,-0.3027692201469388,mri_2,-0.0100159596866928
23R-3,400,-0.2951232988240749,mri_2,-0.0099463976723774
23R-3,450,-0.2951257864312705,mri_2,-0.0102768348896241
23R-3,50,-0.2709635728645539,mri_2,-0.0087634280066206
23R-3,500,-0.3006377953697851,mri_2,-0.0099296684519981
23R-4,100,-0.4135402226917324,mri_2,-0.1513477574321916
23R-4,150,-0.4626597420177777,mri_2,-0.1645723500321084
23R-4,200,-0.4409868304272587,mri_2,-0.1586887814076855
23R-4,250,-0.4423231431391577,mri_2,-0.1584815148443458
23R-4,300,-0.4323423897781403,mri_2,-0.1569713464443713
23R-4,350,-0.4306286028594499,mri_2,-0.1535045023000464
23R-4,400,-0.4123419040934017,mri_2,-0.1525612620426303
23R-4,450,-0.4046297266208952,mri_2,-0.1470572580282452
23R-4,50,-0.3692103261128734,mri_2,-0.1375876461738583
23R-4,500,-0.439316794481205,mri_2,-0.1582317831150123
23R-5,100,-0.4008353330135617,mri_2,-0.1375346921763372
23R-5,150,-0.4547585090145805,mri_2,-0.1468019382580008
23R-5,200,-0.4269990600312459,mri_2,-0.1474305606069504
23R-5,250,-0.4305257808953359,mri_2,-0.1503386420364809
23R-5,300,-0.41840107045102,mri_2,-0.1468621960753332
23R-5,350,-0.4279068302020972,mri_2,-0.1473469116095367
23R-5,400,-0.4050007033377903,mri_2,-0.1422947570399436
23R-5,450,-0.39314543517621,mri_2,-0.1398465877892371
23R-5,50,-0.3527103073440845,mri_2,-0.1267409373841769
23R-5,500,-0.4312614896433913,mri_2,-0.1480461038271519
23R-1,100,-0.3823742004458539,mri_1,-0.0745352965918108
23R-1,150,-0.4548243061974633,mri_1,-0.0925522618188362
23R-1,200,-0.4126748922605694,mri_1,-0.0745589055891163
23R-1,250,-0.4149470690412072,mri_1,-0.0749508072973441
23R-1,300,-0.407324654014825,mri_1,-0.0727932788231043
23R-1,350,-0.4001386690512225,mri_1,-0.0678945886014814
23R-1,400,-0.4033522586789515,mri_1,-0.0704222390520182
23R-1,450,-0.3947728746979841,mri_1,-0.0697843908785409
23R-1,50,-0.3384276102367499,mri_1,-0.0687118226377551
23R-1,500,-0.4017267981337297,mri_1,-0.0763019407356581
23R-2,100,-0.393055387515758,mri_1,-0.1454148985126848
23R-2,150,-0.4419180856485673,mri_1,-0.1551702530562523
23R-2,200,-0.4163330523083508,mri_1,-0.1524835196863941
23R-2,250,-0.4306220187872925,mri_1,-0.1582012716313058
23R-2,300,-0.4204822336112037,mri_1,-0.1540854366877068
23R-2,350,-0.4137144330001047,mri_1,-0.1528966331504594
23R-2,400,-0.4249630945198599,mri_1,-0.1602774205415801
23R-2,450,-0.4210170396984443,mri_1,-0.1557034469700817
23R-2,50,-0.3475117102471028,mri_1,-0.1338742633056492
23R-2,500,-0.4074150467941315,mri_1,-0.1520554687059585
23R-3,100,-0.1300683556809171,mri_1,-0.0091352175003903
23R-3,150,-0.1358448959699094,mri_1,-0.0103763999420643
23R-3,200,-0.1318329236092596,mri_1,-0.009404792557726
23R-3,250,-0.1330361923731053,mri_1,-0.0096271893344847
23R-3,300,-0.1312701095539573,mri_1,-0.0096435846592862
23R-3,350,-0.1325764205807345,mri_1,-0.0099012812132684
23R-3,400,-0.130090409872148,mri_1,-0.0098172961090605
23R-3,450,-0.1295547219046414,mri_1,-0.010093269250744
23R-3,50,-0.1244706367563621,mri_1,-0.0087307081674552
23R-3,500,-0.1323463434830706,mri_1,-0.0097808273442501
23R-3,100,-0.2907091160967113,mri_2,-0.0093498261448133
23R-3,150,-0.3087252851326638,mri_2,-0.0102236450653839
23R-3,200,-0.297015912565653,mri_2,-0.0095845865578105
23R-3,250,-0.3006918454751606,mri_2,-0.0098062547186938
23R-3,300,-0.2999358505236733,mri_2,-0.0099956875397292
23R-3,350,-0.3027692201469388,mri_2,-0.0100159596866928
23R-3,400,-0.2951232988240749,mri_2,-0.0099463976723774
23R-3,450,-0.2951257864312705,mri_2,-0.0102768348896241
23R-3,50,-0.2709635728645539,mri_2,-0.0087634280066206
23R-3,500,-0.3006377953697851,mri_2,-0.0099296684519981
23R-4,100,-0.4135402226917324,mri_2,-0.1513477574321916
23R-4,150,-0.4626597420177777,mri_2,-0.1645723500321084
23R-4,200,-0.4409868304272587,mri_2,-0.1586887814076855
23R-4,250,-0.4423231431391577,mri_2,-0.1584815148443458
23R-4,300,-0.4323423897781403,mri_2,-0.1569713464443713
23R-4,350,-0.4306286028594499,mri_2,-0.1535045023000464
23R-4,400,-0.4123419040934017,mri_2,-0.1525612620426303
23R-4,450,-0.4046297266208952,mri_2,-0.1470572580282452
23R-4,50,-0.3692103261128734,mri_2,-0.1375876461738583
23R-4,500,-0.439316794481205,mri_2,-0.1582317831150123
23R-5,100,-0.4008353330135617,mri_2,-0.1375346921763372
23R-5,150,-0.4547585090145805,mri_2,-0.1468019382580008
23R-5,200,-0.4269990600312459,mri_2,-0.1474305606069504
23R-5,250,-0.4305257808953359,mri_2,-0.1503386420364809
23R-5,300,-0.41840107045102,mri_2,-0.1468621960753332
23R-5,350,-0.4279068302020972,mri_2,-0.1473469116095367
23R-5,400,-0.4050007033377903,mri_2,-0.1422947570399436
23R-5,450,-0.39314543517621,mri_2,-0.1398465877892371
23R-5,50,-0.3527103073440845,mri_2,-0.1267409373841769
23R-5,500,-0.4312614896433913,mri_2,-0.1480461038271519
23S-1,100,-0.399750381268739,mri_1,-0.156734822632066
23S-1,150,-0.4465575449613337,mri_1,-0.1685255521330693
23S-1,200,-0.4306765841897614,mri_1,-0.1659690589189092
23S-1,250,-0.4324264352408847,mri_1,-0.1639384328688616
23S-1,300,-0.4253287768826532,mri_1,-0.1680809652847672
23S-1,350,-0.4236045472781584,mri_1,-0.1634620882619235
23S-1,400,-0.4112878064618652,mri_1,-0.1669817140932845
23S-1,450,-0.4084651414583154,mri_1,-0.1596904463249437
23S-1,50,-0.3483162784136241,mri_1,-0.1406872820115605
23S-1,500,-0.4325199024243736,mri_1,-0.1675896004085265
23S-2,100,-0.3961175386321137,mri_1,-0.1102556282558105
23S-2,150,-0.4397454909878449,mri_1,-0.1193476179305052
23S-2,200,-0.4187279624619527,mri_1,-0.1153502611380966
23S-2,250,-0.4137344433475343,mri_1,-0.1181804643694783
23S-2,300,-0.4099006392367326,mri_1,-0.117116707702296
23S-2,350,-0.409938827643578,mri_1,-0.1178466418647547
23S-2,400,-0.4032489288987252,mri_1,-0.1132581523941286
23S-2,450,-0.4046677023017599,mri_1,-0.1152288037387642
23S-2,50,-0.3332690186266253,mri_1,-0.0960019784240946
23S-2,500,-0.4192834607571358,mri_1,-0.1190605468908159
23S-3,100,-0.3984757086460664,mri_1,-0.1297387763938043
23S-3,150,-0.4412534246145553,mri_1,-0.141377072086852
23S-3,200,-0.4250225876762833,mri_1,-0.1413591667868572
23S-3,250,-0.4277418487612659,mri_1,-0.1440546547360995
23S-3,300,-0.4242396117234091,mri_1,-0.1395452426727038
23S-3,350,-0.4294406659050874,mri_1,-0.1487174046239672
23S-3,400,-0.4050060216678644,mri_1,-0.1366321391183029
23S-3,450,-0.4073287592187466,mri_1,-0.1351792302063207
23S-3,50,-0.3398779178439092,mri_1,-0.1149862769952097
23S-3,500,-0.426206726457093,mri_1,-0.1492189122011505
23S-3,100,-0.3889143972157268,mri_2,-0.1203579407507957
23S-3,150,-0.4313456207542876,mri_2,-0.1321809913180291
23S-3,200,-0.4161676255740488,mri_2,-0.1310058984587452
23S-3,250,-0.4182794449402358,mri_2,-0.1336879384643639
23S-3,300,-0.4157382143669406,mri_2,-0.1302788222520018
23S-3,350,-0.4205627097604211,mri_2,-0.1398096854131872
23S-3,400,-0.3966106117780901,mri_2,-0.1279494848377973
23S-3,450,-0.3986682526737827,mri_2,-0.1257968045388152
23S-3,50,-0.3341131699986411,mri_2,-0.1058064148803045
23S-3,500,-0.4158314053140709,mri_2,-0.1384163780924758
23S-4,100,-0.3681848413113107,mri_2,-0.1001559424801207
23S-4,150,-0.4116465063691275,mri_2,-0.1107918088449876
23S-4,200,-0.3956595346369291,mri_2,-0.1090274064848573
23S-4,250,-0.3966739729055999,mri_2,-0.1117618902886372
23S-4,300,-0.3915271548459335,mri_2,-0.1092248080667101
23S-4,350,-0.3928694122032613,mri_2,-0.1103045762720191
23S-4,400,-0.3841500955484451,mri_2,-0.1090433848243219
23S-4,450,-0.3748821541173126,mri_2,-0.1071732478312445
23S-4,50,-0.3201409123506868,mri_2,-0.0885410047366979
23S-4,500,-0.3944852260467425,mri_2,-0.1199654621462131
23S-5,100,-0.3850294720063517,mri_2,-0.1167497723388569
23S-5,150,-0.4196563547771104,mri_2,-0.1215359190868045
23S-5,200,-0.4024218645688556,mri_2,-0.1205875043206576
23S-5,250,-0.4129968731861154,mri_2,-0.1270087740274591
23S-5,300,-0.3883119045208537,mri_2,-0.1152476134446923
23S-5,350,-0.4067146380158625,mri_2,-0.128724610383024
23S-5,400,-0.3924889329009651,mri_2,-0.117154641199728
23S-5,450,-0.4230688615778136,mri_2,-0.1327339697323206
23S-5,50,-0.3413684855824629,mri_2,-0.1056979921227058
23S-5,500,-0.4007457942626276,mri_2,-0.1273807374221539
23S-1,100,-0.399750381268739,mri_1,-0.156734822632066
23S-1,150,-0.4465575449613337,mri_1,-0.1685255521330693
23S-1,200,-0.4306765841897614,mri_1,-0.1659690589189092
23S-1,250,-0.4324264352408847,mri_1,-0.1639384328688616
23S-1,300,-0.4253287768826532,mri_1,-0.1680809652847672
23S-1,350,-0.4236045472781584,mri_1,-0.1634620882619235
23S-1,400,-0.4112878064618652,mri_1,-0.1669817140932845
23S-1,450,-0.4084651414583154,mri_1,-0.1596904463249437
23S-1,50,-0.3483162784136241,mri_1,-0.1406872820115605
23S-1,500,-0.4325199024243736,mri_1,-0.1675896004085265
23S-2,100,-0.3961175386321137,mri_1,-0.1102556282558105
23S-2,150,-0.4397454909878449,mri_1,-0.1193476179305052
23S-2,200,-0.4187279624619527,mri_1,-0.1153502611380966
23S-2,250,-0.4137344433475343,mri_1,-0.1181804643694783
23S-2,300,-0.4099006392367326,mri_1,-0.117116707702296
23S-2,350,-0.409938827643578,mri_1,-0.1178466418647547
23S-2,400,-0.4032489288987252,mri_1,-0.1132581523941286
23S-2,450,-0.4046677023017599,mri_1,-0.1152288037387642
23S-2,50,-0.3332690186266253,mri_1,-0.0960019784240946
23S-2,500,-0.4192834607571358,mri_1,-0.1190605468908159
23S-3,100,-0.3984757086460664,mri_1,-0.1297387763938043
23S-3,150,-0.4412534246145553,mri_1,-0.141377072086852
23S-3,200,-0.4250225876762833,mri_1,-0.1413591667868572
23S-3,250,-0.4277418487612659,mri_1,-0.1440546547360995
23S-3,300,-0.4242396117234091,mri_1,-0.1395452426727038
23S-3,350,-0.4294406659050874,mri_1,-0.1487174046239672
23S-3,400,-0.4050060216678644,mri_1,-0.1366321391183029
23S-3,450,-0.4073287592187466,mri_1,-0.1351792302063207
23S-3,50,-0.3398779178439092,mri_1,-0.1149862769952097
23S-3,500,-0.426206726457093,mri_1,-0.1492189122011505
23S-3,100,-0.3889143972157268,mri_2,-0.1203579407507957
23S-3,150,-0.4313456207542876,mri_2,-0.1321809913180291
23S-3,200,-0.4161676255740488,mri_2,-0.1310058984587452
23S-3,250,-0.4182794449402358,mri_2,-0.1336879384643639
23S-3,300,-0.4157382143669406,mri_2,-0.1302788222520018
23S-3,350,-0.4205627097604211,mri_2,-0.1398096854131872
23S-3,400,-0.3966106117780901,mri_2,-0.1279494848377973
23S-3,450,-0.3986682526737827,mri_2,-0.1257968045388152
23S-3,50,-0.3341131699986411,mri_2,-0.1058064148803045
23S-3,500,-0.4158314053140709,mri_2,-0.1384163780924758
23S-4,100,-0.3681848413113107,mri_2,-0.1001559424801207
23S-4,150,-0.4116465063691275,mri_2,-0.1107918088449876
23S-4,200,-0.3956595346369291,mri_2,-0.1090274064848573
23S-4,250,-0.3966739729055999,mri_2,-0.1117618902886372
23S-4,300,-0.3915271548459335,mri_2,-0.1092248080667101
23S-4,350,-0.3928694122032613,mri_2,-0.1103045762720191
23S-4,400,-0.3841500955484451,mri_2,-0.1090433848243219
23S-4,450,-0.3748821541173126,mri_2,-0.1071732478312445
23S-4,50,-0.3201409123506868,mri_2,-0.0885410047366979
23S-4,500,-0.3944852260467425,mri_2,-0.1199654621462131
23S-5,100,-0.3850294720063517,mri_2,-0.1167497723388569
23S-5,150,-0.4196563547771104,mri_2,-0.1215359190868045
23S-5,200,-0.4024218645688556,mri_2,-0.1205875043206576
23S-5,250,-0.4129968731861154,mri_2,-0.1270087740274591
23S-5,300,-0.3883119045208537,mri_2,-0.1152476134446923
23S-5,350,-0.4067146380158625,mri_2,-0.128724610383024
23S-5,400,-0.3924889329009651,mri_2,-0.117154641199728
23S-5,450,-0.4230688615778136,mri_2,-0.1327339697323206
23S-5,50,-0.3413684855824629,mri_2,-0.1056979921227058
23S-5,500,-0.4007457942626276,mri_2,-0.1273807374221539
23S-1,100,-0.399750381268739,mri_1,-0.156734822632066
23S-1,150,-0.4465575449613337,mri_1,-0.1685255521330693
23S-1,200,-0.4306765841897614,mri_1,-0.1659690589189092
23S-1,250,-0.4324264352408847,mri_1,-0.1639384328688616
23S-1,300,-0.4253287768826532,mri_1,-0.1680809652847672
23S-1,350,-0.4236045472781584,mri_1,-0.1634620882619235
23S-1,400,-0.4112878064618652,mri_1,-0.1669817140932845
23S-1,450,-0.4084651414583154,mri_1,-0.1596904463249437
23S-1,50,-0.3483162784136241,mri_1,-0.1406872820115605
23S-1,500,-0.4325199024243736,mri_1,-0.1675896004085265
23S-2,100,-0.3961175386321137,mri_1,-0.1102556282558105
23S-2,150,-0.4397454909878449,mri_1,-0.1193476179305052
23S-2,200,-0.4187279624619527,mri_1,-0.1153502611380966
23S-2,250,-0.4137344433475343,mri_1,-0.1181804643694783
23S-2,300,-0.4099006392367326,mri_1,-0.117116707702296
23S-2,350,-0.409938827643578,mri_1,-0.1178466418647547
23S-2,400,-0.4032489288987252,mri_1,-0.1132581523941286
23S-2,450,-0.4046677023017599,mri_1,-0.1152288037387642
23S-2,50,-0.3332690186266253,mri_1,-0.0960019784240946
23S-2,500,-0.4192834607571358,mri_1,-0.1190605468908159
23S-3,100,-0.3984757086460664,mri_1,-0.1297387763938043
23S-3,150,-0.4412534246145553,mri_1,-0.141377072086852
23S-3,200,-0.4250225876762833,mri_1,-0.1413591667868572
23S-3,250,-0.4277418487612659,mri_1,-0.1440546547360995
23S-3,300,-0.4242396117234091,mri_1,-0.1395452426727038
23S-3,350,-0.4294406659050874,mri_1,-0.1487174046239672
23S-3,400,-0.4050060216678644,mri_1,-0.1366321391183029
23S-3,450,-0.4073287592187466,mri_1,-0.1351792302063207
23S-3,50,-0.3398779178439092,mri_1,-0.1149862769952097
23S-3,500,-0.426206726457093,mri_1,-0.1492189122011505
23S-3,100,-0.3889143972157268,mri_2,-0.1203579407507957
23S-3,150,-0.4313456207542876,mri_2,-0.1321809913180291
23S-3,200,-0.4161676255740488,mri_2,-0.1310058984587452
23S-3,250,-0.4182794449402358,mri_2,-0.1336879384643639
23S-3,300,-0.4157382143669406,mri_2,-0.1302788222520018
23S-3,350,-0.4205627097604211,mri_2,-0.1398096854131872
23S-3,400,-0.3966106117780901,mri_2,-0.1279494848377973
23S-3,450,-0.3986682526737827,mri_2,-0.1257968045388152
23S-3,50,-0.3341131699986411,mri_2,-0.1058064148803045
23S-3,500,-0.4158314053140709,mri_2,-0.1384163780924758
23S-4,100,-0.3681848413113107,mri_2,-0.1001559424801207
23S-4,150,-0.4116465063691275,mri_2,-0.1107918088449876
23S-4,200,-0.3956595346369291,mri_2,-0.1090274064848573
23S-4,250,-0.3966739729055999,mri_2,-0.1117618902886372
23S-4,300,-0.3915271548459335,mri_2,-0.1092248080667101
23S-4,350,-0.3928694122032613,mri_2,-0.1103045762720191
23S-4,400,-0.3841500955484451,mri_2,-0.1090433848243219
23S-4,450,-0.3748821541173126,mri_2,-0.1071732478312445
23S-4,50,-0.3201409123506868,mri_2,-0.0885410047366979
23S-4,500,-0.3944852260467425,mri_2,-0.1199654621462131
23S-5,100,-0.3850294720063517,mri_2,-0.1167497723388569
23S-5,150,-0.4196563547771104,mri_2,-0.1215359190868045
23S-5,200,-0.4024218645688556,mri_2,-0.1205875043206576
23S-5,250,-0.4129968731861154,mri_2,-0.1270087740274591
23S-5,300,-0.3883119045208537,mri_2,-0.1152476134446923
23S-5,350,-0.4067146380158625,mri_2,-0.128724610383024
23S-5,400,-0.3924889329009651,mri_2,-0.117154641199728
23S-5,450,-0.4230688615778136,mri_2,-0.1327339697323206
23S-5,50,-0.3413684855824629,mri_2,-0.1056979921227058
23S-5,500,-0.4007457942626276,mri_2,-0.1273807374221539
23T-1,100,-0.324114703259104,mri_1,-0.0851352255020611
23T-1,150,-0.3741670690413775,mri_1,-0.1006697242334302
23T-1,200,-0.337413593845914,mri_1,-0.0869319852960185
23T-1,250,-0.3413334572224297,mri_1,-0.0906774711673264
23T-1,300,-0.3451140675613137,mri_1,-0.0841954975109944
23T-1,350,-0.3432916751974426,mri_1,-0.0858951417215061
23T-1,400,-0.3227388595078774,mri_1,-0.0796292912044609
23T-1,450,-0.3149095122482193,mri_1,-0.0758115532213686
23T-1,50,-0.2691898847126252,mri_1,-0.0768948149644253
23T-1,500,-0.3390705228978899,mri_1,-0.0928259632646271
23T-2,100,-0.286949294631022,mri_1,-0.0423508419245536
23T-2,150,-0.3621695038667822,mri_1,-0.0483921487430152
23T-2,200,-0.3171927594645884,mri_1,-0.0466258471273335
23T-2,250,-0.3193967668162549,mri_1,-0.0461788171959003
23T-2,300,-0.3231717246173263,mri_1,-0.0485960192400573
23T-2,350,-0.3246754039540797,mri_1,-0.0457358511543283
23T-2,400,-0.3219041357164545,mri_1,-0.042613005231349
23T-2,450,-0.3023181228167165,mri_1,-0.042764834488331
23T-2,50,-0.2411720325639151,mri_1,-0.0395225009993722
23T-2,500,-0.3270009495235902,mri_1,-0.045297282651593
23T-3,100,-0.3316473124614292,mri_1,-0.0899497627971176
23T-3,150,-0.3716713312368053,mri_1,-0.099570628069788
23T-3,200,-0.3596791815778612,mri_1,-0.0977165756596421
23T-3,250,-0.3533922397527728,mri_1,-0.098160719103935
23T-3,300,-0.356633603070339,mri_1,-0.0977271528909742
23T-3,350,-0.3449933789028528,mri_1,-0.0962483545060319
23T-3,400,-0.3599016852343383,mri_1,-0.0980704008911058
23T-3,450,-0.3377746001089154,mri_1,-0.0906537155831753
23T-3,50,-0.2923130938116347,mri_1,-0.083373250195035
23T-3,500,-0.3427601360373974,mri_1,-0.0943583833813847
23T-3,100,-0.4170513877567596,mri_2,-0.1432483274285387
23T-3,150,-0.4663584839998878,mri_2,-0.1496663589689079
23T-3,200,-0.4481776068621146,mri_2,-0.153052289881969
23T-3,250,-0.4412284264919628,mri_2,-0.1524144879710579
23T-3,300,-0.4456256167649998,mri_2,-0.1517322917441555
23T-3,350,-0.4347330854273389,mri_2,-0.1499837544332147
23T-3,400,-0.4474061554446,mri_2,-0.1550133702664172
23T-3,450,-0.4211107824493871,mri_2,-0.1448564181206189
23T-3,50,-0.3665798406768578,mri_2,-0.1307463021783955
23T-3,500,-0.4272417245141085,mri_2,-0.151479522475662
23T-4,100,-0.3927212494713706,mri_2,-0.1359864177018022
23T-4,150,-0.4534777292801688,mri_2,-0.1449143106280601
23T-4,200,-0.4275024797625445,mri_2,-0.1456061431568771
23T-4,250,-0.4237464736726105,mri_2,-0.1468297250894963
23T-4,300,-0.4211323589184793,mri_2,-0.1438737629874985
23T-4,350,-0.4283102865424062,mri_2,-0.1487366081231076
23T-4,400,-0.4195699373272314,mri_2,-0.1458841429823716
23T-4,450,-0.4202433935861515,mri_2,-0.147704848047931
23T-4,50,-0.3491211217708471,mri_2,-0.1245061263568761
23T-4,500,-0.4254613297278583,mri_2,-0.152599676204363
23T-5,100,-0.3853476423500037,mri_2,-0.1360869593733997
23T-5,150,-0.4524749546878335,mri_2,-0.1405537123873825
23T-5,200,-0.4094538906783693,mri_2,-0.1446914503124758
23T-5,250,-0.4133664271953351,mri_2,-0.1447001894558628
23T-5,300,-0.4017460743963165,mri_2,-0.1371226854763088
23T-5,350,-0.4097688677539355,mri_2,-0.1386200301746906
23T-5,400,-0.4306408221987442,mri_2,-0.1485486620923437
23T-5,450,-0.3956618700564406,mri_2,-0.1280618290752891
23T-5,50,-0.3211467719898959,mri_2,-0.1199000639844882
23T-5,500,-0.4325003639832968,mri_2,-0.1461873795127636
23T-1,100,-0.324114703259104,mri_1,-0.0851352255020611
23T-1,150,-0.3741670690413775,mri_1,-0.1006697242334302
23T-1,200,-0.337413593845914,mri_1,-0.0869319852960185
23T-1,250,-0.3413334572224297,mri_1,-0.0906774711673264
23T-1,300,-0.3451140675613137,mri_1,-0.0841954975109944
23T-1,350,-0.3432916751974426,mri_1,-0.0858951417215061
23T-1,400,-0.3227388595078774,mri_1,-0.0796292912044609
23T-1,450,-0.3149095122482193,mri_1,-0.0758115532213686
23T-1,50,-0.2691898847126252,mri_1,-0.0768948149644253
23T-1,500,-0.3390705228978899,mri_1,-0.0928259632646271
23T-2,100,-0.286949294631022,mri_1,-0.0423508419245536
23T-2,150,-0.3621695038667822,mri_1,-0.0483921487430152
23T-2,200,-0.3171927594645884,mri_1,-0.0466258471273335
23T-2,250,-0.3193967668162549,mri_1,-0.0461788171959003
23T-2,300,-0.3231717246173263,mri_1,-0.0485960192400573
23T-2,350,-0.3246754039540797,mri_1,-0.0457358511543283
23T-2,400,-0.3219041357164545,mri_1,-0.042613005231349
23T-2,450,-0.3023181228167165,mri_1,-0.042764834488331
23T-2,50,-0.2411720325639151,mri_1,-0.0395225009993722
23T-2,500,-0.3270009495235902,mri_1,-0.045297282651593
23T-3,100,-0.3316473124614292,mri_1,-0.0899497627971176
23T-3,150,-0.3716713312368053,mri_1,-0.099570628069788
23T-3,200,-0.3596791815778612,mri_1,-0.0977165756596421
23T-3,250,-0.3533922397527728,mri_1,-0.098160719103935
23T-3,300,-0.356633603070339,mri_1,-0.0977271528909742
23T-3,350,-0.3449933789028528,mri_1,-0.0962483545060319
23T-3,400,-0.3599016852343383,mri_1,-0.0980704008911058
23T-3,450,-0.3377746001089154,mri_1,-0.0906537155831753
23T-3,50,-0.2923130938116347,mri_1,-0.083373250195035
23T-3,500,-0.3427601360373974,mri_1,-0.0943583833813847
23T-3,100,-0.4170513877567596,mri_2,-0.1432483274285387
23T-3,150,-0.4663584839998878,mri_2,-0.1496663589689079
23T-3,200,-0.4481776068621146,mri_2,-0.153052289881969
23T-3,250,-0.4412284264919628,mri_2,-0.1524144879710579
23T-3,300,-0.4456256167649998,mri_2,-0.1517322917441555
23T-3,350,-0.4347330854273389,mri_2,-0.1499837544332147
23T-3,400,-0.4474061554446,mri_2,-0.1550133702664172
23T-3,450,-0.4211107824493871,mri_2,-0.1448564181206189
23T-3,50,-0.3665798406768578,mri_2,-0.1307463021783955
23T-3,500,-0.4272417245141085,mri_2,-0.151479522475662
23T-4,100,-0.3927212494713706,mri_2,-0.1359864177018022
23T-4,150,-0.4534777292801688,mri_2,-0.1449143106280601
23T-4,200,-0.4275024797625445,mri_2,-0.1456061431568771
23T-4,250,-0.4237464736726105,mri_2,-0.1468297250894963
23T-4,300,-0.4211323589184793,mri_2,-0.1438737629874985
23T-4,350,-0.4283102865424062,mri_2,-0.1487366081231076
23T-4,400,-0.4195699373272314,mri_2,-0.1458841429823716
23T-4,450,-0.4202433935861515,mri_2,-0.147704848047931
23T-4,50,-0.3491211217708471,mri_2,-0.1245061263568761
23T-4,500,-0.4254613297278583,mri_2,-0.152599676204363
23T-5,100,-0.3853476423500037,mri_2,-0.1360869593733997
23T-5,150,-0.4524749546878335,mri_2,-0.1405537123873825
23T-5,200,-0.4094538906783693,mri_2,-0.1446914503124758
23T-5,250,-0.4133664271953351,mri_2,-0.1447001894558628
23T-5,300,-0.4017460743963165,mri_2,-0.1371226854763088
23T-5,350,-0.4097688677539355,mri_2,-0.1386200301746906
23T-5,400,-0.4306408221987442,mri_2,-0.1485486620923437
23T-5,450,-0.3956618700564406,mri_2,-0.1280618290752891
23T-5,50,-0.3211467719898959,mri_2,-0.1199000639844882
23T-5,500,-0.4325003639832968,mri_2,-0.1461873795127636
23T-1,100,-0.324114703259104,mri_1,-0.0851352255020611
23T-1,150,-0.3741670690413775,mri_1,-0.1006697242334302
23T-1,200,-0.337413593845914,mri_1,-0.0869319852960185
23T-1,250,-0.3413334572224297,mri_1,-0.0906774711673264
23T-1,300,-0.3451140675613137,mri_1,-0.0841954975109944
23T-1,350,-0.3432916751974426,mri_1,-0.0858951417215061
23T-1,400,-0.3227388595078774,mri_1,-0.0796292912044609
23T-1,450,-0.3149095122482193,mri_1,-0.0758115532213686
23T-1,50,-0.2691898847126252,mri_1,-0.0768948149644253
23T-1,500,-0.3390705228978899,mri_1,-0.0928259632646271
23T-2,100,-0.286949294631022,mri_1,-0.0423508419245536
23T-2,150,-0.3621695038667822,mri_1,-0.0483921487430152
23T-2,200,-0.3171927594645884,mri_1,-0.0466258471273335
23T-2,250,-0.3193967668162549,mri_1,-0.0461788171959003
23T-2,300,-0.3231717246173263,mri_1,-0.0485960192400573
23T-2,350,-0.3246754039540797,mri_1,-0.0457358511543283
23T-2,400,-0.3219041357164545,mri_1,-0.042613005231349
23T-2,450,-0.3023181228167165,mri_1,-0.042764834488331
23T-2,50,-0.2411720325639151,mri_1,-0.0395225009993722
23T-2,500,-0.3270009495235902,mri_1,-0.045297282651593
23T-3,100,-0.3316473124614292,mri_1,-0.0899497627971176
23T-3,150,-0.3716713312368053,mri_1,-0.099570628069788
23T-3,200,-0.3596791815778612,mri_1,-0.0977165756596421
23T-3,250,-0.3533922397527728,mri_1,-0.098160719103935
23T-3,300,-0.356633603070339,mri_1,-0.0977271528909742
23T-3,350,-0.3449933789028528,mri_1,-0.0962483545060319
23T-3,400,-0.3599016852343383,mri_1,-0.0980704008911058
23T-3,450,-0.3377746001089154,mri_1,-0.0906537155831753
23T-3,50,-0.2923130938116347,mri_1,-0.083373250195035
23T-3,500,-0.3427601360373974,mri_1,-0.0943583833813847
23T-3,100,-0.4170513877567596,mri_2,-0.1432483274285387
23T-3,150,-0.4663584839998878,mri_2,-0.1496663589689079
23T-3,200,-0.4481776068621146,mri_2,-0.153052289881969
23T-3,250,-0.4412284264919628,mri_2,-0.1524144879710579
23T-3,300,-0.4456256167649998,mri_2,-0.1517322917441555
23T-3,350,-0.4347330854273389,mri_2,-0.1499837544332147
23T-3,400,-0.4474061554446,mri_2,-0.1550133702664172
23T-3,450,-0.4211107824493871,mri_2,-0.1448564181206189
23T-3,50,-0.3665798406768578,mri_2,-0.1307463021783955
23T-3,500,-0.4272417245141085,mri_2,-0.151479522475662
23T-4,100,-0.3927212494713706,mri_2,-0.1359864177018022
23T-4,150,-0.4534777292801688,mri_2,-0.1449143106280601
23T-4,200,-0.4275024797625445,mri_2,-0.1456061431568771
23T-4,250,-0.4237464736726105,mri_2,-0.1468297250894963
23T-4,300,-0.4211323589184793,mri_2,-0.1438737629874985
23T-4,350,-0.4283102865424062,mri_2,-0.1487366081231076
23T-4,400,-0.4195699373272314,mri_2,-0.1458841429823716
23T-4,450,-0.4202433935861515,mri_2,-0.147704848047931
23T-4,50,-0.3491211217708471,mri_2,-0.1245061263568761
23T-4,500,-0.4254613297278583,mri_2,-0.152599676204363
23T-5,100,-0.3853476423500037,mri_2,-0.1360869593733997
23T-5,150,-0.4524749546878335,mri_2,-0.1405537123873825
23T-5,200,-0.4094538906783693,mri_2,-0.1446914503124758
23T-5,250,-0.4133664271953351,mri_2,-0.1447001894558628
23T-5,300,-0.4017460743963165,mri_2,-0.1371226854763088
23T-5,350,-0.4097688677539355,mri_2,-0.1386200301746906
23T-5,400,-0.4306408221987442,mri_2,-0.1485486620923437
23T-5,450,-0.3956618700564406,mri_2,-0.1280618290752891
23T-5,50,-0.3211467719898959,mri_2,-0.1199000639844882
23T-5,500,-0.4325003639832968,mri_2,-0.1461873795127636
23U-1,100,-0.412460640589233,mri_1,-0.1180032234686387
23U-1,150,-0.44980472598241,mri_1,-0.1332804174499752
23U-1,200,-0.4249594285739738,mri_1,-0.1184181154612168
23U-1,250,-0.4227123363744203,mri_1,-0.1200163062751627
23U-1,300,-0.4238906924618449,mri_1,-0.1173652069534645
23U-1,350,-0.4146698682944547,mri_1,-0.1154704447871762
23U-1,400,-0.4094041773902722,mri_1,-0.1142668771242698
23U-1,450,-0.4109266952981056,mri_1,-0.1126390723997135
23U-1,50,-0.3721356194137907,mri_1,-0.1108785267000075
23U-1,500,-0.4390108721798141,mri_1,-0.1259232632938988
23U-2,100,-0.3893759878212395,mri_1,-0.1017484083484527
23U-2,150,-0.4449816537120671,mri_1,-0.1130924755949268
23U-2,200,-0.4202177694908483,mri_1,-0.1065534018052026
23U-2,250,-0.406785244244974,mri_1,-0.1066629188039613
23U-2,300,-0.4113442821186409,mri_1,-0.1062065400061494
23U-2,350,-0.4069803471593841,mri_1,-0.106488435072213
23U-2,400,-0.3953855966966617,mri_1,-0.105988913710141
23U-2,450,-0.4063557116323115,mri_1,-0.1031630831275121
23U-2,50,-0.330226777875741,mri_1,-0.0915159958324479
23U-2,500,-0.4335664631807243,mri_1,-0.1109973849186121
23U-3,100,-0.4152773567152322,mri_1,-0.1482328659072151
23U-3,150,-0.463430428959483,mri_1,-0.1582038586896839
23U-3,200,-0.4377542026766699,mri_1,-0.1530766980868829
23U-3,250,-0.4356445726063269,mri_1,-0.1556201743605588
23U-3,300,-0.4355576480778472,mri_1,-0.153665784275805
23U-3,350,-0.4293471478677461,mri_1,-0.1593656287638517
23U-3,400,-0.4143936324542143,mri_1,-0.1475037881697172
23U-3,450,-0.4218703127213061,mri_1,-0.152804860396366
23U-3,50,-0.3681095344764853,mri_1,-0.1362803256032687
23U-3,500,-0.4503807520934182,mri_1,-0.1633399648682129
23U-3,100,-0.4014532285942203,mri_2,-0.1487714872380139
23U-3,150,-0.4408931672801311,mri_2,-0.1593833627176181
23U-3,200,-0.4260885958360964,mri_2,-0.1546258942970663
23U-3,250,-0.4235568407171312,mri_2,-0.1570985177703806
23U-3,300,-0.4199098827108486,mri_2,-0.1575749677410538
23U-3,350,-0.4153313023844532,mri_2,-0.1604705127689392
23U-3,400,-0.3999764220143075,mri_2,-0.1503268906196624
23U-3,450,-0.4114981659249108,mri_2,-0.157029338752263
23U-3,50,-0.3584136993634831,mri_2,-0.1376240296813115
23U-3,500,-0.435442326982756,mri_2,-0.1653437399110672
23U-4,100,-0.3888207297938651,mri_2,-0.1382963679480142
23U-4,150,-0.4276204765988109,mri_2,-0.1396799612960458
23U-4,200,-0.4103546563130292,mri_2,-0.1433308960184435
23U-4,250,-0.4098478340212197,mri_2,-0.1485380232083563
23U-4,300,-0.4103523228660595,mri_2,-0.1448361433013389
23U-4,350,-0.3959345123489894,mri_2,-0.1423282338367855
23U-4,400,-0.3962582831705149,mri_2,-0.1375340826290626
23U-4,450,-0.4012363484235603,mri_2,-0.1420556027108306
23U-4,50,-0.3443706765933319,mri_2,-0.1237861840919445
23U-4,500,-0.4179857067997143,mri_2,-0.151498768962118
23U-5,100,-0.3862256454661523,mri_2,-0.149299063119797
23U-5,150,-0.4260782190751407,mri_2,-0.1613997086587327
23U-5,200,-0.405267403179477,mri_2,-0.1553305551180203
23U-5,250,-0.4083360923706953,mri_2,-0.1581961372772356
23U-5,300,-0.3998273719766318,mri_2,-0.1545392383482488
23U-5,350,-0.3994090277548794,mri_2,-0.1548924282290265
23U-5,400,-0.3903741551433311,mri_2,-0.1471763813521638
23U-5,450,-0.3946026199861231,mri_2,-0.1494813237237066
23U-5,50,-0.3409830758038846,mri_2,-0.131988417253904
23U-5,500,-0.4184989646475085,mri_2,-0.1679094700731659
23U-1,100,-0.412460640589233,mri_1,-0.1180032234686387
23U-1,150,-0.44980472598241,mri_1,-0.1332804174499752
23U-1,200,-0.4249594285739738,mri_1,-0.1184181154612168
23U-1,250,-0.4227123363744203,mri_1,-0.1200163062751627
23U-1,300,-0.4238906924618449,mri_1,-0.1173652069534645
23U-1,350,-0.4146698682944547,mri_1,-0.1154704447871762
23U-1,400,-0.4094041773902722,mri_1,-0.1142668771242698
23U-1,450,-0.4109266952981056,mri_1,-0.1126390723997135
23U-1,50,-0.3721356194137907,mri_1,-0.1108785267000075
23U-1,500,-0.4390108721798141,mri_1,-0.1259232632938988
23U-2,100,-0.3893759878212395,mri_1,-0.1017484083484527
23U-2,150,-0.4449816537120671,mri_1,-0.1130924755949268
23U-2,200,-0.4202177694908483,mri_1,-0.1065534018052026
23U-2,250,-0.406785244244974,mri_1,-0.1066629188039613
23U-2,300,-0.4113442821186409,mri_1,-0.1062065400061494
23U-2,350,-0.4069803471593841,mri_1,-0.106488435072213
23U-2,400,-0.3953855966966617,mri_1,-0.105988913710141
23U-2,450,-0.4063557116323115,mri_1,-0.1031630831275121
23U-2,50,-0.330226777875741,mri_1,-0.0915159958324479
23U-2,500,-0.4335664631807243,mri_1,-0.1109973849186121
23U-3,100,-0.4152773567152322,mri_1,-0.1482328659072151
23U-3,150,-0.463430428959483,mri_1,-0.1582038586896839
23U-3,200,-0.4377542026766699,mri_1,-0.1530766980868829
23U-3,250,-0.4356445726063269,mri_1,-0.1556201743605588
23U-3,300,-0.4355576480778472,mri_1,-0.153665784275805
23U-3,350,-0.4293471478677461,mri_1,-0.1593656287638517
23U-3,400,-0.4143936324542143,mri_1,-0.1475037881697172
23U-3,450,-0.4218703127213061,mri_1,-0.152804860396366
23U-3,50,-0.3681095344764853,mri_1,-0.1362803256032687
23U-3,500,-0.4503807520934182,mri_1,-0.1633399648682129
23U-3,100,-0.4014532285942203,mri_2,-0.1487714872380139
23U-3,150,-0.4408931672801311,mri_2,-0.1593833627176181
23U-3,200,-0.4260885958360964,mri_2,-0.1546258942970663
23U-3,250,-0.4235568407171312,mri_2,-0.1570985177703806
23U-3,300,-0.4199098827108486,mri_2,-0.1575749677410538
23U-3,350,-0.4153313023844532,mri_2,-0.1604705127689392
23U-3,400,-0.3999764220143075,mri_2,-0.1503268906196624
23U-3,450,-0.4114981659249108,mri_2,-0.157029338752263
23U-3,50,-0.3584136993634831,mri_2,-0.1376240296813115
23U-3,500,-0.435442326982756,mri_2,-0.1653437399110672
23U-4,100,-0.3888207297938651,mri_2,-0.1382963679480142
23U-4,150,-0.4276204765988109,mri_2,-0.1396799612960458
23U-4,200,-0.4103546563130292,mri_2,-0.1433308960184435
23U-4,250,-0.4098478340212197,mri_2,-0.1485380232083563
23U-4,300,-0.4103523228660595,mri_2,-0.1448361433013389
23U-4,350,-0.3959345123489894,mri_2,-0.1423282338367855
23U-4,400,-0.3962582831705149,mri_2,-0.1375340826290626
23U-4,450,-0.4012363484235603,mri_2,-0.1420556027108306
23U-4,50,-0.3443706765933319,mri_2,-0.1237861840919445
23U-4,500,-0.4179857067997143,mri_2,-0.151498768962118
23U-5,100,-0.3862256454661523,mri_2,-0.149299063119797
23U-5,150,-0.4260782190751407,mri_2,-0.1613997086587327
23U-5,200,-0.405267403179477,mri_2,-0.1553305551180203
23U-5,250,-0.4083360923706953,mri_2,-0.1581961372772356
23U-5,300,-0.3998273719766318,mri_2,-0.1545392383482488
23U-5,350,-0.3994090277548794,mri_2,-0.1548924282290265
23U-5,400,-0.3903741551433311,mri_2,-0.1471763813521638
23U-5,450,-0.3946026199861231,mri_2,-0.1494813237237066
23U-5,50,-0.3409830758038846,mri_2,-0.131988417253904
23U-5,500,-0.4184989646475085,mri_2,-0.1679094700731659
23U-1,100,-0.412460640589233,mri_1,-0.1180032234686387
23U-1,150,-0.44980472598241,mri_1,-0.1332804174499752
23U-1,200,-0.4249594285739738,mri_1,-0.1184181154612168
23U-1,250,-0.4227123363744203,mri_1,-0.1200163062751627
23U-1,300,-0.4238906924618449,mri_1,-0.1173652069534645
23U-1,350,-0.4146698682944547,mri_1,-0.1154704447871762
23U-1,400,-0.4094041773902722,mri_1,-0.1142668771242698
23U-1,450,-0.4109266952981056,mri_1,-0.1126390723997135
23U-1,50,-0.3721356194137907,mri_1,-0.1108785267000075
23U-1,500,-0.4390108721798141,mri_1,-0.1259232632938988
23U-2,100,-0.3893759878212395,mri_1,-0.1017484083484527
23U-2,150,-0.4449816537120671,mri_1,-0.1130924755949268
23U-2,200,-0.4202177694908483,mri_1,-0.1065534018052026
23U-2,250,-0.406785244244974,mri_1,-0.1066629188039613
23U-2,300,-0.4113442821186409,mri_1,-0.1062065400061494
23U-2,350,-0.4069803471593841,mri_1,-0.106488435072213
23U-2,400,-0.3953855966966617,mri_1,-0.105988913710141
23U-2,450,-0.4063557116323115,mri_1,-0.1031630831275121
23U-2,50,-0.330226777875741,mri_1,-0.0915159958324479
23U-2,500,-0.4335664631807243,mri_1,-0.1109973849186121
23U-3,100,-0.4152773567152322,mri_1,-0.1482328659072151
23U-3,150,-0.463430428959483,mri_1,-0.1582038586896839
23U-3,200,-0.4377542026766699,mri_1,-0.1530766980868829
23U-3,250,-0.4356445726063269,mri_1,-0.1556201743605588
23U-3,300,-0.4355576480778472,mri_1,-0.153665784275805
23U-3,350,-0.4293471478677461,mri_1,-0.1593656287638517
23U-3,400,-0.4143936324542143,mri_1,-0.1475037881697172
23U-3,450,-0.4218703127213061,mri_1,-0.152804860396366
23U-3,50,-0.3681095344764853,mri_1,-0.1362803256032687
23U-3,500,-0.4503807520934182,mri_1,-0.1633399648682129
23U-3,100,-0.4014532285942203,mri_2,-0.1487714872380139
23U-3,150,-0.4408931672801311,mri_2,-0.1593833627176181
23U-3,200,-0.4260885958360964,mri_2,-0.1546258942970663
23U-3,250,-0.4235568407171312,mri_2,-0.1570985177703806
23U-3,300,-0.4199098827108486,mri_2,-0.1575749677410538
23U-3,350,-0.4153313023844532,mri_2,-0.1604705127689392
23U-3,400,-0.3999764220143075,mri_2,-0.1503268906196624
23U-3,450,-0.4114981659249108,mri_2,-0.157029338752263
23U-3,50,-0.3584136993634831,mri_2,-0.1376240296813115
23U-3,500,-0.435442326982756,mri_2,-0.1653437399110672
23U-4,100,-0.3888207297938651,mri_2,-0.1382963679480142
23U-4,150,-0.4276204765988109,mri_2,-0.1396799612960458
23U-4,200,-0.4103546563130292,mri_2,-0.1433308960184435
23U-4,250,-0.4098478340212197,mri_2,-0.1485380232083563
23U-4,300,-0.4103523228660595,mri_2,-0.1448361433013389
23U-4,350,-0.3959345123489894,mri_2,-0.1423282338367855
23U-4,400,-0.3962582831705149,mri_2,-0.1375340826290626
23U-4,450,-0.4012363484235603,mri_2,-0.1420556027108306
23U-4,50,-0.3443706765933319,mri_2,-0.1237861840919445
23U-4,500,-0.4179857067997143,mri_2,-0.151498768962118
23U-5,100,-0.3862256454661523,mri_2,-0.149299063119797
23U-5,150,-0.4260782190751407,mri_2,-0.1613997086587327
23U-5,200,-0.405267403179477,mri_2,-0.1553305551180203
23U-5,250,-0.4083360923706953,mri_2,-0.1581961372772356
23U-5,300,-0.3998273719766318,mri_2,-0.1545392383482488
23U-5,350,-0.3994090277548794,mri_2,-0.1548924282290265
23U-5,400,-0.3903741551433311,mri_2,-0.1471763813521638
23U-5,450,-0.3946026199861231,mri_2,-0.1494813237237066
23U-5,50,-0.3409830758038846,mri_2,-0.131988417253904
23U-5,500,-0.4184989646475085,mri_2,-0.1679094700731659
23W-1,100,-0.2999832461147635,mri_1,-0.1002412681132083
23W-1,150,-0.4357202025429508,mri_1,-0.1143301765034383
23W-1,200,-0.3632764922870111,mri_1,-0.1151136362890062
23W-1,250,-0.3736388597871907,mri_1,-0.1162645693794672
23W-1,300,-0.3642723419759911,mri_1,-0.1117607468650754
23W-1,350,-0.3835859315046894,mri_1,-0.1142404666855985
23W-1,400,-0.3687451295897667,mri_1,-0.109438680271521
23W-1,450,-0.3676284142931396,mri_1,-0.103793159614217
23W-1,50,-0.2407792811030788,mri_1,-0.0840514114257325
23W-1,500,-0.4003475440936538,mri_1,-0.1246149087852768
23W-2,100,-0.2894225787774467,mri_1,-0.0720484740495049
23W-2,150,-0.4193597224561676,mri_1,-0.0824623929122786
23W-2,200,-0.3211888278845404,mri_1,-0.0778331013902384
23W-2,250,-0.3450474932380218,mri_1,-0.083944524538058
23W-2,300,-0.3266350350191929,mri_1,-0.0785657966976027
23W-2,350,-0.3354480535073557,mri_1,-0.0735892348315736
23W-2,400,-0.3487236253980222,mri_1,-0.0802912694521008
23W-2,450,-0.3612385468019067,mri_1,-0.0791801863416077
23W-2,50,-0.2365593672335688,mri_1,-0.0615882904447878
23W-2,500,-0.3540418516018587,mri_1,-0.0790932598365463
23W-3,100,-0.3127461331117155,mri_1,-0.11560433977273
23W-3,150,-0.4295119212448169,mri_1,-0.1255057340742882
23W-3,200,-0.3463237946580171,mri_1,-0.1303972933353363
23W-3,250,-0.3468743424640834,mri_1,-0.121481786724832
23W-3,300,-0.3675824554837654,mri_1,-0.1343430789009259
23W-3,350,-0.3674501989536015,mri_1,-0.1421729033173448
23W-3,400,-0.365243823621752,mri_1,-0.1318974172824967
23W-3,450,-0.376004428386519,mri_1,-0.1418457352292749
23W-3,50,-0.2582393299322536,mri_1,-0.0989168149614676
23W-3,500,-0.356356235013221,mri_1,-0.1276492429155672
23W-3,100,-0.3029819554522805,mri_2,-0.106590873354159
23W-3,150,-0.4221866024639731,mri_2,-0.1152433706688148
23W-3,200,-0.3361755450364313,mri_2,-0.121953267672301
23W-3,250,-0.3303463621697978,mri_2,-0.1136364809730586
23W-3,300,-0.3563967726827224,mri_2,-0.1260371655266961
23W-3,350,-0.3543772084363264,mri_2,-0.1348117333446475
23W-3,400,-0.3521470928463306,mri_2,-0.1217521085567888
23W-3,450,-0.3630494860627174,mri_2,-0.1343569691554421
23W-3,50,-0.2427061709517359,mri_2,-0.0914355280887141
23W-3,500,-0.3462103900955723,mri_2,-0.1229011237255015
23W-4,100,-0.3256254229449933,mri_2,-0.0532171243864196
23W-4,150,-0.4193306086642587,mri_2,-0.0622073980709731
23W-4,200,-0.3734430765236169,mri_2,-0.0590561314843803
23W-4,250,-0.3752475713623346,mri_2,-0.0578064215052991
23W-4,300,-0.3840100936327193,mri_2,-0.0573070091251571
23W-4,350,-0.3633176930555651,mri_2,-0.0563541133081699
23W-4,400,-0.3719031641550103,mri_2,-0.0554952658552346
23W-4,450,-0.3778496424248871,mri_2,-0.0553862570149783
23W-4,50,-0.2824068439923226,mri_2,-0.0483985224249254
23W-4,500,-0.3959689388359194,mri_2,-0.0657377294013608
23W-5,100,-0.3067372816951252,mri_2,-0.05573716459384
23W-5,150,-0.4129559808974982,mri_2,-0.0632945110725807
23W-5,200,-0.3553892364040877,mri_2,-0.0635205051998671
23W-5,250,-0.364148058551641,mri_2,-0.0622220004174559
23W-5,300,-0.3725951630164613,mri_2,-0.0648792679722476
23W-5,350,-0.3813570026033533,mri_2,-0.0695615787461827
23W-5,400,-0.3895562486356315,mri_2,-0.0681038608572344
23W-5,450,-0.3769654654168088,mri_2,-0.067836619443141
23W-5,50,-0.2631812719929172,mri_2,-0.0473486590072238
23W-5,500,-0.3832091713356516,mri_2,-0.0781423001966518
23W-1,100,-0.2999832461147635,mri_1,-0.1002412681132083
23W-1,150,-0.4357202025429508,mri_1,-0.1143301765034383
23W-1,200,-0.3632764922870111,mri_1,-0.1151136362890062
23W-1,250,-0.3736388597871907,mri_1,-0.1162645693794672
23W-1,300,-0.3642723419759911,mri_1,-0.1117607468650754
23W-1,350,-0.3835859315046894,mri_1,-0.1142404666855985
23W-1,400,-0.3687451295897667,mri_1,-0.109438680271521
23W-1,450,-0.3676284142931396,mri_1,-0.103793159614217
23W-1,50,-0.2407792811030788,mri_1,-0.0840514114257325
23W-1,500,-0.4003475440936538,mri_1,-0.1246149087852768
23W-2,100,-0.2894225787774467,mri_1,-0.0720484740495049
23W-2,150,-0.4193597224561676,mri_1,-0.0824623929122786
23W-2,200,-0.3211888278845404,mri_1,-0.0778331013902384
23W-2,250,-0.3450474932380218,mri_1,-0.083944524538058
23W-2,300,-0.3266350350191929,mri_1,-0.0785657966976027
23W-2,350,-0.3354480535073557,mri_1,-0.0735892348315736
23W-2,400,-0.3487236253980222,mri_1,-0.0802912694521008
23W-2,450,-0.3612385468019067,mri_1,-0.0791801863416077
23W-2,50,-0.2365593672335688,mri_1,-0.0615882904447878
23W-2,500,-0.3540418516018587,mri_1,-0.0790932598365463
23W-3,100,-0.3127461331117155,mri_1,-0.11560433977273
23W-3,150,-0.4295119212448169,mri_1,-0.1255057340742882
23W-3,200,-0.3463237946580171,mri_1,-0.1303972933353363
23W-3,250,-0.3468743424640834,mri_1,-0.121481786724832
23W-3,300,-0.3675824554837654,mri_1,-0.1343430789009259
23W-3,350,-0.3674501989536015,mri_1,-0.1421729033173448
23W-3,400,-0.365243823621752,mri_1,-0.1318974172824967
23W-3,450,-0.376004428386519,mri_1,-0.1418457352292749
23W-3,50,-0.2582393299322536,mri_1,-0.0989168149614676
23W-3,500,-0.356356235013221,mri_1,-0.1276492429155672
23W-3,100,-0.3029819554522805,mri_2,-0.106590873354159
23W-3,150,-0.4221866024639731,mri_2,-0.1152433706688148
23W-3,200,-0.3361755450364313,mri_2,-0.121953267672301
23W-3,250,-0.3303463621697978,mri_2,-0.1136364809730586
23W-3,300,-0.3563967726827224,mri_2,-0.1260371655266961
23W-3,350,-0.3543772084363264,mri_2,-0.1348117333446475
23W-3,400,-0.3521470928463306,mri_2,-0.1217521085567888
23W-3,450,-0.3630494860627174,mri_2,-0.1343569691554421
23W-3,50,-0.2427061709517359,mri_2,-0.0914355280887141
23W-3,500,-0.3462103900955723,mri_2,-0.1229011237255015
23W-4,100,-0.3256254229449933,mri_2,-0.0532171243864196
23W-4,150,-0.4193306086642587,mri_2,-0.0622073980709731
23W-4,200,-0.3734430765236169,mri_2,-0.0590561314843803
23W-4,250,-0.3752475713623346,mri_2,-0.0578064215052991
23W-4,300,-0.3840100936327193,mri_2,-0.0573070091251571
23W-4,350,-0.3633176930555651,mri_2,-0.0563541133081699
23W-4,400,-0.3719031641550103,mri_2,-0.0554952658552346
23W-4,450,-0.3778496424248871,mri_2,-0.0553862570149783
23W-4,50,-0.2824068439923226,mri_2,-0.0483985224249254
23W-4,500,-0.3959689388359194,mri_2,-0.0657377294013608
23W-5,100,-0.3067372816951252,mri_2,-0.05573716459384
23W-5,150,-0.4129559808974982,mri_2,-0.0632945110725807
23W-5,200,-0.3553892364040877,mri_2,-0.0635205051998671
23W-5,250,-0.364148058551641,mri_2,-0.0622220004174559
23W-5,300,-0.3725951630164613,mri_2,-0.0648792679722476
23W-5,350,-0.3813570026033533,mri_2,-0.0695615787461827
23W-5,400,-0.3895562486356315,mri_2,-0.0681038608572344
23W-5,450,-0.3769654654168088,mri_2,-0.067836619443141
23W-5,50,-0.2631812719929172,mri_2,-0.0473486590072238
23W-5,500,-0.3832091713356516,mri_2,-0.0781423001966518
23W-1,100,-0.2999832461147635,mri_1,-0.1002412681132083
23W-1,150,-0.4357202025429508,mri_1,-0.1143301765034383
23W-1,200,-0.3632764922870111,mri_1,-0.1151136362890062
23W-1,250,-0.3736388597871907,mri_1,-0.1162645693794672
23W-1,300,-0.3642723419759911,mri_1,-0.1117607468650754
23W-1,350,-0.3835859315046894,mri_1,-0.1142404666855985
23W-1,400,-0.3687451295897667,mri_1,-0.109438680271521
23W-1,450,-0.3676284142931396,mri_1,-0.103793159614217
23W-1,50,-0.2407792811030788,mri_1,-0.0840514114257325
23W-1,500,-0.4003475440936538,mri_1,-0.1246149087852768
23W-2,100,-0.2894225787774467,mri_1,-0.0720484740495049
23W-2,150,-0.4193597224561676,mri_1,-0.0824623929122786
23W-2,200,-0.3211888278845404,mri_1,-0.0778331013902384
23W-2,250,-0.3450474932380218,mri_1,-0.083944524538058
23W-2,300,-0.3266350350191929,mri_1,-0.0785657966976027
23W-2,350,-0.3354480535073557,mri_1,-0.0735892348315736
23W-2,400,-0.3487236253980222,mri_1,-0.0802912694521008
23W-2,450,-0.3612385468019067,mri_1,-0.0791801863416077
23W-2,50,-0.2365593672335688,mri_1,-0.0615882904447878
23W-2,500,-0.3540418516018587,mri_1,-0.0790932598365463
23W-3,100,-0.3127461331117155,mri_1,-0.11560433977273
23W-3,150,-0.4295119212448169,mri_1,-0.1255057340742882
23W-3,200,-0.3463237946580171,mri_1,-0.1303972933353363
23W-3,250,-0.3468743424640834,mri_1,-0.121481786724832
23W-3,300,-0.3675824554837654,mri_1,-0.1343430789009259
23W-3,350,-0.3674501989536015,mri_1,-0.1421729033173448
23W-3,400,-0.365243823621752,mri_1,-0.1318974172824967
23W-3,450,-0.376004428386519,mri_1,-0.1418457352292749
23W-3,50,-0.2582393299322536,mri_1,-0.0989168149614676
23W-3,500,-0.356356235013221,mri_1,-0.1276492429155672
23W-3,100,-0.3029819554522805,mri_2,-0.106590873354159
23W-3,150,-0.4221866024639731,mri_2,-0.1152433706688148
23W-3,200,-0.3361755450364313,mri_2,-0.121953267672301
23W-3,250,-0.3303463621697978,mri_2,-0.1136364809730586
23W-3,300,-0.3563967726827224,mri_2,-0.1260371655266961
23W-3,350,-0.3543772084363264,mri_2,-0.1348117333446475
23W-3,400,-0.3521470928463306,mri_2,-0.1217521085567888
23W-3,450,-0.3630494860627174,mri_2,-0.1343569691554421
23W-3,50,-0.2427061709517359,mri_2,-0.0914355280887141
23W-3,500,-0.3462103900955723,mri_2,-0.1229011237255015
23W-4,100,-0.3256254229449933,mri_2,-0.0532171243864196
23W-4,150,-0.4193306086642587,mri_2,-0.0622073980709731
23W-4,200,-0.3734430765236169,mri_2,-0.0590561314843803
23W-4,250,-0.3752475713623346,mri_2,-0.0578064215052991
23W-4,300,-0.3840100936327193,mri_2,-0.0573070091251571
23W-4,350,-0.3633176930555651,mri_2,-0.0563541133081699
23W-4,400,-0.3719031641550103,mri_2,-0.0554952658552346
23W-4,450,-0.3778496424248871,mri_2,-0.0553862570149783
23W-4,50,-0.2824068439923226,mri_2,-0.0483985224249254
23W-4,500,-0.3959689388359194,mri_2,-0.0657377294013608
23W-5,100,-0.3067372816951252,mri_2,-0.05573716459384
23W-5,150,-0.4129559808974982,mri_2,-0.0632945110725807
23W-5,200,-0.3553892364040877,mri_2,-0.0635205051998671
23W-5,250,-0.364148058551641,mri_2,-0.0622220004174559
23W-5,300,-0.3725951630164613,mri_2,-0.0648792679722476
23W-5,350,-0.3813570026033533,mri_2,-0.0695615787461827
23W-5,400,-0.3895562486356315,mri_2,-0.0681038608572344
23W-5,450,-0.3769654654168088,mri_2,-0.067836619443141
23W-5,50,-0.2631812719929172,mri_2,-0.0473486590072238
23W-5,500,-0.3832091713356516,mri_2,-0.0781423001966518
23X-1,100,-0.3542295028895975,mri_1,-0.1357729207879519
23X-1,150,-0.4661031459898564,mri_1,-0.1687119241831342
23X-1,200,-0.4063041015999968,mri_1,-0.1451936495820649
23X-1,250,-0.4129159701358258,mri_1,-0.1506620364897418
23X-1,300,-0.4110114950568793,mri_1,-0.1401785954475056
23X-1,350,-0.4253513459391501,mri_1,-0.1419677734758875
23X-1,400,-0.4065070995885196,mri_1,-0.1394250050963135
23X-1,450,-0.3942662659581445,mri_1,-0.1326297398198315
23X-1,50,-0.2744980807127043,mri_1,-0.113213087484527
23X-1,500,-0.4193895324190168,mri_1,-0.1499646365078282
23X-2,100,-0.2724064184136592,mri_1,-0.1419969894928716
23X-2,150,-0.467412701974502,mri_1,-0.1892306512197129
23X-2,200,-0.3260318276707646,mri_1,-0.171105556953054
23X-2,250,-0.3298100856958391,mri_1,-0.1762849865274872
23X-2,300,-0.3408281774814409,mri_1,-0.1834017766155911
23X-2,350,-0.352723761114218,mri_1,-0.1911399716412729
23X-2,400,-0.3480529932882836,mri_1,-0.1884179526147119
23X-2,450,-0.3828983857353248,mri_1,-0.1977414224626262
23X-2,50,-0.2186352708435502,mri_1,-0.1155456823932394
23X-2,500,-0.4058517152020198,mri_1,-0.1966308840701789
23X-3,100,-0.2123750387128241,mri_1,-0.0180508369835809
23X-3,150,-0.2668734397297963,mri_1,-0.0241804173902013
23X-3,200,-0.2386314217296146,mri_1,-0.0197178470372903
23X-3,250,-0.2443349040849507,mri_1,-0.0200935377039523
23X-3,300,-0.2426501780284293,mri_1,-0.0194694361935728
23X-3,350,-0.2336531061419199,mri_1,-0.0175946827916874
23X-3,400,-0.2457654537077861,mri_1,-0.019339817740945
23X-3,450,-0.2449073740505669,mri_1,-0.0192569317098936
23X-3,50,-0.1855340295252273,mri_1,-0.0165399001580097
23X-3,500,-0.2396860469470652,mri_1,-0.018711338598576
23X-3,100,-0.2905665761062833,mri_2,-0.0196462061058679
23X-3,150,-0.3803889894287368,mri_2,-0.0262536158546031
23X-3,200,-0.3267598494473024,mri_2,-0.0213170157820182
23X-3,250,-0.3360974801621274,mri_2,-0.0219143472281906
23X-3,300,-0.3305016813935669,mri_2,-0.0220523226706032
23X-3,350,-0.3240945881611832,mri_2,-0.0194941271039563
23X-3,400,-0.3320286321413837,mri_2,-0.0217449085604628
23X-3,450,-0.3362085708507967,mri_2,-0.0211367827510743
23X-3,50,-0.2501799809368658,mri_2,-0.0181485693270384
23X-3,500,-0.3254787675410642,mri_2,-0.0210149490911127
23X-4,100,-0.2779029826679636,mri_2,-0.1248067475890791
23X-4,150,-0.461538731781774,mri_2,-0.1608628798526269
23X-4,200,-0.3460439625207774,mri_2,-0.1438808748027639
23X-4,250,-0.3651519551675998,mri_2,-0.1508106220459114
23X-4,300,-0.3556881361504173,mri_2,-0.1449052727336594
23X-4,350,-0.3758945326995592,mri_2,-0.1473302986140368
23X-4,400,-0.3738149876161801,mri_2,-0.1456825159343032
23X-4,450,-0.3559195692380975,mri_2,-0.1373344500343427
23X-4,50,-0.2242592966060084,mri_2,-0.1041725769040553
23X-4,500,-0.3896212562674778,mri_2,-0.1520708148754124
23X-5,100,-0.2773743044283569,mri_2,-0.0943192686872504
23X-5,150,-0.4377774620088809,mri_2,-0.1368002508751777
23X-5,200,-0.3149126876583176,mri_2,-0.1040959049060037
23X-5,250,-0.3249287371507809,mri_2,-0.1090508028981698
23X-5,300,-0.323938987210276,mri_2,-0.1066695384220695
23X-5,350,-0.3383319358325859,mri_2,-0.111369435955458
23X-5,400,-0.3355645721759236,mri_2,-0.107712997075889
23X-5,450,-0.3624064525953003,mri_2,-0.1171655998517468
23X-5,50,-0.2169523572842023,mri_2,-0.0782987499707729
23X-5,500,-0.3471811900040077,mri_2,-0.1137864321302238
23X-1,100,-0.3542295028895975,mri_1,-0.1357729207879519
23X-1,150,-0.4661031459898564,mri_1,-0.1687119241831342
23X-1,200,-0.4063041015999968,mri_1,-0.1451936495820649
23X-1,250,-0.4129159701358258,mri_1,-0.1506620364897418
23X-1,300,-0.4110114950568793,mri_1,-0.1401785954475056
23X-1,350,-0.4253513459391501,mri_1,-0.1419677734758875
23X-1,400,-0.4065070995885196,mri_1,-0.1394250050963135
23X-1,450,-0.3942662659581445,mri_1,-0.1326297398198315
23X-1,50,-0.2744980807127043,mri_1,-0.113213087484527
23X-1,500,-0.4193895324190168,mri_1,-0.1499646365078282
23X-2,100,-0.2724064184136592,mri_1,-0.1419969894928716
23X-2,150,-0.467412701974502,mri_1,-0.1892306512197129
23X-2,200,-0.3260318276707646,mri_1,-0.171105556953054
23X-2,250,-0.3298100856958391,mri_1,-0.1762849865274872
23X-2,300,-0.3408281774814409,mri_1,-0.1834017766155911
23X-2,350,-0.352723761114218,mri_1,-0.1911399716412729
23X-2,400,-0.3480529932882836,mri_1,-0.1884179526147119
23X-2,450,-0.3828983857353248,mri_1,-0.1977414224626262
23X-2,50,-0.2186352708435502,mri_1,-0.1155456823932394
23X-2,500,-0.4058517152020198,mri_1,-0.1966308840701789
23X-3,100,-0.2123750387128241,mri_1,-0.0180508369835809
23X-3,150,-0.2668734397297963,mri_1,-0.0241804173902013
23X-3,200,-0.2386314217296146,mri_1,-0.0197178470372903
23X-3,250,-0.2443349040849507,mri_1,-0.0200935377039523
23X-3,300,-0.2426501780284293,mri_1,-0.0194694361935728
23X-3,350,-0.2336531061419199,mri_1,-0.0175946827916874
23X-3,400,-0.2457654537077861,mri_1,-0.019339817740945
23X-3,450,-0.2449073740505669,mri_1,-0.0192569317098936
23X-3,50,-0.1855340295252273,mri_1,-0.0165399001580097
23X-3,500,-0.2396860469470652,mri_1,-0.018711338598576
23X-3,100,-0.2905665761062833,mri_2,-0.0196462061058679
23X-3,150,-0.3803889894287368,mri_2,-0.0262536158546031
23X-3,200,-0.3267598494473024,mri_2,-0.0213170157820182
23X-3,250,-0.3360974801621274,mri_2,-0.0219143472281906
23X-3,300,-0.3305016813935669,mri_2,-0.0220523226706032
23X-3,350,-0.3240945881611832,mri_2,-0.0194941271039563
23X-3,400,-0.3320286321413837,mri_2,-0.0217449085604628
23X-3,450,-0.3362085708507967,mri_2,-0.0211367827510743
23X-3,50,-0.2501799809368658,mri_2,-0.0181485693270384
23X-3,500,-0.3254787675410642,mri_2,-0.0210149490911127
23X-4,100,-0.2779029826679636,mri_2,-0.1248067475890791
23X-4,150,-0.461538731781774,mri_2,-0.1608628798526269
23X-4,200,-0.3460439625207774,mri_2,-0.1438808748027639
23X-4,250,-0.3651519551675998,mri_2,-0.1508106220459114
23X-4,300,-0.3556881361504173,mri_2,-0.1449052727336594
23X-4,350,-0.3758945326995592,mri_2,-0.1473302986140368
23X-4,400,-0.3738149876161801,mri_2,-0.1456825159343032
23X-4,450,-0.3559195692380975,mri_2,-0.1373344500343427
23X-4,50,-0.2242592966060084,mri_2,-0.1041725769040553
23X-4,500,-0.3896212562674778,mri_2,-0.1520708148754124
23X-5,100,-0.2773743044283569,mri_2,-0.0943192686872504
23X-5,150,-0.4377774620088809,mri_2,-0.1368002508751777
23X-5,200,-0.3149126876583176,mri_2,-0.1040959049060037
23X-5,250,-0.3249287371507809,mri_2,-0.1090508028981698
23X-5,300,-0.323938987210276,mri_2,-0.1066695384220695
23X-5,350,-0.3383319358325859,mri_2,-0.111369435955458
23X-5,400,-0.3355645721759236,mri_2,-0.107712997075889
23X-5,450,-0.3624064525953003,mri_2,-0.1171655998517468
23X-5,50,-0.2169523572842023,mri_2,-0.0782987499707729
23X-5,500,-0.3471811900040077,mri_2,-0.1137864321302238
23X-1,100,-0.3542295028895975,mri_1,-0.1357729207879519
23X-1,150,-0.4661031459898564,mri_1,-0.1687119241831342
23X-1,200,-0.4063041015999968,mri_1,-0.1451936495820649
23X-1,250,-0.4129159701358258,mri_1,-0.1506620364897418
23X-1,300,-0.4110114950568793,mri_1,-0.1401785954475056
23X-1,350,-0.4253513459391501,mri_1,-0.1419677734758875
23X-1,400,-0.4065070995885196,mri_1,-0.1394250050963135
23X-1,450,-0.3942662659581445,mri_1,-0.1326297398198315
23X-1,50,-0.2744980807127043,mri_1,-0.113213087484527
23X-1,500,-0.4193895324190168,mri_1,-0.1499646365078282
23X-2,100,-0.2724064184136592,mri_1,-0.1419969894928716
23X-2,150,-0.467412701974502,mri_1,-0.1892306512197129
23X-2,200,-0.3260318276707646,mri_1,-0.171105556953054
23X-2,250,-0.3298100856958391,mri_1,-0.1762849865274872
23X-2,300,-0.3408281774814409,mri_1,-0.1834017766155911
23X-2,350,-0.352723761114218,mri_1,-0.1911399716412729
23X-2,400,-0.3480529932882836,mri_1,-0.1884179526147119
23X-2,450,-0.3828983857353248,mri_1,-0.1977414224626262
23X-2,50,-0.2186352708435502,mri_1,-0.1155456823932394
23X-2,500,-0.4058517152020198,mri_1,-0.1966308840701789
23X-3,100,-0.2123750387128241,mri_1,-0.0180508369835809
23X-3,150,-0.2668734397297963,mri_1,-0.0241804173902013
23X-3,200,-0.2386314217296146,mri_1,-0.0197178470372903
23X-3,250,-0.2443349040849507,mri_1,-0.0200935377039523
23X-3,300,-0.2426501780284293,mri_1,-0.0194694361935728
23X-3,350,-0.2336531061419199,mri_1,-0.0175946827916874
23X-3,400,-0.2457654537077861,mri_1,-0.019339817740945
23X-3,450,-0.2449073740505669,mri_1,-0.0192569317098936
23X-3,50,-0.1855340295252273,mri_1,-0.0165399001580097
23X-3,500,-0.2396860469470652,mri_1,-0.018711338598576
23X-3,100,-0.2905665761062833,mri_2,-0.0196462061058679
23X-3,150,-0.3803889894287368,mri_2,-0.0262536158546031
23X-3,200,-0.3267598494473024,mri_2,-0.0213170157820182
23X-3,250,-0.3360974801621274,mri_2,-0.0219143472281906
23X-3,300,-0.3305016813935669,mri_2,-0.0220523226706032
23X-3,350,-0.3240945881611832,mri_2,-0.0194941271039563
23X-3,400,-0.3320286321413837,mri_2,-0.0217449085604628
23X-3,450,-0.3362085708507967,mri_2,-0.0211367827510743
23X-3,50,-0.2501799809368658,mri_2,-0.0181485693270384
23X-3,500,-0.3254787675410642,mri_2,-0.0210149490911127
23X-4,100,-0.2779029826679636,mri_2,-0.1248067475890791
23X-4,150,-0.461538731781774,mri_2,-0.1608628798526269
23X-4,200,-0.3460439625207774,mri_2,-0.1438808748027639
23X-4,250,-0.3651519551675998,mri_2,-0.1508106220459114
23X-4,300,-0.3556881361504173,mri_2,-0.1449052727336594
23X-4,350,-0.3758945326995592,mri_2,-0.1473302986140368
23X-4,400,-0.3738149876161801,mri_2,-0.1456825159343032
23X-4,450,-0.3559195692380975,mri_2,-0.1373344500343427
23X-4,50,-0.2242592966060084,mri_2,-0.1041725769040553
23X-4,500,-0.3896212562674778,mri_2,-0.1520708148754124
23X-5,100,-0.2773743044283569,mri_2,-0.0943192686872504
23X-5,150,-0.4377774620088809,mri_2,-0.1368002508751777
23X-5,200,-0.3149126876583176,mri_2,-0.1040959049060037
23X-5,250,-0.3249287371507809,mri_2,-0.1090508028981698
23X-5,300,-0.323938987210276,mri_2,-0.1066695384220695
23X-5,350,-0.3383319358325859,mri_2,-0.111369435955458
23X-5,400,-0.3355645721759236,mri_2,-0.107712997075889
23X-5,450,-0.3624064525953003,mri_2,-0.1171655998517468
23X-5,50,-0.2169523572842023,mri_2,-0.0782987499707729
23X-5,500,-0.3471811900040077,mri_2,-0.1137864321302238
23Y-1,100,-0.2848979140191405,mri_1,-0.0821110659230911
23Y-1,150,-0.475070923444567,mri_1,-0.1058594417812976
23Y-1,200,-0.4679586260352301,mri_1,-0.098612376096786
23Y-1,250,-0.4614176847344067,mri_1,-0.1006033816473633
23Y-1,300,-0.4565414528266407,mri_1,-0.0981448617328116
23Y-1,350,-0.4448614689552904,mri_1,-0.0979942416177213
23Y-1,400,-0.4354042786524195,mri_1,-0.0974395732338074
23Y-1,450,-0.4505662557297318,mri_1,-0.0986023932622046
23Y-1,50,-0.4214443731210234,mri_1,-0.0890789167636088
23Y-1,500,-0.4652829200638816,mri_1,-0.1039695028562483
23Y-2,100,-0.3186072333460583,mri_1,-0.07146387462401
23Y-2,150,-0.4749177989672181,mri_1,-0.0864090849595387
23Y-2,200,-0.470566204649436,mri_1,-0.0811927737936969
23Y-2,250,-0.4713634859115885,mri_1,-0.088841495004476
23Y-2,300,-0.4546648671562636,mri_1,-0.0779094739677258
23Y-2,350,-0.4619992783200908,mri_1,-0.0821151688946919
23Y-2,400,-0.44496344704863,mri_1,-0.0784685444033848
23Y-2,450,-0.449500098910176,mri_1,-0.0835716998963556
23Y-2,50,-0.4237158200473412,mri_1,-0.0730185171922696
23Y-2,500,-0.4692931875461789,mri_1,-0.0894163421701687
23Y-3,100,-0.3012566129880384,mri_1,-0.0847213735011536
23Y-3,150,-0.4623014137764133,mri_1,-0.1043218514639205
23Y-3,200,-0.3751990065919306,mri_1,-0.1029138599117426
23Y-3,250,-0.3856872445097289,mri_1,-0.1042345340951593
23Y-3,300,-0.3729608840169816,mri_1,-0.0965976032901066
23Y-3,350,-0.3886937536829221,mri_1,-0.0987502921168729
23Y-3,400,-0.370694173512381,mri_1,-0.0924360605610232
23Y-3,450,-0.3752773801087857,mri_1,-0.0948346695038314
23Y-3,50,-0.2758694563539199,mri_1,-0.0776956075754019
23Y-3,500,-0.3833272223231467,mri_1,-0.1045441832048097
23Y-3,100,-0.3018003016147118,mri_2,-0.0879596127436839
23Y-3,150,-0.4535494085080435,mri_2,-0.108124196274038
23Y-3,200,-0.3733625992862381,mri_2,-0.1065570671069871
23Y-3,250,-0.3852462388730847,mri_2,-0.10825472037578
23Y-3,300,-0.3732893130217665,mri_2,-0.1019633400650453
23Y-3,350,-0.3867713323263496,mri_2,-0.1028769136574041
23Y-3,400,-0.3673244468301352,mri_2,-0.0965337802447306
23Y-3,450,-0.3727057649578344,mri_2,-0.0984230197918281
23Y-3,50,-0.2743437624017147,mri_2,-0.0805741422127276
23Y-3,500,-0.3802644806722462,mri_2,-0.1088896594519747
23Y-4,100,-0.1891407939970143,mri_2,-0.0085874018758284
23Y-4,150,-0.237745555246651,mri_2,-0.0106059950468514
23Y-4,200,-0.2152236219423481,mri_2,-0.0100187474881142
23Y-4,250,-0.2183308592595384,mri_2,-0.0100281081339776
23Y-4,300,-0.2207262078247938,mri_2,-0.010259643990905
23Y-4,350,-0.2232077618224143,mri_2,-0.0105503518990824
23Y-4,400,-0.2195778565381869,mri_2,-0.0102349828795646
23Y-4,450,-0.2237952692738579,mri_2,-0.0102036580652056
23Y-4,50,-0.1799360650077811,mri_2,-0.0082140631134159
23Y-4,500,-0.2230389227290662,mri_2,-0.0102260376158161
23Y-5,100,-0.3292625430181383,mri_2,-0.1161086777446883
23Y-5,150,-0.4621680495009377,mri_2,-0.1342130626967343
23Y-5,200,-0.4022422567683192,mri_2,-0.1330388414581917
23Y-5,250,-0.4053940671073828,mri_2,-0.1348866322678023
23Y-5,300,-0.4049002810517965,mri_2,-0.1358782488677778
23Y-5,350,-0.3963027599388992,mri_2,-0.1322925006148792
23Y-5,400,-0.3845459720273529,mri_2,-0.13281968685286
23Y-5,450,-0.3930494835980198,mri_2,-0.1300887913792248
23Y-5,50,-0.2997242518338862,mri_2,-0.1036395510754253
23Y-5,500,-0.4212833088369281,mri_2,-0.1426301543001766
23Y-1,100,-0.2848979140191405,mri_1,-0.0821110659230911
23Y-1,150,-0.475070923444567,mri_1,-0.1058594417812976
23Y-1,200,-0.4679586260352301,mri_1,-0.098612376096786
23Y-1,250,-0.4614176847344067,mri_1,-0.1006033816473633
23Y-1,300,-0.4565414528266407,mri_1,-0.0981448617328116
23Y-1,350,-0.4448614689552904,mri_1,-0.0979942416177213
23Y-1,400,-0.4354042786524195,mri_1,-0.0974395732338074
23Y-1,450,-0.4505662557297318,mri_1,-0.0986023932622046
23Y-1,50,-0.4214443731210234,mri_1,-0.0890789167636088
23Y-1,500,-0.4652829200638816,mri_1,-0.1039695028562483
23Y-2,100,-0.3186072333460583,mri_1,-0.07146387462401
23Y-2,150,-0.4749177989672181,mri_1,-0.0864090849595387
23Y-2,200,-0.470566204649436,mri_1,-0.0811927737936969
23Y-2,250,-0.4713634859115885,mri_1,-0.088841495004476
23Y-2,300,-0.4546648671562636,mri_1,-0.0779094739677258
23Y-2,350,-0.4619992783200908,mri_1,-0.0821151688946919
23Y-2,400,-0.44496344704863,mri_1,-0.0784685444033848
23Y-2,450,-0.449500098910176,mri_1,-0.0835716998963556
23Y-2,50,-0.4237158200473412,mri_1,-0.0730185171922696
23Y-2,500,-0.4692931875461789,mri_1,-0.0894163421701687
23Y-3,100,-0.3012566129880384,mri_1,-0.0847213735011536
23Y-3,150,-0.4623014137764133,mri_1,-0.1043218514639205
23Y-3,200,-0.3751990065919306,mri_1,-0.1029138599117426
23Y-3,250,-0.3856872445097289,mri_1,-0.1042345340951593
23Y-3,300,-0.3729608840169816,mri_1,-0.0965976032901066
23Y-3,350,-0.3886937536829221,mri_1,-0.0987502921168729
23Y-3,400,-0.370694173512381,mri_1,-0.0924360605610232
23Y-3,450,-0.3752773801087857,mri_1,-0.0948346695038314
23Y-3,50,-0.2758694563539199,mri_1,-0.0776956075754019
23Y-3,500,-0.3833272223231467,mri_1,-0.1045441832048097
23Y-3,100,-0.3018003016147118,mri_2,-0.0879596127436839
23Y-3,150,-0.4535494085080435,mri_2,-0.108124196274038
23Y-3,200,-0.3733625992862381,mri_2,-0.1065570671069871
23Y-3,250,-0.3852462388730847,mri_2,-0.10825472037578
23Y-3,300,-0.3732893130217665,mri_2,-0.1019633400650453
23Y-3,350,-0.3867713323263496,mri_2,-0.1028769136574041
23Y-3,400,-0.3673244468301352,mri_2,-0.0965337802447306
23Y-3,450,-0.3727057649578344,mri_2,-0.0984230197918281
23Y-3,50,-0.2743437624017147,mri_2,-0.0805741422127276
23Y-3,500,-0.3802644806722462,mri_2,-0.1088896594519747
23Y-4,100,-0.1891407939970143,mri_2,-0.0085874018758284
23Y-4,150,-0.237745555246651,mri_2,-0.0106059950468514
23Y-4,200,-0.2152236219423481,mri_2,-0.0100187474881142
23Y-4,250,-0.2183308592595384,mri_2,-0.0100281081339776
23Y-4,300,-0.2207262078247938,mri_2,-0.010259643990905
23Y-4,350,-0.2232077618224143,mri_2,-0.0105503518990824
23Y-4,400,-0.2195778565381869,mri_2,-0.0102349828795646
23Y-4,450,-0.2237952692738579,mri_2,-0.0102036580652056
23Y-4,50,-0.1799360650077811,mri_2,-0.0082140631134159
23Y-4,500,-0.2230389227290662,mri_2,-0.0102260376158161
23Y-5,100,-0.3292625430181383,mri_2,-0.1161086777446883
23Y-5,150,-0.4621680495009377,mri_2,-0.1342130626967343
23Y-5,200,-0.4022422567683192,mri_2,-0.1330388414581917
23Y-5,250,-0.4053940671073828,mri_2,-0.1348866322678023
23Y-5,300,-0.4049002810517965,mri_2,-0.1358782488677778
23Y-5,350,-0.3963027599388992,mri_2,-0.1322925006148792
23Y-5,400,-0.3845459720273529,mri_2,-0.13281968685286
23Y-5,450,-0.3930494835980198,mri_2,-0.1300887913792248
23Y-5,50,-0.2997242518338862,mri_2,-0.1036395510754253
23Y-5,500,-0.4212833088369281,mri_2,-0.1426301543001766
23Y-1,100,-0.2848979140191405,mri_1,-0.0821110659230911
23Y-1,150,-0.475070923444567,mri_1,-0.1058594417812976
23Y-1,200,-0.4679586260352301,mri_1,-0.098612376096786
23Y-1,250,-0.4614176847344067,mri_1,-0.1006033816473633
23Y-1,300,-0.4565414528266407,mri_1,-0.0981448617328116
23Y-1,350,-0.4448614689552904,mri_1,-0.0979942416177213
23Y-1,400,-0.4354042786524195,mri_1,-0.0974395732338074
23Y-1,450,-0.4505662557297318,mri_1,-0.0986023932622046
23Y-1,50,-0.4214443731210234,mri_1,-0.0890789167636088
23Y-1,500,-0.4652829200638816,mri_1,-0.1039695028562483
23Y-2,100,-0.3186072333460583,mri_1,-0.07146387462401
23Y-2,150,-0.4749177989672181,mri_1,-0.0864090849595387
23Y-2,200,-0.470566204649436,mri_1,-0.0811927737936969
23Y-2,250,-0.4713634859115885,mri_1,-0.088841495004476
23Y-2,300,-0.4546648671562636,mri_1,-0.0779094739677258
23Y-2,350,-0.4619992783200908,mri_1,-0.0821151688946919
23Y-2,400,-0.44496344704863,mri_1,-0.0784685444033848
23Y-2,450,-0.449500098910176,mri_1,-0.0835716998963556
23Y-2,50,-0.4237158200473412,mri_1,-0.0730185171922696
23Y-2,500,-0.4692931875461789,mri_1,-0.0894163421701687
23Y-3,100,-0.3012566129880384,mri_1,-0.0847213735011536
23Y-3,150,-0.4623014137764133,mri_1,-0.1043218514639205
23Y-3,200,-0.3751990065919306,mri_1,-0.1029138599117426
23Y-3,250,-0.3856872445097289,mri_1,-0.1042345340951593
23Y-3,300,-0.3729608840169816,mri_1,-0.0965976032901066
23Y-3,350,-0.3886937536829221,mri_1,-0.0987502921168729
23Y-3,400,-0.370694173512381,mri_1,-0.0924360605610232
23Y-3,450,-0.3752773801087857,mri_1,-0.0948346695038314
23Y-3,50,-0.2758694563539199,mri_1,-0.0776956075754019
23Y-3,500,-0.3833272223231467,mri_1,-0.1045441832048097
23Y-3,100,-0.3018003016147118,mri_2,-0.0879596127436839
23Y-3,150,-0.4535494085080435,mri_2,-0.108124196274038
23Y-3,200,-0.3733625992862381,mri_2,-0.1065570671069871
23Y-3,250,-0.3852462388730847,mri_2,-0.10825472037578
23Y-3,300,-0.3732893130217665,mri_2,-0.1019633400650453
23Y-3,350,-0.3867713323263496,mri_2,-0.1028769136574041
23Y-3,400,-0.3673244468301352,mri_2,-0.0965337802447306
23Y-3,450,-0.3727057649578344,mri_2,-0.0984230197918281
23Y-3,50,-0.2743437624017147,mri_2,-0.0805741422127276
23Y-3,500,-0.3802644806722462,mri_2,-0.1088896594519747
23Y-4,100,-0.1891407939970143,mri_2,-0.0085874018758284
23Y-4,150,-0.237745555246651,mri_2,-0.0106059950468514
23Y-4,200,-0.2152236219423481,mri_2,-0.0100187474881142
23Y-4,250,-0.2183308592595384,mri_2,-0.0100281081339776
23Y-4,300,-0.2207262078247938,mri_2,-0.010259643990905
23Y-4,350,-0.2232077618224143,mri_2,-0.0105503518990824
23Y-4,400,-0.2195778565381869,mri_2,-0.0102349828795646
23Y-4,450,-0.2237952692738579,mri_2,-0.0102036580652056
23Y-4,50,-0.1799360650077811,mri_2,-0.0082140631134159
23Y-4,500,-0.2230389227290662,mri_2,-0.0102260376158161
23Y-5,100,-0.3292625430181383,mri_2,-0.1161086777446883
23Y-5,150,-0.4621680495009377,mri_2,-0.1342130626967343
23Y-5,200,-0.4022422567683192,mri_2,-0.1330388414581917
23Y-5,250,-0.4053940671073828,mri_2,-0.1348866322678023
23Y-5,300,-0.4049002810517965,mri_2,-0.1358782488677778
23Y-5,350,-0.3963027599388992,mri_2,-0.1322925006148792
23Y-5,400,-0.3845459720273529,mri_2,-0.13281968685286
23Y-5,450,-0.3930494835980198,mri_2,-0.1300887913792248
23Y-5,50,-0.2997242518338862,mri_2,-0.1036395510754253
23Y-5,500,-0.4212833088369281,mri_2,-0.1426301543001766
23R-1,100,-0.3729226245342639,mri_1,-0.0745352965918108
23R-1,150,-0.4400499593530008,mri_1,-0.0925522618188362
23R-1,200,-0.4070408512914097,mri_1,-0.0745589055891163
23R-1,250,-0.412744446385435,mri_1,-0.0749508072973441
23R-1,300,-0.4088654525362933,mri_1,-0.0727932788231043
23R-1,350,-0.4049988215717144,mri_1,-0.0678945886014814
23R-1,400,-0.3979641309290845,mri_1,-0.0704222390520182
23R-1,450,-0.397496262616643,mri_1,-0.0697843908785409
23R-1,50,-0.3258947042664807,mri_1,-0.0687118226377551
23R-1,500,-0.4082953805634068,mri_1,-0.0763019407356581
23R-2,100,-0.0442846098071941,mri_1,-0.1454148985126848
23R-2,150,-0.0533166380524078,mri_1,-0.1551702530562523
23R-2,200,-0.0546631601150303,mri_1,-0.1524835196863941
23R-2,250,-0.0556780441907568,mri_1,-0.1582012716313058
23R-2,300,-0.0546138942333429,mri_1,-0.1540854366877068
23R-2,350,-0.0601436476705657,mri_1,-0.1528966331504594
23R-2,400,-0.0589316255516632,mri_1,-0.1602774205415801
23R-2,450,-0.058844248306287,mri_1,-0.1557034469700817
23R-2,50,-0.0376174722735752,mri_1,-0.1338742633056492
23R-2,500,-0.0589514630401149,mri_1,-0.1520554687059585
23R-3,100,-0.0880308082548729,mri_1,-0.0091352175003903
23R-3,150,-0.0914591313607862,mri_1,-0.0103763999420643
23R-3,200,-0.088631028520567,mri_1,-0.009404792557726
23R-3,250,-0.0902908982279411,mri_1,-0.0096271893344847
23R-3,300,-0.0878073147280451,mri_1,-0.0096435846592862
23R-3,350,-0.0886603652489693,mri_1,-0.0099012812132684
23R-3,400,-0.0876218472753851,mri_1,-0.0098172961090605
23R-3,450,-0.0866589259215129,mri_1,-0.010093269250744
23R-3,50,-0.0838054442353423,mri_1,-0.0087307081674552
23R-3,500,-0.0900076670384929,mri_1,-0.0097808273442501
23R-3,100,-0.092662854112372,mri_2,-0.0093498261448133
23R-3,150,-0.0974142801176392,mri_2,-0.0102236450653839
23R-3,200,-0.0946063304033127,mri_2,-0.0095845865578105
23R-3,250,-0.0961010822516785,mri_2,-0.0098062547186938
23R-3,300,-0.0935843893087146,mri_2,-0.0099956875397292
23R-3,350,-0.0946270370898608,mri_2,-0.0100159596866928
23R-3,400,-0.093240000601472,mri_2,-0.0099463976723774
23R-3,450,-0.093159621645004,mri_2,-0.0102768348896241
23R-3,50,-0.0888068278655293,mri_2,-0.0087634280066206
23R-3,500,-0.0959304736990963,mri_2,-0.0099296684519981
23R-4,100,-0.1330446665123452,mri_2,-0.1513477574321916
23R-4,150,-0.1564749365233796,mri_2,-0.1645723500321084
23R-4,200,-0.1519417514115434,mri_2,-0.1586887814076855
23R-4,250,-0.1568429444540948,mri_2,-0.1584815148443458
23R-4,300,-0.1597633935635564,mri_2,-0.1569713464443713
23R-4,350,-0.1625566891138866,mri_2,-0.1535045023000464
23R-4,400,-0.1644950557331987,mri_2,-0.1525612620426303
23R-4,450,-0.1700715635987577,mri_2,-0.1470572580282452
23R-4,50,-0.1160437159970345,mri_2,-0.1375876461738583
23R-4,500,-0.1640459749039021,mri_2,-0.1582317831150123
23R-5,100,-0.3907225600277704,mri_2,-0.1375346921763372
23R-5,150,-0.4471094377829556,mri_2,-0.1468019382580008
23R-5,200,-0.4176241651069109,mri_2,-0.1474305606069504
23R-5,250,-0.4231072474274173,mri_2,-0.1503386420364809
23R-5,300,-0.4105790119072842,mri_2,-0.1468621960753332
23R-5,350,-0.4226954464956106,mri_2,-0.1473469116095367
23R-5,400,-0.3988105628389927,mri_2,-0.1422947570399436
23R-5,450,-0.3888891707681044,mri_2,-0.1398465877892371
23R-5,50,-0.3408811015799555,mri_2,-0.1267409373841769
23R-5,500,-0.424619432063817,mri_2,-0.1480461038271519
23R-1,100,-0.1448968191887081,mri_1,-0.0745352965918108
23R-1,150,-0.1722607665522511,mri_1,-0.0925522618188362
23R-1,200,-0.1649144100130114,mri_1,-0.0745589055891163
23R-1,250,-0.1676212025570435,mri_1,-0.0749508072973441
23R-1,300,-0.1702504278542378,mri_1,-0.0727932788231043
23R-1,350,-0.1810122488759376,mri_1,-0.0678945886014814
23R-1,400,-0.175706458271347,mri_1,-0.0704222390520182
23R-1,450,-0.179020168571546,mri_1,-0.0697843908785409
23R-1,50,-0.1264206785957046,mri_1,-0.0687118226377551
23R-1,500,-0.1787795378716944,mri_1,-0.0763019407356581
23R-2,100,-0.3157377234449428,mri_1,-0.1454148985126848
23R-2,150,-0.3564094630766176,mri_1,-0.1551702530562523
23R-2,200,-0.3455403812344887,mri_1,-0.1524835196863941
23R-2,250,-0.3524780886100823,mri_1,-0.1582012716313058
23R-2,300,-0.3552614077263633,mri_1,-0.1540854366877068
23R-2,350,-0.36422107773134,mri_1,-0.1528966331504594
23R-2,400,-0.3593958642471432,mri_1,-0.1602774205415801
23R-2,450,-0.3607330331956933,mri_1,-0.1557034469700817
23R-2,50,-0.2741126082972286,mri_1,-0.1338742633056492
23R-2,500,-0.3449720176855953,mri_1,-0.1520554687059585
23R-3,100,-0.0942974079194863,mri_1,-0.0091352175003903
23R-3,150,-0.0989263007699857,mri_1,-0.0103763999420643
23R-3,200,-0.0953283524529862,mri_1,-0.009404792557726
23R-3,250,-0.0964674395197769,mri_1,-0.0096271893344847
23R-3,300,-0.095487689923484,mri_1,-0.0096435846592862
23R-3,350,-0.095615656774612,mri_1,-0.0099012812132684
23R-3,400,-0.0947327147421297,mri_1,-0.0098172961090605
23R-3,450,-0.0955325325970796,mri_1,-0.010093269250744
23R-3,50,-0.0899452968626881,mri_1,-0.0087307081674552
23R-3,500,-0.0971624199541826,mri_1,-0.0097808273442501
23R-3,100,-0.0940002836692717,mri_2,-0.0093498261448133
23R-3,150,-0.0983921809955815,mri_2,-0.0102236450653839
23R-3,200,-0.0956482300191956,mri_2,-0.0095845865578105
23R-3,250,-0.0972975560623548,mri_2,-0.0098062547186938
23R-3,300,-0.0952638480032436,mri_2,-0.0099956875397292
23R-3,350,-0.096012738983644,mri_2,-0.0100159596866928
23R-3,400,-0.0948687305638774,mri_2,-0.0099463976723774
23R-3,450,-0.0942210743788377,mri_2,-0.0102768348896241
23R-3,50,-0.0891722415341777,mri_2,-0.0087634280066206
23R-3,500,-0.0970374104470436,mri_2,-0.0099296684519981
23R-4,100,-0.395608134928288,mri_2,-0.1513477574321916
23R-4,150,-0.4422459319633681,mri_2,-0.1645723500321084
23R-4,200,-0.4204557901974473,mri_2,-0.1586887814076855
23R-4,250,-0.4214917141001768,mri_2,-0.1584815148443458
23R-4,300,-0.4234350909741991,mri_2,-0.1569713464443713
23R-4,350,-0.411965757450713,mri_2,-0.1535045023000464
23R-4,400,-0.4098328955191245,mri_2,-0.1525612620426303
23R-4,450,-0.4028042116867389,mri_2,-0.1470572580282452
23R-4,50,-0.3489305634968017,mri_2,-0.1375876461738583
23R-4,500,-0.4174631193118045,mri_2,-0.1582317831150123
23R-5,100,-0.0390168197927683,mri_2,-0.1375346921763372
23R-5,150,-0.0494161111423862,mri_2,-0.1468019382580008
23R-5,200,-0.0467699752970224,mri_2,-0.1474305606069504
23R-5,250,-0.0501464181700717,mri_2,-0.1503386420364809
23R-5,300,-0.0487797893172637,mri_2,-0.1468621960753332
23R-5,350,-0.0524987652254702,mri_2,-0.1473469116095367
23R-5,400,-0.0498367853882586,mri_2,-0.1422947570399436
23R-5,450,-0.0540927767861146,mri_2,-0.1398465877892371
23R-5,50,-0.0331022645029863,mri_2,-0.1267409373841769
23R-5,500,-0.0555690355516442,mri_2,-0.1480461038271519
23R-1,100,-0.3823742004458539,mri_1,-0.0745352965918108
23R-1,150,-0.4548243061974633,mri_1,-0.0925522618188362
23R-1,200,-0.4126748922605694,mri_1,-0.0745589055891163
23R-1,250,-0.4149470690412072,mri_1,-0.0749508072973441
23R-1,300,-0.407324654014825,mri_1,-0.0727932788231043
23R-1,350,-0.4001386690512225,mri_1,-0.0678945886014814
23R-1,400,-0.4033522586789515,mri_1,-0.0704222390520182
23R-1,450,-0.3947728746979841,mri_1,-0.0697843908785409
23R-1,50,-0.3384276102367499,mri_1,-0.0687118226377551
23R-1,500,-0.4017267981337297,mri_1,-0.0763019407356581
23R-2,100,-0.393055387515758,mri_1,-0.1454148985126848
23R-2,150,-0.4419180856485673,mri_1,-0.1551702530562523
23R-2,200,-0.4163330523083508,mri_1,-0.1524835196863941
23R-2,250,-0.4306220187872925,mri_1,-0.1582012716313058
23R-2,300,-0.4204822336112037,mri_1,-0.1540854366877068
23R-2,350,-0.4137144330001047,mri_1,-0.1528966331504594
23R-2,400,-0.4249630945198599,mri_1,-0.1602774205415801
23R-2,450,-0.4210170396984443,mri_1,-0.1557034469700817
23R-2,50,-0.3475117102471028,mri_1,-0.1338742633056492
23R-2,500,-0.4074150467941315,mri_1,-0.1520554687059585
23R-3,100,-0.1300683556809171,mri_1,-0.0091352175003903
23R-3,150,-0.1358448959699094,mri_1,-0.0103763999420643
23R-3,200,-0.1318329236092596,mri_1,-0.009404792557726
23R-3,250,-0.1330361923731053,mri_1,-0.0096271893344847
23R-3,300,-0.1312701095539573,mri_1,-0.0096435846592862
23R-3,350,-0.1325764205807345,mri_1,-0.0099012812132684
23R-3,400,-0.130090409872148,mri_1,-0.0098172961090605
23R-3,450,-0.1295547219046414,mri_1,-0.010093269250744
23R-3,50,-0.1244706367563621,mri_1,-0.0087307081674552
23R-3,500,-0.1323463434830706,mri_1,-0.0097808273442501
23R-3,100,-0.2907091160967113,mri_2,-0.0093498261448133
23R-3,150,-0.3087252851326638,mri_2,-0.0102236450653839
23R-3,200,-0.297015912565653,mri_2,-0.0095845865578105
23R-3,250,-0.3006918454751606,mri_2,-0.0098062547186938
23R-3,300,-0.2999358505236733,mri_2,-0.0099956875397292
23R-3,350,-0.3027692201469388,mri_2,-0.0100159596866928
23R-3,400,-0.2951232988240749,mri_2,-0.0099463976723774
23R-3,450,-0.2951257864312705,mri_2,-0.0102768348896241
23R-3,50,-0.2709635728645539,mri_2,-0.0087634280066206
23R-3,500,-0.3006377953697851,mri_2,-0.0099296684519981
23R-4,100,-0.4135402226917324,mri_2,-0.1513477574321916
23R-4,150,-0.4626597420177777,mri_2,-0.1645723500321084
23R-4,200,-0.4409868304272587,mri_2,-0.1586887814076855
23R-4,250,-0.4423231431391577,mri_2,-0.1584815148443458
23R-4,300,-0.4323423897781403,mri_2,-0.1569713464443713
23R-4,350,-0.4306286028594499,mri_2,-0.1535045023000464
23R-4,400,-0.4123419040934017,mri_2,-0.1525612620426303
23R-4,450,-0.4046297266208952,mri_2,-0.1470572580282452
23R-4,50,-0.3692103261128734,mri_2,-0.1375876461738583
23R-4,500,-0.439316794481205,mri_2,-0.1582317831150123
23R-5,100,-0.4008353330135617,mri_2,-0.1375346921763372
23R-5,150,-0.4547585090145805,mri_2,-0.1468019382580008
23R-5,200,-0.4269990600312459,mri_2,-0.1474305606069504
23R-5,250,-0.4305257808953359,mri_2,-0.1503386420364809
23R-5,300,-0.41840107045102,mri_2,-0.1468621960753332
23R-5,350,-0.4279068302020972,mri_2,-0.1473469116095367
23R-5,400,-0.4050007033377903,mri_2,-0.1422947570399436
23R-5,450,-0.39314543517621,mri_2,-0.1398465877892371
23R-5,50,-0.3527103073440845,mri_2,-0.1267409373841769
23R-5,500,-0.4312614896433913,mri_2,-0.1480461038271519
23R-1,100,-0.0746008955791776,mri_1,-0.0745352965918108
23R-1,150,-0.0904629742054609,mri_1,-0.0925522618188362
23R-1,200,-0.0746815033484098,mri_1,-0.0745589055891163
23R-1,250,-0.0744549114472779,mri_1,-0.0749508072973441
23R-1,300,-0.0725319849901194,mri_1,-0.0727932788231043
23R-1,350,-0.0683619923458847,mri_1,-0.0678945886014814
23R-1,400,-0.0706056177756835,mri_1,-0.0704222390520182
23R-1,450,-0.0697848685271852,mri_1,-0.0697843908785409
23R-1,50,-0.0686470370978484,mri_1,-0.0687118226377551
23R-1,500,-0.0743072178274404,mri_1,-0.0763019407356581
23R-2,100,-0.1460428925807832,mri_1,-0.1454148985126848
23R-2,150,-0.1552927623443241,mri_1,-0.1551702530562523
23R-2,200,-0.1526978857896672,mri_1,-0.1524835196863941
23R-2,250,-0.158467196103065,mri_1,-0.1582012716313058
23R-2,300,-0.1540247993887527,mri_1,-0.1540854366877068
23R-2,350,-0.1536933915189223,mri_1,-0.1528966331504594
23R-2,400,-0.1603286983870234,mri_1,-0.1602774205415801
23R-2,450,-0.1572867621707706,mri_1,-0.1557034469700817
23R-2,50,-0.1341571845223929,mri_1,-0.1338742633056492
23R-2,500,-0.1522666551201863,mri_1,-0.1520554687059585
23R-4,100,-0.1521370469260053,mri_2,-0.1513477574321916
23R-4,150,-0.165464923072825,mri_2,-0.1645723500321084
23R-4,200,-0.1595965358238988,mri_2,-0.1586887814076855
23R-4,250,-0.1594757114298029,mri_2,-0.1584815148443458
23R-4,300,-0.1576658025570086,mri_2,-0.1569713464443713
23R-4,350,-0.1559660596965248,mri_2,-0.1535045023000464
23R-4,400,-0.1541941929042072,mri_2,-0.1525612620426303
23R-4,450,-0.1500431278428867,mri_2,-0.1470572580282452
23R-4,50,-0.1379280129759306,mri_2,-0.1375876461738583
23R-4,500,-0.1603389715240287,mri_2,-0.1582317831150123
23R-5,100,-0.138051880483379,mri_2,-0.1375346921763372
23R-5,150,-0.1461650686357942,mri_2,-0.1468019382580008
23R-5,200,-0.1478643288672728,mri_2,-0.1474305606069504
23R-5,250,-0.1512552125391199,mri_2,-0.1503386420364809
23R-5,300,-0.147457504697912,mri_2,-0.1468621960753332
23R-5,350,-0.1487523899209488,mri_2,-0.1473469116095367
23R-5,400,-0.1436352679642348,mri_2,-0.1422947570399436
23R-5,450,-0.1411926675185587,mri_2,-0.1398465877892371
23R-5,50,-0.1269907327745777,mri_2,-0.1267409373841769
23R-5,500,-0.1491190187458449,mri_2,-0.1480461038271519
23R-1,100,-0.3754993059150489,mri_1,-0.0745352965918108
23R-1,150,-0.4505472969487371,mri_1,-0.0925522618188362
23R-1,200,-0.4049539210249467,mri_1,-0.0745589055891163
23R-1,250,-0.4081716098135799,mri_1,-0.0749508072973441
23R-1,300,-0.4038022086770785,mri_1,-0.0727932788231043
23R-1,350,-0.3976078026578935,mri_1,-0.0678945886014814
23R-1,400,-0.3926897982995527,mri_1,-0.0704222390520182
23R-1,450,-0.3910512906837764,mri_1,-0.0697843908785409
23R-1,50,-0.3287989454493422,mri_1,-0.0687118226377551
23R-1,500,-0.40179066356321,mri_1,-0.0763019407356581
23R-2,100,-0.3795660562579933,mri_1,-0.1454148985126848
23R-2,150,-0.4276204026068001,mri_1,-0.1551702530562523
23R-2,200,-0.3985834108255826,mri_1,-0.1524835196863941
23R-2,250,-0.4139519540116397,mri_1,-0.1582012716313058
23R-2,300,-0.403463005878718,mri_1,-0.1540854366877068
23R-2,350,-0.3944039560977804,mri_1,-0.1528966331504594
23R-2,400,-0.40684351233365,mri_1,-0.1602774205415801
23R-2,450,-0.4023438162604741,mri_1,-0.1557034469700817
23R-2,50,-0.3364845704716665,mri_1,-0.1338742633056492
23R-2,500,-0.3904616144242698,mri_1,-0.1520554687059585
23R-3,100,-0.2857177452993396,mri_1,-0.0091352175003903
23R-3,150,-0.3029077295368867,mri_1,-0.0103763999420643
23R-3,200,-0.2864848485050821,mri_1,-0.009404792557726
23R-3,250,-0.2941598393457297,mri_1,-0.0096271893344847
23R-3,300,-0.2863963954776107,mri_1,-0.0096435846592862
23R-3,350,-0.2866565802507695,mri_1,-0.0099012812132684
23R-3,400,-0.2802656440660239,mri_1,-0.0098172961090605
23R-3,450,-0.2793156119161658,mri_1,-0.010093269250744
23R-3,50,-0.2686448052458478,mri_1,-0.0087307081674552
23R-3,500,-0.2906600239724399,mri_1,-0.0097808273442501
23R-3,100,-0.1529960574360525,mri_2,-0.0093498261448133
23R-3,150,-0.1599461232189903,mri_2,-0.0102236450653839
23R-3,200,-0.1555368922842998,mri_2,-0.0095845865578105
23R-3,250,-0.1559913858540234,mri_2,-0.0098062547186938
23R-3,300,-0.1552782231085316,mri_2,-0.0099956875397292
23R-3,350,-0.1567758557933155,mri_2,-0.0100159596866928
23R-3,400,-0.1535254850270415,mri_2,-0.0099463976723774
23R-3,450,-0.1521646099417716,mri_2,-0.0102768348896241
23R-3,50,-0.1449284319792772,mri_2,-0.0087634280066206
23R-3,500,-0.1546053802994225,mri_2,-0.0099296684519981
23R-4,100,-0.4142653399227674,mri_2,-0.1513477574321916
23R-4,150,-0.4637604315083972,mri_2,-0.1645723500321084
23R-4,200,-0.4441444061863797,mri_2,-0.1586887814076855
23R-4,250,-0.4504680510909172,mri_2,-0.1584815148443458
23R-4,300,-0.4424258509376265,mri_2,-0.1569713464443713
23R-4,350,-0.4418637662234126,mri_2,-0.1535045023000464
23R-4,400,-0.4259415099550667,mri_2,-0.1525612620426303
23R-4,450,-0.4169047680591601,mri_2,-0.1470572580282452
23R-4,50,-0.3674130304079931,mri_2,-0.1375876461738583
23R-4,500,-0.4409104290639227,mri_2,-0.1582317831150123
23R-5,100,-0.4040003395536564,mri_2,-0.1375346921763372
23R-5,150,-0.4581259135795374,mri_2,-0.1468019382580008
23R-5,200,-0.4305340421372571,mri_2,-0.1474305606069504
23R-5,250,-0.4352295718778716,mri_2,-0.1503386420364809
23R-5,300,-0.4241948298360679,mri_2,-0.1468621960753332
23R-5,350,-0.4321967064115887,mri_2,-0.1473469116095367
23R-5,400,-0.4085461561956958,mri_2,-0.1422947570399436
23R-5,450,-0.3955031096258122,mri_2,-0.1398465877892371
23R-5,50,-0.3536993766465643,mri_2,-0.1267409373841769
23R-5,500,-0.4346286558345709,mri_2,-0.1480461038271519
23S-1,100,-0.069933239369511,mri_1,-0.156734822632066
23S-1,150,-0.0848569622128245,mri_1,-0.1685255521330693
23S-1,200,-0.0787486650873757,mri_1,-0.1659690589189092
23S-1,250,-0.081305580478287,mri_1,-0.1639384328688616
23S-1,300,-0.0816821386760733,mri_1,-0.1680809652847672
23S-1,350,-0.0850053878908579,mri_1,-0.1634620882619235
23S-1,400,-0.0835608059857815,mri_1,-0.1669817140932845
23S-1,450,-0.087526389425577,mri_1,-0.1596904463249437
23S-1,50,-0.0590735329908706,mri_1,-0.1406872820115605
23S-1,500,-0.0873250968558144,mri_1,-0.1675896004085265
23S-2,100,-0.387292728616789,mri_1,-0.1102556282558105
23S-2,150,-0.4301470626081696,mri_1,-0.1193476179305052
23S-2,200,-0.4208020464430184,mri_1,-0.1153502611380966
23S-2,250,-0.4201493678424101,mri_1,-0.1181804643694783
23S-2,300,-0.42054361140272,mri_1,-0.117116707702296
23S-2,350,-0.4178179107143527,mri_1,-0.1178466418647547
23S-2,400,-0.4216013937252256,mri_1,-0.1132581523941286
23S-2,450,-0.4222201995795424,mri_1,-0.1152288037387642
23S-2,50,-0.3226493085303242,mri_1,-0.0960019784240946
23S-2,500,-0.425650508932826,mri_1,-0.1190605468908159
23S-3,100,-0.2352584241752214,mri_1,-0.1297387763938043
23S-3,150,-0.2563923947686191,mri_1,-0.141377072086852
23S-3,200,-0.256239186974867,mri_1,-0.1413591667868572
23S-3,250,-0.2615417931101587,mri_1,-0.1440546547360995
23S-3,300,-0.2595896731109089,mri_1,-0.1395452426727038
23S-3,350,-0.2770558403316651,mri_1,-0.1487174046239672
23S-3,400,-0.2662791363966242,mri_1,-0.1366321391183029
23S-3,450,-0.2787614701416216,mri_1,-0.1351792302063207
23S-3,50,-0.2009748135843411,mri_1,-0.1149862769952097
23S-3,500,-0.2789607565117907,mri_1,-0.1492189122011505
23S-3,100,-0.0328646248087235,mri_2,-0.1203579407507957
23S-3,150,-0.0366699403566694,mri_2,-0.1321809913180291
23S-3,200,-0.0356291491264549,mri_2,-0.1310058984587452
23S-3,250,-0.0364335881053096,mri_2,-0.1336879384643639
23S-3,300,-0.0371703726121219,mri_2,-0.1302788222520018
23S-3,350,-0.0376334559103087,mri_2,-0.1398096854131872
23S-3,400,-0.0375071805713396,mri_2,-0.1279494848377973
23S-3,450,-0.0392022502596201,mri_2,-0.1257968045388152
23S-3,50,-0.0274132351709406,mri_2,-0.1058064148803045
23S-3,500,-0.038138125906842,mri_2,-0.1384163780924758
23S-4,100,-0.1086319373175869,mri_2,-0.1001559424801207
23S-4,150,-0.1161658460171421,mri_2,-0.1107918088449876
23S-4,200,-0.118298657276751,mri_2,-0.1090274064848573
23S-4,250,-0.1190218064363353,mri_2,-0.1117618902886372
23S-4,300,-0.1229973087405183,mri_2,-0.1092248080667101
23S-4,350,-0.1210160670003087,mri_2,-0.1103045762720191
23S-4,400,-0.1245414170890739,mri_2,-0.1090433848243219
23S-4,450,-0.120528156269746,mri_2,-0.1071732478312445
23S-4,50,-0.0914634142915006,mri_2,-0.0885410047366979
23S-4,500,-0.1210949655563998,mri_2,-0.1199654621462131
23S-5,100,-0.1982574548178783,mri_2,-0.1167497723388569
23S-5,150,-0.2166687809070862,mri_2,-0.1215359190868045
23S-5,200,-0.2137465707134674,mri_2,-0.1205875043206576
23S-5,250,-0.2186613693162979,mri_2,-0.1270087740274591
23S-5,300,-0.2220552587220711,mri_2,-0.1152476134446923
23S-5,350,-0.2166076129782986,mri_2,-0.128724610383024
23S-5,400,-0.2213015172245319,mri_2,-0.117154641199728
23S-5,450,-0.2264258627324859,mri_2,-0.1327339697323206
23S-5,50,-0.1761956317815583,mri_2,-0.1056979921227058
23S-5,500,-0.2239551748981273,mri_2,-0.1273807374221539
23S-1,100,-0.3729204454417694,mri_1,-0.156734822632066
23S-1,150,-0.4131185495402377,mri_1,-0.1685255521330693
23S-1,200,-0.3984232388178416,mri_1,-0.1659690589189092
23S-1,250,-0.4088060062677482,mri_1,-0.1639384328688616
23S-1,300,-0.4010460545926629,mri_1,-0.1680809652847672
23S-1,350,-0.4074961474612071,mri_1,-0.1634620882619235
23S-1,400,-0.3895751542629214,mri_1,-0.1669817140932845
23S-1,450,-0.3868280400995599,mri_1,-0.1596904463249437
23S-1,50,-0.3241988343076275,mri_1,-0.1406872820115605
23S-1,500,-0.4073695882171247,mri_1,-0.1675896004085265
23S-2,100,-0.387292728616789,mri_1,-0.1102556282558105
23S-2,150,-0.4301470626081696,mri_1,-0.1193476179305052
23S-2,200,-0.4208020464430184,mri_1,-0.1153502611380966
23S-2,250,-0.4201493678424101,mri_1,-0.1181804643694783
23S-2,300,-0.42054361140272,mri_1,-0.117116707702296
23S-2,350,-0.4178179107143527,mri_1,-0.1178466418647547
23S-2,400,-0.4216013937252256,mri_1,-0.1132581523941286
23S-2,450,-0.4222201995795424,mri_1,-0.1152288037387642
23S-2,50,-0.3226493085303242,mri_1,-0.0960019784240946
23S-2,500,-0.425650508932826,mri_1,-0.1190605468908159
23S-3,100,-0.3809414205489257,mri_1,-0.1297387763938043
23S-3,150,-0.421307465088688,mri_1,-0.141377072086852
23S-3,200,-0.4113911566439986,mri_1,-0.1413591667868572
23S-3,250,-0.4190896802441954,mri_1,-0.1440546547360995
23S-3,300,-0.4158296849702747,mri_1,-0.1395452426727038
23S-3,350,-0.4303672055617733,mri_1,-0.1487174046239672
23S-3,400,-0.4022681239343664,mri_1,-0.1366321391183029
23S-3,450,-0.4071632302742627,mri_1,-0.1351792302063207
23S-3,50,-0.321499334220817,mri_1,-0.1149862769952097
23S-3,500,-0.4165040577979338,mri_1,-0.1492189122011505
23S-3,100,-0.0302969028748241,mri_2,-0.1203579407507957
23S-3,150,-0.0339393618216895,mri_2,-0.1321809913180291
23S-3,200,-0.0327528086940585,mri_2,-0.1310058984587452
23S-3,250,-0.0341672615822554,mri_2,-0.1336879384643639
23S-3,300,-0.0344384911804103,mri_2,-0.1302788222520018
23S-3,350,-0.0366919257892042,mri_2,-0.1398096854131872
23S-3,400,-0.0362665070225185,mri_2,-0.1279494848377973
23S-3,450,-0.0361665555000122,mri_2,-0.1257968045388152
23S-3,50,-0.0252297557817277,mri_2,-0.1058064148803045
23S-3,500,-0.0360745290865814,mri_2,-0.1384163780924758
23S-4,100,-0.0163433967976217,mri_2,-0.1001559424801207
23S-4,150,-0.0208669132533844,mri_2,-0.1107918088449876
23S-4,200,-0.0189952183938676,mri_2,-0.1090274064848573
23S-4,250,-0.0193070521223575,mri_2,-0.1117618902886372
23S-4,300,-0.0195987805049418,mri_2,-0.1092248080667101
23S-4,350,-0.0205347927623267,mri_2,-0.1103045762720191
23S-4,400,-0.0215915174318842,mri_2,-0.1090433848243219
23S-4,450,-0.0209077767186422,mri_2,-0.1071732478312445
23S-4,50,-0.013751644985373,mri_2,-0.0885410047366979
23S-4,500,-0.0201652361812088,mri_2,-0.1199654621462131
23S-5,100,-0.3703837604351861,mri_2,-0.1167497723388569
23S-5,150,-0.4059167749273089,mri_2,-0.1215359190868045
23S-5,200,-0.3937036479819311,mri_2,-0.1205875043206576
23S-5,250,-0.4007563123803506,mri_2,-0.1270087740274591
23S-5,300,-0.3956667411949113,mri_2,-0.1152476134446923
23S-5,350,-0.3970624771867937,mri_2,-0.128724610383024
23S-5,400,-0.3915680063927212,mri_2,-0.117154641199728
23S-5,450,-0.4130121372912017,mri_2,-0.1327339697323206
23S-5,50,-0.3269305355081431,mri_2,-0.1056979921227058
23S-5,500,-0.3953662121379851,mri_2,-0.1273807374221539
23S-1,100,-0.399750381268739,mri_1,-0.156734822632066
23S-1,150,-0.4465575449613337,mri_1,-0.1685255521330693
23S-1,200,-0.4306765841897614,mri_1,-0.1659690589189092
23S-1,250,-0.4324264352408847,mri_1,-0.1639384328688616
23S-1,300,-0.4253287768826532,mri_1,-0.1680809652847672
23S-1,350,-0.4236045472781584,mri_1,-0.1634620882619235
23S-1,400,-0.4112878064618652,mri_1,-0.1669817140932845
23S-1,450,-0.4084651414583154,mri_1,-0.1596904463249437
23S-1,50,-0.3483162784136241,mri_1,-0.1406872820115605
23S-1,500,-0.4325199024243736,mri_1,-0.1675896004085265
23S-2,100,-0.3961175386321137,mri_1,-0.1102556282558105
23S-2,150,-0.4397454909878449,mri_1,-0.1193476179305052
23S-2,200,-0.4187279624619527,mri_1,-0.1153502611380966
23S-2,250,-0.4137344433475343,mri_1,-0.1181804643694783
23S-2,300,-0.4099006392367326,mri_1,-0.117116707702296
23S-2,350,-0.409938827643578,mri_1,-0.1178466418647547
23S-2,400,-0.4032489288987252,mri_1,-0.1132581523941286
23S-2,450,-0.4046677023017599,mri_1,-0.1152288037387642
23S-2,50,-0.3332690186266253,mri_1,-0.0960019784240946
23S-2,500,-0.4192834607571358,mri_1,-0.1190605468908159
23S-3,100,-0.3984757086460664,mri_1,-0.1297387763938043
23S-3,150,-0.4412534246145553,mri_1,-0.141377072086852
23S-3,200,-0.4250225876762833,mri_1,-0.1413591667868572
23S-3,250,-0.4277418487612659,mri_1,-0.1440546547360995
23S-3,300,-0.4242396117234091,mri_1,-0.1395452426727038
23S-3,350,-0.4294406659050874,mri_1,-0.1487174046239672
23S-3,400,-0.4050060216678644,mri_1,-0.1366321391183029
23S-3,450,-0.4073287592187466,mri_1,-0.1351792302063207
23S-3,50,-0.3398779178439092,mri_1,-0.1149862769952097
23S-3,500,-0.426206726457093,mri_1,-0.1492189122011505
23S-3,100,-0.3889143972157268,mri_2,-0.1203579407507957
23S-3,150,-0.4313456207542876,mri_2,-0.1321809913180291
23S-3,200,-0.4161676255740488,mri_2,-0.1310058984587452
23S-3,250,-0.4182794449402358,mri_2,-0.1336879384643639
23S-3,300,-0.4157382143669406,mri_2,-0.1302788222520018
23S-3,350,-0.4205627097604211,mri_2,-0.1398096854131872
23S-3,400,-0.3966106117780901,mri_2,-0.1279494848377973
23S-3,450,-0.3986682526737827,mri_2,-0.1257968045388152
23S-3,50,-0.3341131699986411,mri_2,-0.1058064148803045
23S-3,500,-0.4158314053140709,mri_2,-0.1384163780924758
23S-4,100,-0.3681848413113107,mri_2,-0.1001559424801207
23S-4,150,-0.4116465063691275,mri_2,-0.1107918088449876
23S-4,200,-0.3956595346369291,mri_2,-0.1090274064848573
23S-4,250,-0.3966739729055999,mri_2,-0.1117618902886372
23S-4,300,-0.3915271548459335,mri_2,-0.1092248080667101
23S-4,350,-0.3928694122032613,mri_2,-0.1103045762720191
23S-4,400,-0.3841500955484451,mri_2,-0.1090433848243219
23S-4,450,-0.3748821541173126,mri_2,-0.1071732478312445
23S-4,50,-0.3201409123506868,mri_2,-0.0885410047366979
23S-4,500,-0.3944852260467425,mri_2,-0.1199654621462131
23S-5,100,-0.3850294720063517,mri_2,-0.1167497723388569
23S-5,150,-0.4196563547771104,mri_2,-0.1215359190868045
23S-5,200,-0.4024218645688556,mri_2,-0.1205875043206576
23S-5,250,-0.4129968731861154,mri_2,-0.1270087740274591
23S-5,300,-0.3883119045208537,mri_2,-0.1152476134446923
23S-5,350,-0.4067146380158625,mri_2,-0.128724610383024
23S-5,400,-0.3924889329009651,mri_2,-0.117154641199728
23S-5,450,-0.4230688615778136,mri_2,-0.1327339697323206
23S-5,50,-0.3413684855824629,mri_2,-0.1056979921227058
23S-5,500,-0.4007457942626276,mri_2,-0.1273807374221539
23S-1,100,-0.1574047778426907,mri_1,-0.156734822632066
23S-1,150,-0.1675803145263148,mri_1,-0.1685255521330693
23S-1,200,-0.1669197666175324,mri_1,-0.1659690589189092
23S-1,250,-0.1658666738831922,mri_1,-0.1639384328688616
23S-1,300,-0.1691041515605855,mri_1,-0.1680809652847672
23S-1,350,-0.1667324071588586,mri_1,-0.1634620882619235
23S-1,400,-0.1695003111620825,mri_1,-0.1669817140932845
23S-1,450,-0.1627680998704639,mri_1,-0.1596904463249437
23S-1,50,-0.1406703483842685,mri_1,-0.1406872820115605
23S-1,500,-0.1704492084120004,mri_1,-0.1675896004085265
23S-2,100,-0.1107828245717212,mri_1,-0.1102556282558105
23S-2,150,-0.1197750651877136,mri_1,-0.1193476179305052
23S-2,200,-0.1158187314967646,mri_1,-0.1153502611380966
23S-2,250,-0.1187162480250254,mri_1,-0.1181804643694783
23S-2,300,-0.1182303060343743,mri_1,-0.117116707702296
23S-2,350,-0.1191466490556129,mri_1,-0.1178466418647547
23S-2,400,-0.1140138569641875,mri_1,-0.1132581523941286
23S-2,450,-0.1168561389216296,mri_1,-0.1152288037387642
23S-2,50,-0.0961423529757506,mri_1,-0.0960019784240946
23S-2,500,-0.1202718002770311,mri_1,-0.1190605468908159
23S-3,100,-0.1303125213361496,mri_1,-0.1297387763938043
23S-3,150,-0.1396129348213399,mri_1,-0.141377072086852
23S-3,200,-0.1419954438357061,mri_1,-0.1413591667868572
23S-3,250,-0.1453510531848907,mri_1,-0.1440546547360995
23S-3,300,-0.1406082464958873,mri_1,-0.1395452426727038
23S-3,350,-0.15119788758718,mri_1,-0.1487174046239672
23S-3,400,-0.1382372649586544,mri_1,-0.1366321391183029
23S-3,450,-0.1380823162769447,mri_1,-0.1351792302063207
23S-3,50,-0.1150510778687657,mri_1,-0.1149862769952097
23S-3,500,-0.1505072321173815,mri_1,-0.1492189122011505
23S-3,100,-0.121257214672798,mri_2,-0.1203579407507957
23S-3,150,-0.1301402194295258,mri_2,-0.1321809913180291
23S-3,200,-0.1319068520342206,mri_2,-0.1310058984587452
23S-3,250,-0.134723372936921,mri_2,-0.1336879384643639
23S-3,300,-0.1312836053584337,mri_2,-0.1302788222520018
23S-3,350,-0.1418439861717829,mri_2,-0.1398096854131872
23S-3,400,-0.1294296035134845,mri_2,-0.1279494848377973
23S-3,450,-0.1285452569069413,mri_2,-0.1257968045388152
23S-3,50,-0.1060391660802512,mri_2,-0.1058064148803045
23S-3,500,-0.1399521120390192,mri_2,-0.1384163780924758
23S-4,100,-0.1008054941731126,mri_2,-0.1001559424801207
23S-4,150,-0.1099591838254417,mri_2,-0.1107918088449876
23S-4,200,-0.109505981820519,mri_2,-0.1090274064848573
23S-4,250,-0.1122300877204841,mri_2,-0.1117618902886372
23S-4,300,-0.109857413443796,mri_2,-0.1092248080667101
23S-4,350,-0.111083106419025,mri_2,-0.1103045762720191
23S-4,400,-0.1107296964202543,mri_2,-0.1090433848243219
23S-4,450,-0.1075962769896017,mri_2,-0.1071732478312445
23S-4,50,-0.0888144327274381,mri_2,-0.0885410047366979
23S-4,500,-0.1190018388068864,mri_2,-0.1199654621462131
23S-5,100,-0.1173380696297047,mri_2,-0.1167497723388569
23S-5,150,-0.1239092685558353,mri_2,-0.1215359190868045
23S-5,200,-0.1211935101748206,mri_2,-0.1205875043206576
23S-5,250,-0.1277710462194607,mri_2,-0.1270087740274591
23S-5,300,-0.1160074101636744,mri_2,-0.1152476134446923
23S-5,350,-0.1290369011814499,mri_2,-0.128724610383024
23S-5,400,-0.1197543568463224,mri_2,-0.117154641199728
23S-5,450,-0.1326509615064132,mri_2,-0.1327339697323206
23S-5,50,-0.1058594223208187,mri_2,-0.1056979921227058
23S-5,500,-0.1290248837999457,mri_2,-0.1273807374221539
23S-1,100,-0.396542113603011,mri_1,-0.156734822632066
23S-1,150,-0.4448786454385354,mri_1,-0.1685255521330693
23S-1,200,-0.4254561037944183,mri_1,-0.1659690589189092
23S-1,250,-0.4270342523991507,mri_1,-0.1639384328688616
23S-1,300,-0.4232404451227182,mri_1,-0.1680809652847672
23S-1,350,-0.4186131356229171,mri_1,-0.1634620882619235
23S-1,400,-0.4091954540874347,mri_1,-0.1669817140932845
23S-1,450,-0.4045818520433181,mri_1,-0.1596904463249437
23S-1,50,-0.3452891363360183,mri_1,-0.1406872820115605
23S-1,500,-0.4227091376358344,mri_1,-0.1675896004085265
23S-2,100,-0.3930415182019086,mri_1,-0.1102556282558105
23S-2,150,-0.4386232651609945,mri_1,-0.1193476179305052
23S-2,200,-0.4142265096500316,mri_1,-0.1153502611380966
23S-2,250,-0.4123108874622723,mri_1,-0.1181804643694783
23S-2,300,-0.4096698073701568,mri_1,-0.117116707702296
23S-2,350,-0.4113982586104647,mri_1,-0.1178466418647547
23S-2,400,-0.4020246277159559,mri_1,-0.1132581523941286
23S-2,450,-0.4014184799554019,mri_1,-0.1152288037387642
23S-2,50,-0.3328497643889894,mri_1,-0.0960019784240946
23S-2,500,-0.4150385979661277,mri_1,-0.1190605468908159
23S-3,100,-0.4021387553414828,mri_1,-0.1297387763938043
23S-3,150,-0.4433641019889759,mri_1,-0.141377072086852
23S-3,200,-0.4304623079646463,mri_1,-0.1413591667868572
23S-3,250,-0.4315825893774015,mri_1,-0.1440546547360995
23S-3,300,-0.4314558415195569,mri_1,-0.1395452426727038
23S-3,350,-0.4355621721677861,mri_1,-0.1487174046239672
23S-3,400,-0.4136840976015771,mri_1,-0.1366321391183029
23S-3,450,-0.4138047739836885,mri_1,-0.1351792302063207
23S-3,50,-0.3421398704122565,mri_1,-0.1149862769952097
23S-3,500,-0.4295474564443311,mri_1,-0.1492189122011505
23S-3,100,-0.3910301208983671,mri_2,-0.1203579407507957
23S-3,150,-0.4352017430715821,mri_2,-0.1321809913180291
23S-3,200,-0.4176505331708771,mri_2,-0.1310058984587452
23S-3,250,-0.4218141386992676,mri_2,-0.1336879384643639
23S-3,300,-0.4173075988004273,mri_2,-0.1302788222520018
23S-3,350,-0.4244758072786155,mri_2,-0.1398096854131872
23S-3,400,-0.3973055211726954,mri_2,-0.1279494848377973
23S-3,450,-0.4014573425784683,mri_2,-0.1257968045388152
23S-3,50,-0.335240075577662,mri_2,-0.1058064148803045
23S-3,500,-0.4205121894820587,mri_2,-0.1384163780924758
23S-4,100,-0.3751136383933015,mri_2,-0.1001559424801207
23S-4,150,-0.423532031601415,mri_2,-0.1107918088449876
23S-4,200,-0.405158889201192,mri_2,-0.1090274064848573
23S-4,250,-0.4074723617930361,mri_2,-0.1117618902886372
23S-4,300,-0.4027573087406096,mri_2,-0.1092248080667101
23S-4,350,-0.4072766225587206,mri_2,-0.1103045762720191
23S-4,400,-0.3932967808537745,mri_2,-0.1090433848243219
23S-4,450,-0.3888361432392197,mri_2,-0.1071732478312445
23S-4,50,-0.3193660083560023,mri_2,-0.0885410047366979
23S-4,500,-0.4047095074626853,mri_2,-0.1199654621462131
23S-5,100,-0.3901884538946913,mri_2,-0.1167497723388569
23S-5,150,-0.4253438680755475,mri_2,-0.1215359190868045
23S-5,200,-0.4064226693491443,mri_2,-0.1205875043206576
23S-5,250,-0.4167009766297916,mri_2,-0.1270087740274591
23S-5,300,-0.3894571660840031,mri_2,-0.1152476134446923
23S-5,350,-0.4140703843923862,mri_2,-0.128724610383024
23S-5,400,-0.3955852060745568,mri_2,-0.117154641199728
23S-5,450,-0.4273814380940823,mri_2,-0.1327339697323206
23S-5,50,-0.3465056935859307,mri_2,-0.1056979921227058
23S-5,500,-0.4040336460692132,mri_2,-0.1273807374221539
23T-1,100,-0.2894169389593879,mri_1,-0.0851352255020611
23T-1,150,-0.3374529377585044,mri_1,-0.1006697242334302
23T-1,200,-0.3122424206964193,mri_1,-0.0869319852960185
23T-1,250,-0.318939838370751,mri_1,-0.0906774711673264
23T-1,300,-0.3298065309377026,mri_1,-0.0841954975109944
23T-1,350,-0.3360639786167773,mri_1,-0.0858951417215061
23T-1,400,-0.3175751715254333,mri_1,-0.0796292912044609
23T-1,450,-0.3229091434702446,mri_1,-0.0758115532213686
23T-1,50,-0.2400404165628828,mri_1,-0.0768948149644253
23T-1,500,-0.3266872491036723,mri_1,-0.0928259632646271
23T-2,100,-0.0229954816908508,mri_1,-0.0423508419245536
23T-2,150,-0.035630378277964,mri_1,-0.0483921487430152
23T-2,200,-0.0276917595268098,mri_1,-0.0466258471273335
23T-2,250,-0.0291845469910828,mri_1,-0.0461788171959003
23T-2,300,-0.0293245193590048,mri_1,-0.0485960192400573
23T-2,350,-0.0307274845453661,mri_1,-0.0457358511543283
23T-2,400,-0.0313742876122261,mri_1,-0.042613005231349
23T-2,450,-0.0316964368554313,mri_1,-0.042764834488331
23T-2,50,-0.018469800183092,mri_1,-0.0395225009993722
23T-2,500,-0.0319614162089787,mri_1,-0.045297282651593
23T-3,100,-0.281930949190088,mri_1,-0.0899497627971176
23T-3,150,-0.3131502705521918,mri_1,-0.099570628069788
23T-3,200,-0.3077301299347464,mri_1,-0.0977165756596421
23T-3,250,-0.3045665698135053,mri_1,-0.098160719103935
23T-3,300,-0.3109413091220436,mri_1,-0.0977271528909742
23T-3,350,-0.3055734404390642,mri_1,-0.0962483545060319
23T-3,400,-0.3155903239469685,mri_1,-0.0980704008911058
23T-3,450,-0.2967433489265479,mri_1,-0.0906537155831753
23T-3,50,-0.2505060860420435,mri_1,-0.083373250195035
23T-3,500,-0.3009365008757899,mri_1,-0.0943583833813847
23T-3,100,-0.3174328722651623,mri_2,-0.1432483274285387
23T-3,150,-0.3458901873674994,mri_2,-0.1496663589689079
23T-3,200,-0.3420887207433717,mri_2,-0.153052289881969
23T-3,250,-0.3407831998708391,mri_2,-0.1524144879710579
23T-3,300,-0.3438449157464975,mri_2,-0.1517322917441555
23T-3,350,-0.3334324684892471,mri_2,-0.1499837544332147
23T-3,400,-0.3500445928767641,mri_2,-0.1550133702664172
23T-3,450,-0.3280823680078339,mri_2,-0.1448564181206189
23T-3,50,-0.2839466767970447,mri_2,-0.1307463021783955
23T-3,500,-0.3381384742167704,mri_2,-0.151479522475662
23T-4,100,-0.2852469233552851,mri_2,-0.1359864177018022
23T-4,150,-0.3290446937207657,mri_2,-0.1449143106280601
23T-4,200,-0.3071228516070078,mri_2,-0.1456061431568771
23T-4,250,-0.303502139220662,mri_2,-0.1468297250894963
23T-4,300,-0.306154913804694,mri_2,-0.1438737629874985
23T-4,350,-0.3077101530938249,mri_2,-0.1487366081231076
23T-4,400,-0.3025504028746051,mri_2,-0.1458841429823716
23T-4,450,-0.3031286349516572,mri_2,-0.147704848047931
23T-4,50,-0.2570835252578062,mri_2,-0.1245061263568761
23T-4,500,-0.3092531958935761,mri_2,-0.152599676204363
23T-5,100,-0.044036811481365,mri_2,-0.1360869593733997
23T-5,150,-0.0579591749247768,mri_2,-0.1405537123873825
23T-5,200,-0.0515898906165382,mri_2,-0.1446914503124758
23T-5,250,-0.0550796234122706,mri_2,-0.1447001894558628
23T-5,300,-0.0566449781878061,mri_2,-0.1371226854763088
23T-5,350,-0.0580772429333225,mri_2,-0.1386200301746906
23T-5,400,-0.0623588630839693,mri_2,-0.1485486620923437
23T-5,450,-0.0590329977586289,mri_2,-0.1280618290752891
23T-5,50,-0.0358905790970296,mri_2,-0.1199000639844882
23T-5,500,-0.062959977658324,mri_2,-0.1461873795127636
23T-1,100,-0.220997675824891,mri_1,-0.0851352255020611
23T-1,150,-0.2461914724818319,mri_1,-0.1006697242334302
23T-1,200,-0.232640597408091,mri_1,-0.0869319852960185
23T-1,250,-0.2369121141898433,mri_1,-0.0906774711673264
23T-1,300,-0.2318637059493874,mri_1,-0.0841954975109944
23T-1,350,-0.2367974527211231,mri_1,-0.0858951417215061
23T-1,400,-0.2246692606555985,mri_1,-0.0796292912044609
23T-1,450,-0.2247796925577337,mri_1,-0.0758115532213686
23T-1,50,-0.1893946921073239,mri_1,-0.0768948149644253
23T-1,500,-0.2461109429788177,mri_1,-0.0928259632646271
23T-2,100,-0.1557334289218858,mri_1,-0.0423508419245536
23T-2,150,-0.1834175193214614,mri_1,-0.0483921487430152
23T-2,200,-0.1690117351241991,mri_1,-0.0466258471273335
23T-2,250,-0.1703968036872253,mri_1,-0.0461788171959003
23T-2,300,-0.1736545973566537,mri_1,-0.0485960192400573
23T-2,350,-0.173585586896639,mri_1,-0.0457358511543283
23T-2,400,-0.1721693715407747,mri_1,-0.042613005231349
23T-2,450,-0.1638467219904615,mri_1,-0.042764834488331
23T-2,50,-0.1349299660536403,mri_1,-0.0395225009993722
23T-2,500,-0.1773749213364179,mri_1,-0.045297282651593
23T-3,100,-0.0321185936736422,mri_1,-0.0899497627971176
23T-3,150,-0.0364503553122512,mri_1,-0.099570628069788
23T-3,200,-0.0351688924837508,mri_1,-0.0977165756596421
23T-3,250,-0.0366251001062189,mri_1,-0.098160719103935
23T-3,300,-0.0353879531526971,mri_1,-0.0977271528909742
23T-3,350,-0.0396842451120601,mri_1,-0.0962483545060319
23T-3,400,-0.0398214971451098,mri_1,-0.0980704008911058
23T-3,450,-0.0367443978213957,mri_1,-0.0906537155831753
23T-3,50,-0.0286569585674446,mri_1,-0.083373250195035
23T-3,500,-0.0390996250672667,mri_1,-0.0943583833813847
23T-3,100,-0.1568325168852069,mri_2,-0.1432483274285387
23T-3,150,-0.1734767634653465,mri_2,-0.1496663589689079
23T-3,200,-0.1696490503300191,mri_2,-0.153052289881969
23T-3,250,-0.1723298706674766,mri_2,-0.1524144879710579
23T-3,300,-0.1750860235545012,mri_2,-0.1517322917441555
23T-3,350,-0.1833850089368579,mri_2,-0.1499837544332147
23T-3,400,-0.1771846294600257,mri_2,-0.1550133702664172
23T-3,450,-0.182053496749613,mri_2,-0.1448564181206189
23T-3,50,-0.13133006485906,mri_2,-0.1307463021783955
23T-3,500,-0.1735128414842307,mri_2,-0.151479522475662
23T-4,100,-0.1143866645077507,mri_2,-0.1359864177018022
23T-4,150,-0.1356808620130272,mri_2,-0.1449143106280601
23T-4,200,-0.1291598582545348,mri_2,-0.1456061431568771
23T-4,250,-0.1300397407369919,mri_2,-0.1468297250894963
23T-4,300,-0.1377543637929807,mri_2,-0.1438737629874985
23T-4,350,-0.1375541677107998,mri_2,-0.1487366081231076
23T-4,400,-0.1424617711940571,mri_2,-0.1458841429823716
23T-4,450,-0.1402554145249574,mri_2,-0.147704848047931
23T-4,50,-0.0978814172577603,mri_2,-0.1245061263568761
23T-4,500,-0.1444143267683821,mri_2,-0.152599676204363
23T-5,100,-0.0584959002340102,mri_2,-0.1360869593733997
23T-5,150,-0.0705629493046285,mri_2,-0.1405537123873825
23T-5,200,-0.0702915767583697,mri_2,-0.1446914503124758
23T-5,250,-0.0733274258044514,mri_2,-0.1447001894558628
23T-5,300,-0.0749276618250164,mri_2,-0.1371226854763088
23T-5,350,-0.0779411611210554,mri_2,-0.1386200301746906
23T-5,400,-0.0741030216736137,mri_2,-0.1485486620923437
23T-5,450,-0.0815143554108223,mri_2,-0.1280618290752891
23T-5,50,-0.0480105571113944,mri_2,-0.1199000639844882
23T-5,500,-0.0862662815632598,mri_2,-0.1461873795127636
23T-1,100,-0.324114703259104,mri_1,-0.0851352255020611
23T-1,150,-0.3741670690413775,mri_1,-0.1006697242334302
23T-1,200,-0.337413593845914,mri_1,-0.0869319852960185
23T-1,250,-0.3413334572224297,mri_1,-0.0906774711673264
23T-1,300,-0.3451140675613137,mri_1,-0.0841954975109944
23T-1,350,-0.3432916751974426,mri_1,-0.0858951417215061
23T-1,400,-0.3227388595078774,mri_1,-0.0796292912044609
23T-1,450,-0.3149095122482193,mri_1,-0.0758115532213686
23T-1,50,-0.2691898847126252,mri_1,-0.0768948149644253
23T-1,500,-0.3390705228978899,mri_1,-0.0928259632646271
23T-2,100,-0.286949294631022,mri_1,-0.0423508419245536
23T-2,150,-0.3621695038667822,mri_1,-0.0483921487430152
23T-2,200,-0.3171927594645884,mri_1,-0.0466258471273335
23T-2,250,-0.3193967668162549,mri_1,-0.0461788171959003
23T-2,300,-0.3231717246173263,mri_1,-0.0485960192400573
23T-2,350,-0.3246754039540797,mri_1,-0.0457358511543283
23T-2,400,-0.3219041357164545,mri_1,-0.042613005231349
23T-2,450,-0.3023181228167165,mri_1,-0.042764834488331
23T-2,50,-0.2411720325639151,mri_1,-0.0395225009993722
23T-2,500,-0.3270009495235902,mri_1,-0.045297282651593
23T-3,100,-0.3316473124614292,mri_1,-0.0899497627971176
23T-3,150,-0.3716713312368053,mri_1,-0.099570628069788
23T-3,200,-0.3596791815778612,mri_1,-0.0977165756596421
23T-3,250,-0.3533922397527728,mri_1,-0.098160719103935
23T-3,300,-0.356633603070339,mri_1,-0.0977271528909742
23T-3,350,-0.3449933789028528,mri_1,-0.0962483545060319
23T-3,400,-0.3599016852343383,mri_1,-0.0980704008911058
23T-3,450,-0.3377746001089154,mri_1,-0.0906537155831753
23T-3,50,-0.2923130938116347,mri_1,-0.083373250195035
23T-3,500,-0.3427601360373974,mri_1,-0.0943583833813847
23T-3,100,-0.4170513877567596,mri_2,-0.1432483274285387
23T-3,150,-0.4663584839998878,mri_2,-0.1496663589689079
23T-3,200,-0.4481776068621146,mri_2,-0.153052289881969
23T-3,250,-0.4412284264919628,mri_2,-0.1524144879710579
23T-3,300,-0.4456256167649998,mri_2,-0.1517322917441555
23T-3,350,-0.4347330854273389,mri_2,-0.1499837544332147
23T-3,400,-0.4474061554446,mri_2,-0.1550133702664172
23T-3,450,-0.4211107824493871,mri_2,-0.1448564181206189
23T-3,50,-0.3665798406768578,mri_2,-0.1307463021783955
23T-3,500,-0.4272417245141085,mri_2,-0.151479522475662
23T-4,100,-0.3927212494713706,mri_2,-0.1359864177018022
23T-4,150,-0.4534777292801688,mri_2,-0.1449143106280601
23T-4,200,-0.4275024797625445,mri_2,-0.1456061431568771
23T-4,250,-0.4237464736726105,mri_2,-0.1468297250894963
23T-4,300,-0.4211323589184793,mri_2,-0.1438737629874985
23T-4,350,-0.4283102865424062,mri_2,-0.1487366081231076
23T-4,400,-0.4195699373272314,mri_2,-0.1458841429823716
23T-4,450,-0.4202433935861515,mri_2,-0.147704848047931
23T-4,50,-0.3491211217708471,mri_2,-0.1245061263568761
23T-4,500,-0.4254613297278583,mri_2,-0.152599676204363
23T-5,100,-0.3853476423500037,mri_2,-0.1360869593733997
23T-5,150,-0.4524749546878335,mri_2,-0.1405537123873825
23T-5,200,-0.4094538906783693,mri_2,-0.1446914503124758
23T-5,250,-0.4133664271953351,mri_2,-0.1447001894558628
23T-5,300,-0.4017460743963165,mri_2,-0.1371226854763088
23T-5,350,-0.4097688677539355,mri_2,-0.1386200301746906
23T-5,400,-0.4306408221987442,mri_2,-0.1485486620923437
23T-5,450,-0.3956618700564406,mri_2,-0.1280618290752891
23T-5,50,-0.3211467719898959,mri_2,-0.1199000639844882
23T-5,500,-0.4325003639832968,mri_2,-0.1461873795127636
23T-1,100,-0.0852593269689912,mri_1,-0.0851352255020611
23T-1,150,-0.0995785765542954,mri_1,-0.1006697242334302
23T-1,200,-0.08720290747467,mri_1,-0.0869319852960185
23T-1,250,-0.0904675780146184,mri_1,-0.0906774711673264
23T-1,300,-0.0843353911028787,mri_1,-0.0841954975109944
23T-1,350,-0.0859247743281128,mri_1,-0.0858951417215061
23T-1,400,-0.0797936449756762,mri_1,-0.0796292912044609
23T-1,450,-0.0766294803202409,mri_1,-0.0758115532213686
23T-1,50,-0.0770321456658092,mri_1,-0.0768948149644253
23T-1,500,-0.0931357292449775,mri_1,-0.0928259632646271
23T-2,100,-0.0426164944447937,mri_1,-0.0423508419245536
23T-2,150,-0.0483291794645885,mri_1,-0.0483921487430152
23T-2,200,-0.0468780008076534,mri_1,-0.0466258471273335
23T-2,250,-0.0464496129737017,mri_1,-0.0461788171959003
23T-2,300,-0.0489832793640538,mri_1,-0.0485960192400573
23T-2,350,-0.0463551779771413,mri_1,-0.0457358511543283
23T-2,400,-0.0431154321941088,mri_1,-0.042613005231349
23T-2,450,-0.0432256143702232,mri_1,-0.042764834488331
23T-2,50,-0.0396404383973372,mri_1,-0.0395225009993722
23T-2,500,-0.0460167022764823,mri_1,-0.045297282651593
23T-3,100,-0.0901241598997451,mri_1,-0.0899497627971176
23T-3,150,-0.0992832454312117,mri_1,-0.099570628069788
23T-3,200,-0.098146775222318,mri_1,-0.0977165756596421
23T-3,250,-0.0980416717746311,mri_1,-0.098160719103935
23T-3,300,-0.0982393999168782,mri_1,-0.0977271528909742
23T-3,350,-0.096923998937339,mri_1,-0.0962483545060319
23T-3,400,-0.0996647645115865,mri_1,-0.0980704008911058
23T-3,450,-0.0915724058436997,mri_1,-0.0906537155831753
23T-3,50,-0.083511798146371,mri_1,-0.083373250195035
23T-3,500,-0.0953125641596227,mri_1,-0.0943583833813847
23T-3,100,-0.1436070858439322,mri_2,-0.1432483274285387
23T-3,150,-0.1497755105551018,mri_2,-0.1496663589689079
23T-3,200,-0.1538048385534002,mri_2,-0.153052289881969
23T-3,250,-0.1530409856011965,mri_2,-0.1524144879710579
23T-3,300,-0.1534438174747447,mri_2,-0.1517322917441555
23T-3,350,-0.1513616176662696,mri_2,-0.1499837544332147
23T-3,400,-0.1573432485393758,mri_2,-0.1550133702664172
23T-3,450,-0.1465677895396049,mri_2,-0.1448564181206189
23T-3,50,-0.1310841669841168,mri_2,-0.1307463021783955
23T-3,500,-0.1534439135067381,mri_2,-0.151479522475662
23T-4,100,-0.1378148335610053,mri_2,-0.1359864177018022
23T-4,150,-0.1477902729089348,mri_2,-0.1449143106280601
23T-4,200,-0.1475550333291238,mri_2,-0.1456061431568771
23T-4,250,-0.1479772989326163,mri_2,-0.1468297250894963
23T-4,300,-0.1476461380914011,mri_2,-0.1438737629874985
23T-4,350,-0.1489850258127366,mri_2,-0.1487366081231076
23T-4,400,-0.1492309826986039,mri_2,-0.1458841429823716
23T-4,450,-0.1500744255080161,mri_2,-0.147704848047931
23T-4,50,-0.1257236278921435,mri_2,-0.1245061263568761
23T-4,500,-0.1514491456115008,mri_2,-0.152599676204363
23T-5,100,-0.1359486974728249,mri_2,-0.1360869593733997
23T-5,150,-0.1416619807989175,mri_2,-0.1405537123873825
23T-5,200,-0.1448084195525802,mri_2,-0.1446914503124758
23T-5,250,-0.1453464760210678,mri_2,-0.1447001894558628
23T-5,300,-0.1386350714718438,mri_2,-0.1371226854763088
23T-5,350,-0.1404776959349358,mri_2,-0.1386200301746906
23T-5,400,-0.1493704620776877,mri_2,-0.1485486620923437
23T-5,450,-0.1311272077257851,mri_2,-0.1280618290752891
23T-5,50,-0.1194487874992614,mri_2,-0.1199000639844882
23T-5,500,-0.1490807151780919,mri_2,-0.1461873795127636
23T-1,100,-0.3141093883184269,mri_1,-0.0851352255020611
23T-1,150,-0.3654606903664301,mri_1,-0.1006697242334302
23T-1,200,-0.3295454883690728,mri_1,-0.0869319852960185
23T-1,250,-0.3339363194474036,mri_1,-0.0906774711673264
23T-1,300,-0.3353120409120175,mri_1,-0.0841954975109944
23T-1,350,-0.33927441972209,mri_1,-0.0858951417215061
23T-1,400,-0.309974527511832,mri_1,-0.0796292912044609
23T-1,450,-0.3068182439948871,mri_1,-0.0758115532213686
23T-1,50,-0.2617278145317984,mri_1,-0.0768948149644253
23T-1,500,-0.3339475517305231,mri_1,-0.0928259632646271
23T-2,100,-0.2757385975224841,mri_1,-0.0423508419245536
23T-2,150,-0.3481741070677968,mri_1,-0.0483921487430152
23T-2,200,-0.3020554681158505,mri_1,-0.0466258471273335
23T-2,250,-0.3066333593742816,mri_1,-0.0461788171959003
23T-2,300,-0.3081428103415493,mri_1,-0.0485960192400573
23T-2,350,-0.3132581813064629,mri_1,-0.0457358511543283
23T-2,400,-0.3067097087338787,mri_1,-0.042613005231349
23T-2,450,-0.2920112682783789,mri_1,-0.042764834488331
23T-2,50,-0.2324844173670765,mri_1,-0.0395225009993722
23T-2,500,-0.3126319438467698,mri_1,-0.045297282651593
23T-3,100,-0.327362275347445,mri_1,-0.0899497627971176
23T-3,150,-0.3652895332669722,mri_1,-0.099570628069788
23T-3,200,-0.3547251531975087,mri_1,-0.0977165756596421
23T-3,250,-0.3497263366466717,mri_1,-0.098160719103935
23T-3,300,-0.3538627925770337,mri_1,-0.0977271528909742
23T-3,350,-0.3376709169488271,mri_1,-0.0962483545060319
23T-3,400,-0.3596692792092674,mri_1,-0.0980704008911058
23T-3,450,-0.3288785559881013,mri_1,-0.0906537155831753
23T-3,50,-0.289318933420298,mri_1,-0.083373250195035
23T-3,500,-0.3386204731548112,mri_1,-0.0943583833813847
23T-3,100,-0.4182167378413515,mri_2,-0.1432483274285387
23T-3,150,-0.4645904096043939,mri_2,-0.1496663589689079
23T-3,200,-0.4488590576499513,mri_2,-0.153052289881969
23T-3,250,-0.4409591617235152,mri_2,-0.1524144879710579
23T-3,300,-0.4472754304244369,mri_2,-0.1517322917441555
23T-3,350,-0.4348865221899202,mri_2,-0.1499837544332147
23T-3,400,-0.4481334095282938,mri_2,-0.1550133702664172
23T-3,450,-0.4219537377993581,mri_2,-0.1448564181206189
23T-3,50,-0.3665068428391656,mri_2,-0.1307463021783955
23T-3,500,-0.4285857330160136,mri_2,-0.151479522475662
23T-4,100,-0.3951902945696504,mri_2,-0.1359864177018022
23T-4,150,-0.4576960313030137,mri_2,-0.1449143106280601
23T-4,200,-0.431722131222791,mri_2,-0.1456061431568771
23T-4,250,-0.4262989544531581,mri_2,-0.1468297250894963
23T-4,300,-0.4234178273787066,mri_2,-0.1438737629874985
23T-4,350,-0.4301795049552344,mri_2,-0.1487366081231076
23T-4,400,-0.4170574272663879,mri_2,-0.1458841429823716
23T-4,450,-0.4190964078465677,mri_2,-0.147704848047931
23T-4,50,-0.3495743624658781,mri_2,-0.1245061263568761
23T-4,500,-0.4291350448884982,mri_2,-0.152599676204363
23T-5,100,-0.3860124096869018,mri_2,-0.1360869593733997
23T-5,150,-0.4536576790466864,mri_2,-0.1405537123873825
23T-5,200,-0.4110773452021614,mri_2,-0.1446914503124758
23T-5,250,-0.4135034778401573,mri_2,-0.1447001894558628
23T-5,300,-0.4028192051100296,mri_2,-0.1371226854763088
23T-5,350,-0.4104322135234569,mri_2,-0.1386200301746906
23T-5,400,-0.4317514040729108,mri_2,-0.1485486620923437
23T-5,450,-0.3966083287038691,mri_2,-0.1280618290752891
23T-5,50,-0.3202429733315554,mri_2,-0.1199000639844882
23T-5,500,-0.4333395233089244,mri_2,-0.1461873795127636
23U-1,100,-0.2190026649410792,mri_1,-0.1180032234686387
23U-1,150,-0.2389460892510121,mri_1,-0.1332804174499752
23U-1,200,-0.2368074644870373,mri_1,-0.1184181154612168
23U-1,250,-0.237420585167097,mri_1,-0.1200163062751627
23U-1,300,-0.2458886879201381,mri_1,-0.1173652069534645
23U-1,350,-0.2553237896190884,mri_1,-0.1154704447871762
23U-1,400,-0.2519781980010978,mri_1,-0.1142668771242698
23U-1,450,-0.254165433637824,mri_1,-0.1126390723997135
23U-1,50,-0.195873557348909,mri_1,-0.1108785267000075
23U-1,500,-0.2541432087490265,mri_1,-0.1259232632938988
23U-2,100,-0.3766595008877968,mri_1,-0.1017484083484527
23U-2,150,-0.4316522603510068,mri_1,-0.1130924755949268
23U-2,200,-0.4178423654009091,mri_1,-0.1065534018052026
23U-2,250,-0.4208577011396326,mri_1,-0.1066629188039613
23U-2,300,-0.4277906193805716,mri_1,-0.1062065400061494
23U-2,350,-0.4243434657793861,mri_1,-0.106488435072213
23U-2,400,-0.4177811454468293,mri_1,-0.105988913710141
23U-2,450,-0.4300435665339733,mri_1,-0.1031630831275121
23U-2,50,-0.3158490722488884,mri_1,-0.0915159958324479
23U-2,500,-0.4410475177127083,mri_1,-0.1109973849186121
23U-3,100,-0.0447956192097454,mri_1,-0.1482328659072151
23U-3,150,-0.0516989755735679,mri_1,-0.1582038586896839
23U-3,200,-0.0506631439288067,mri_1,-0.1530766980868829
23U-3,250,-0.0523138879044584,mri_1,-0.1556201743605588
23U-3,300,-0.0523114208848604,mri_1,-0.153665784275805
23U-3,350,-0.0543492426399988,mri_1,-0.1593656287638517
23U-3,400,-0.0529793540189052,mri_1,-0.1475037881697172
23U-3,450,-0.059420510395203,mri_1,-0.152804860396366
23U-3,50,-0.039400378172532,mri_1,-0.1362803256032687
23U-3,500,-0.0576438588511805,mri_1,-0.1633399648682129
23U-3,100,-0.0781363752985443,mri_2,-0.1487714872380139
23U-3,150,-0.0905278512792883,mri_2,-0.1593833627176181
23U-3,200,-0.0884133543634808,mri_2,-0.1546258942970663
23U-3,250,-0.0912985888442471,mri_2,-0.1570985177703806
23U-3,300,-0.0933758608603818,mri_2,-0.1575749677410538
23U-3,350,-0.0951987842054101,mri_2,-0.1604705127689392
23U-3,400,-0.0951485765635485,mri_2,-0.1503268906196624
23U-3,450,-0.0991023551487388,mri_2,-0.157029338752263
23U-3,50,-0.0635942253486329,mri_2,-0.1376240296813115
23U-3,500,-0.1004164704392018,mri_2,-0.1653437399110672
23U-4,100,-0.1529187205581793,mri_2,-0.1382963679480142
23U-4,150,-0.1714033196065806,mri_2,-0.1396799612960458
23U-4,200,-0.1690898469601326,mri_2,-0.1433308960184435
23U-4,250,-0.1731586235125517,mri_2,-0.1485380232083563
23U-4,300,-0.177352741337497,mri_2,-0.1448361433013389
23U-4,350,-0.185346465746369,mri_2,-0.1423282338367855
23U-4,400,-0.1834137263653107,mri_2,-0.1375340826290626
23U-4,450,-0.1858121845736741,mri_2,-0.1420556027108306
23U-4,50,-0.1316461944098682,mri_2,-0.1237861840919445
23U-4,500,-0.1869208381432853,mri_2,-0.151498768962118
23U-5,100,-0.1361050982678011,mri_2,-0.149299063119797
23U-5,150,-0.1516337945401249,mri_2,-0.1613997086587327
23U-5,200,-0.1493686964919955,mri_2,-0.1553305551180203
23U-5,250,-0.152186716842652,mri_2,-0.1581961372772356
23U-5,300,-0.1560931811496116,mri_2,-0.1545392383482488
23U-5,350,-0.1552432683480202,mri_2,-0.1548924282290265
23U-5,400,-0.1594019769274296,mri_2,-0.1471763813521638
23U-5,450,-0.1636198862847993,mri_2,-0.1494813237237066
23U-5,50,-0.1185302087604402,mri_2,-0.131988417253904
23U-5,500,-0.1648231160619543,mri_2,-0.1679094700731659
23U-1,100,-0.3975924923634351,mri_1,-0.1180032234686387
23U-1,150,-0.4411106830045755,mri_1,-0.1332804174499752
23U-1,200,-0.4278222095298287,mri_1,-0.1184181154612168
23U-1,250,-0.432332661872042,mri_1,-0.1200163062751627
23U-1,300,-0.4392248308969657,mri_1,-0.1173652069534645
23U-1,350,-0.4333040282546259,mri_1,-0.1154704447871762
23U-1,400,-0.4376505459451687,mri_1,-0.1142668771242698
23U-1,450,-0.4400307865161667,mri_1,-0.1126390723997135
23U-1,50,-0.3546825083627882,mri_1,-0.1108785267000075
23U-1,500,-0.4474116089900861,mri_1,-0.1259232632938988
23U-2,100,-0.050373680565216,mri_1,-0.1017484083484527
23U-2,150,-0.0605783671477097,mri_1,-0.1130924755949268
23U-2,200,-0.0573558166126539,mri_1,-0.1065534018052026
23U-2,250,-0.0607633867459173,mri_1,-0.1066629188039613
23U-2,300,-0.0599961208895351,mri_1,-0.1062065400061494
23U-2,350,-0.0628262121820012,mri_1,-0.106488435072213
23U-2,400,-0.0663347970788784,mri_1,-0.105988913710141
23U-2,450,-0.0656023427903393,mri_1,-0.1031630831275121
23U-2,50,-0.0415538008764473,mri_1,-0.0915159958324479
23U-2,500,-0.071109848991121,mri_1,-0.1109973849186121
23U-3,100,-0.2129769048704125,mri_1,-0.1482328659072151
23U-3,150,-0.2385652152481831,mri_1,-0.1582038586896839
23U-3,200,-0.2344230198425844,mri_1,-0.1530766980868829
23U-3,250,-0.2407965502221822,mri_1,-0.1556201743605588
23U-3,300,-0.2462802742652728,mri_1,-0.153665784275805
23U-3,350,-0.2528208926687817,mri_1,-0.1593656287638517
23U-3,400,-0.2578374338812799,mri_1,-0.1475037881697172
23U-3,450,-0.2633989882583351,mri_1,-0.152804860396366
23U-3,50,-0.1843904206064947,mri_1,-0.1362803256032687
23U-3,500,-0.2543799445454938,mri_1,-0.1633399648682129
23U-3,100,-0.1955199868249407,mri_2,-0.1487714872380139
23U-3,150,-0.2186471491739764,mri_2,-0.1593833627176181
23U-3,200,-0.2156186683607655,mri_2,-0.1546258942970663
23U-3,250,-0.2218117623868024,mri_2,-0.1570985177703806
23U-3,300,-0.2277941609173015,mri_2,-0.1575749677410538
23U-3,350,-0.2395922502091167,mri_2,-0.1604705127689392
23U-3,400,-0.2358377188461137,mri_2,-0.1503268906196624
23U-3,450,-0.2456650594603366,mri_2,-0.157029338752263
23U-3,50,-0.1677568904412637,mri_2,-0.1376240296813115
23U-3,500,-0.2344208760726624,mri_2,-0.1653437399110672
23U-4,100,-0.0394505728271873,mri_2,-0.1382963679480142
23U-4,150,-0.0462380508730058,mri_2,-0.1396799612960458
23U-4,200,-0.045412071201214,mri_2,-0.1433308960184435
23U-4,250,-0.0462749474948129,mri_2,-0.1485380232083563
23U-4,300,-0.0485196877944882,mri_2,-0.1448361433013389
23U-4,350,-0.049348812799696,mri_2,-0.1423282338367855
23U-4,400,-0.0488523290823503,mri_2,-0.1375340826290626
23U-4,450,-0.0499639022253945,mri_2,-0.1420556027108306
23U-4,50,-0.0334492720537927,mri_2,-0.1237861840919445
23U-4,500,-0.0518151338805958,mri_2,-0.151498768962118
23U-5,100,-0.3668793397311494,mri_2,-0.149299063119797
23U-5,150,-0.4054429012529977,mri_2,-0.1613997086587327
23U-5,200,-0.3985568149436784,mri_2,-0.1553305551180203
23U-5,250,-0.4079774515097092,mri_2,-0.1581961372772356
23U-5,300,-0.4091568096326388,mri_2,-0.1545392383482488
23U-5,350,-0.4015034147766822,mri_2,-0.1548924282290265
23U-5,400,-0.4155038891184732,mri_2,-0.1471763813521638
23U-5,450,-0.4131026613040403,mri_2,-0.1494813237237066
23U-5,50,-0.321494098681539,mri_2,-0.131988417253904
23U-5,500,-0.4211669124648945,mri_2,-0.1679094700731659
23U-1,100,-0.412460640589233,mri_1,-0.1180032234686387
23U-1,150,-0.44980472598241,mri_1,-0.1332804174499752
23U-1,200,-0.4249594285739738,mri_1,-0.1184181154612168
23U-1,250,-0.4227123363744203,mri_1,-0.1200163062751627
23U-1,300,-0.4238906924618449,mri_1,-0.1173652069534645
23U-1,350,-0.4146698682944547,mri_1,-0.1154704447871762
23U-1,400,-0.4094041773902722,mri_1,-0.1142668771242698
23U-1,450,-0.4109266952981056,mri_1,-0.1126390723997135
23U-1,50,-0.3721356194137907,mri_1,-0.1108785267000075
23U-1,500,-0.4390108721798141,mri_1,-0.1259232632938988
23U-2,100,-0.3893759878212395,mri_1,-0.1017484083484527
23U-2,150,-0.4449816537120671,mri_1,-0.1130924755949268
23U-2,200,-0.4202177694908483,mri_1,-0.1065534018052026
23U-2,250,-0.406785244244974,mri_1,-0.1066629188039613
23U-2,300,-0.4113442821186409,mri_1,-0.1062065400061494
23U-2,350,-0.4069803471593841,mri_1,-0.106488435072213
23U-2,400,-0.3953855966966617,mri_1,-0.105988913710141
23U-2,450,-0.4063557116323115,mri_1,-0.1031630831275121
23U-2,50,-0.330226777875741,mri_1,-0.0915159958324479
23U-2,500,-0.4335664631807243,mri_1,-0.1109973849186121
23U-3,100,-0.4152773567152322,mri_1,-0.1482328659072151
23U-3,150,-0.463430428959483,mri_1,-0.1582038586896839
23U-3,200,-0.4377542026766699,mri_1,-0.1530766980868829
23U-3,250,-0.4356445726063269,mri_1,-0.1556201743605588
23U-3,300,-0.4355576480778472,mri_1,-0.153665784275805
23U-3,350,-0.4293471478677461,mri_1,-0.1593656287638517
23U-3,400,-0.4143936324542143,mri_1,-0.1475037881697172
23U-3,450,-0.4218703127213061,mri_1,-0.152804860396366
23U-3,50,-0.3681095344764853,mri_1,-0.1362803256032687
23U-3,500,-0.4503807520934182,mri_1,-0.1633399648682129
23U-3,100,-0.4014532285942203,mri_2,-0.1487714872380139
23U-3,150,-0.4408931672801311,mri_2,-0.1593833627176181
23U-3,200,-0.4260885958360964,mri_2,-0.1546258942970663
23U-3,250,-0.4235568407171312,mri_2,-0.1570985177703806
23U-3,300,-0.4199098827108486,mri_2,-0.1575749677410538
23U-3,350,-0.4153313023844532,mri_2,-0.1604705127689392
23U-3,400,-0.3999764220143075,mri_2,-0.1503268906196624
23U-3,450,-0.4114981659249108,mri_2,-0.157029338752263
23U-3,50,-0.3584136993634831,mri_2,-0.1376240296813115
23U-3,500,-0.435442326982756,mri_2,-0.1653437399110672
23U-4,100,-0.3888207297938651,mri_2,-0.1382963679480142
23U-4,150,-0.4276204765988109,mri_2,-0.1396799612960458
23U-4,200,-0.4103546563130292,mri_2,-0.1433308960184435
23U-4,250,-0.4098478340212197,mri_2,-0.1485380232083563
23U-4,300,-0.4103523228660595,mri_2,-0.1448361433013389
23U-4,350,-0.3959345123489894,mri_2,-0.1423282338367855
23U-4,400,-0.3962582831705149,mri_2,-0.1375340826290626
23U-4,450,-0.4012363484235603,mri_2,-0.1420556027108306
23U-4,50,-0.3443706765933319,mri_2,-0.1237861840919445
23U-4,500,-0.4179857067997143,mri_2,-0.151498768962118
23U-5,100,-0.3862256454661523,mri_2,-0.149299063119797
23U-5,150,-0.4260782190751407,mri_2,-0.1613997086587327
23U-5,200,-0.405267403179477,mri_2,-0.1553305551180203
23U-5,250,-0.4083360923706953,mri_2,-0.1581961372772356
23U-5,300,-0.3998273719766318,mri_2,-0.1545392383482488
23U-5,350,-0.3994090277548794,mri_2,-0.1548924282290265
23U-5,400,-0.3903741551433311,mri_2,-0.1471763813521638
23U-5,450,-0.3946026199861231,mri_2,-0.1494813237237066
23U-5,50,-0.3409830758038846,mri_2,-0.131988417253904
23U-5,500,-0.4184989646475085,mri_2,-0.1679094700731659
23U-1,100,-0.1181288618502223,mri_1,-0.1180032234686387
23U-1,150,-0.1305767290020712,mri_1,-0.1332804174499752
23U-1,200,-0.1184227557741958,mri_1,-0.1184181154612168
23U-1,250,-0.1199718149099671,mri_1,-0.1200163062751627
23U-1,300,-0.1183036527756677,mri_1,-0.1173652069534645
23U-1,350,-0.1164522610624163,mri_1,-0.1154704447871762
23U-1,400,-0.1158179122512385,mri_1,-0.1142668771242698
23U-1,450,-0.1143299485891738,mri_1,-0.1126390723997135
23U-1,50,-0.1105260263843576,mri_1,-0.1108785267000075
23U-1,500,-0.1261631692076499,mri_1,-0.1259232632938988
23U-2,100,-0.1019229610500325,mri_1,-0.1017484083484527
23U-2,150,-0.1109954550986203,mri_1,-0.1130924755949268
23U-2,200,-0.1060069897717088,mri_1,-0.1065534018052026
23U-2,250,-0.1060316794302258,mri_1,-0.1066629188039613
23U-2,300,-0.1061835703493969,mri_1,-0.1062065400061494
23U-2,350,-0.1074322304570642,mri_1,-0.106488435072213
23U-2,400,-0.1062097425239543,mri_1,-0.105988913710141
23U-2,450,-0.1042806688440799,mri_1,-0.1031630831275121
23U-2,50,-0.0913960244842601,mri_1,-0.0915159958324479
23U-2,500,-0.1097310674695458,mri_1,-0.1109973849186121
23U-3,100,-0.148407006598765,mri_1,-0.1482328659072151
23U-3,150,-0.1574752783711667,mri_1,-0.1582038586896839
23U-3,200,-0.1532814872051051,mri_1,-0.1530766980868829
23U-3,250,-0.1557248788717851,mri_1,-0.1556201743605588
23U-3,300,-0.1542358357063332,mri_1,-0.153665784275805
23U-3,350,-0.1596384967070394,mri_1,-0.1593656287638517
23U-3,400,-0.1479326376395962,mri_1,-0.1475037881697172
23U-3,450,-0.1535704534899659,mri_1,-0.152804860396366
23U-3,50,-0.1363213860003176,mri_1,-0.1362803256032687
23U-3,500,-0.1621758264564753,mri_1,-0.1633399648682129
23U-3,100,-0.1492106894023548,mri_2,-0.1487714872380139
23U-3,150,-0.1597654013684542,mri_2,-0.1593833627176181
23U-3,200,-0.1550206696409044,mri_2,-0.1546258942970663
23U-3,250,-0.1575691372634177,mri_2,-0.1570985177703806
23U-3,300,-0.1583173508418723,mri_2,-0.1575749677410538
23U-3,350,-0.1612677426473489,mri_2,-0.1604705127689392
23U-3,400,-0.1515592039594961,mri_2,-0.1503268906196624
23U-3,450,-0.1583496271547297,mri_2,-0.157029338752263
23U-3,50,-0.1377463279588282,mri_2,-0.1376240296813115
23U-3,500,-0.1655359897850766,mri_2,-0.1653437399110672
23U-4,100,-0.1388815890131724,mri_2,-0.1382963679480142
23U-4,150,-0.1405565782766085,mri_2,-0.1396799612960458
23U-4,200,-0.1440673820646586,mri_2,-0.1433308960184435
23U-4,250,-0.1492755950191528,mri_2,-0.1485380232083563
23U-4,300,-0.1470346939125903,mri_2,-0.1448361433013389
23U-4,350,-0.1434008561687451,mri_2,-0.1423282338367855
23U-4,400,-0.1402099526891514,mri_2,-0.1375340826290626
23U-4,450,-0.1437005303184226,mri_2,-0.1420556027108306
23U-4,50,-0.1243296210052958,mri_2,-0.1237861840919445
23U-4,500,-0.152434440416974,mri_2,-0.151498768962118
23U-5,100,-0.1500798965476755,mri_2,-0.149299063119797
23U-5,150,-0.1620415427842755,mri_2,-0.1613997086587327
23U-5,200,-0.1561554841173172,mri_2,-0.1553305551180203
23U-5,250,-0.1592262049456181,mri_2,-0.1581961372772356
23U-5,300,-0.1570144561321324,mri_2,-0.1545392383482488
23U-5,350,-0.1570860964676311,mri_2,-0.1548924282290265
23U-5,400,-0.149985439087968,mri_2,-0.1471763813521638
23U-5,450,-0.1518780112021777,mri_2,-0.1494813237237066
23U-5,50,-0.132614412056089,mri_2,-0.131988417253904
23U-5,500,-0.1697663790863888,mri_2,-0.1679094700731659
23U-1,100,-0.4118104128291768,mri_1,-0.1180032234686387
23U-1,150,-0.4535324316541092,mri_1,-0.1332804174499752
23U-1,200,-0.4333395108450629,mri_1,-0.1184181154612168
23U-1,250,-0.4298107453772402,mri_1,-0.1200163062751627
23U-1,300,-0.4329011062983049,mri_1,-0.1173652069534645
23U-1,350,-0.4232967062398705,mri_1,-0.1154704447871762
23U-1,400,-0.4195891716493062,mri_1,-0.1142668771242698
23U-1,450,-0.4212706904068087,mri_1,-0.1126390723997135
23U-1,50,-0.3724598113151416,mri_1,-0.1108785267000075
23U-1,500,-0.4446987992904895,mri_1,-0.1259232632938988
23U-2,100,-0.4033372750923525,mri_1,-0.1017484083484527
23U-2,150,-0.459687810381924,mri_1,-0.1130924755949268
23U-2,200,-0.4338655988209259,mri_1,-0.1065534018052026
23U-2,250,-0.4226220939187444,mri_1,-0.1066629188039613
23U-2,300,-0.4270523620601342,mri_1,-0.1062065400061494
23U-2,350,-0.4241257409050027,mri_1,-0.106488435072213
23U-2,400,-0.4112888458540569,mri_1,-0.105988913710141
23U-2,450,-0.4244494806317588,mri_1,-0.1031630831275121
23U-2,50,-0.3419084813568515,mri_1,-0.0915159958324479
23U-2,500,-0.4473096168373112,mri_1,-0.1109973849186121
23U-3,100,-0.4195731488877802,mri_1,-0.1482328659072151
23U-3,150,-0.4637848459468155,mri_1,-0.1582038586896839
23U-3,200,-0.4426194074199788,mri_1,-0.1530766980868829
23U-3,250,-0.4426211740009129,mri_1,-0.1556201743605588
23U-3,300,-0.4370637984422317,mri_1,-0.153665784275805
23U-3,350,-0.4324353375355826,mri_1,-0.1593656287638517
23U-3,400,-0.418938915460665,mri_1,-0.1475037881697172
23U-3,450,-0.4265990117826247,mri_1,-0.152804860396366
23U-3,50,-0.3736738110191608,mri_1,-0.1362803256032687
23U-3,500,-0.4569100066641976,mri_1,-0.1633399648682129
23U-3,100,-0.3938809346625724,mri_2,-0.1487714872380139
23U-3,150,-0.434736133262595,mri_2,-0.1593833627176181
23U-3,200,-0.4226809517819591,mri_2,-0.1546258942970663
23U-3,250,-0.4272274127786203,mri_2,-0.1570985177703806
23U-3,300,-0.4223570295909643,mri_2,-0.1575749677410538
23U-3,350,-0.4237718603747136,mri_2,-0.1604705127689392
23U-3,400,-0.4106710331558717,mri_2,-0.1503268906196624
23U-3,450,-0.42470575602388,mri_2,-0.157029338752263
23U-3,50,-0.3493448072632608,mri_2,-0.1376240296813115
23U-3,500,-0.4286779298189656,mri_2,-0.1653437399110672
23U-4,100,-0.3832088016910313,mri_2,-0.1382963679480142
23U-4,150,-0.4248286216994711,mri_2,-0.1396799612960458
23U-4,200,-0.404240590609552,mri_2,-0.1433308960184435
23U-4,250,-0.4016786196467634,mri_2,-0.1485380232083563
23U-4,300,-0.4003811231397983,mri_2,-0.1448361433013389
23U-4,350,-0.3912716481183122,mri_2,-0.1423282338367855
23U-4,400,-0.3875264139872468,mri_2,-0.1375340826290626
23U-4,450,-0.3937402785576794,mri_2,-0.1420556027108306
23U-4,50,-0.3388456096171586,mri_2,-0.1237861840919445
23U-4,500,-0.407866047524178,mri_2,-0.151498768962118
23U-5,100,-0.3775594512541171,mri_2,-0.149299063119797
23U-5,150,-0.419285624487367,mri_2,-0.1613997086587327
23U-5,200,-0.3911030075148632,mri_2,-0.1553305551180203
23U-5,250,-0.3884367302440878,mri_2,-0.1581961372772356
23U-5,300,-0.3883314483199191,mri_2,-0.1545392383482488
23U-5,350,-0.3779637713544075,mri_2,-0.1548924282290265
23U-5,400,-0.3721345636949275,mri_2,-0.1471763813521638
23U-5,450,-0.3736917918810156,mri_2,-0.1494813237237066
23U-5,50,-0.3349830136403553,mri_2,-0.131988417253904
23U-5,500,-0.4023891245954653,mri_2,-0.1679094700731659
23W-1,100,-0.0640919074010822,mri_1,-0.1002412681132083
23W-1,150,-0.1090419806877194,mri_1,-0.1143301765034383
23W-1,200,-0.0885897723365186,mri_1,-0.1151136362890062
23W-1,250,-0.0921427313139584,mri_1,-0.1162645693794672
23W-1,300,-0.098282395852891,mri_1,-0.1117607468650754
23W-1,350,-0.1082561570708682,mri_1,-0.1142404666855985
23W-1,400,-0.1071244699729077,mri_1,-0.109438680271521
23W-1,450,-0.1166565349405984,mri_1,-0.103793159614217
23W-1,50,-0.0482801809766652,mri_1,-0.0840514114257325
23W-1,500,-0.1150657412532021,mri_1,-0.1246149087852768
23W-2,100,-0.258577470976273,mri_1,-0.0720484740495049
23W-2,150,-0.3696992890932559,mri_1,-0.0824623929122786
23W-2,200,-0.2857806730143646,mri_1,-0.0778331013902384
23W-2,250,-0.3083879125383596,mri_1,-0.083944524538058
23W-2,300,-0.2894993468210663,mri_1,-0.0785657966976027
23W-2,350,-0.2977617213150559,mri_1,-0.0735892348315736
23W-2,400,-0.3112360187113949,mri_1,-0.0802912694521008
23W-2,450,-0.3210708783068886,mri_1,-0.0791801863416077
23W-2,50,-0.213383142402795,mri_1,-0.0615882904447878
23W-2,500,-0.3168413892913437,mri_1,-0.0790932598365463
23W-3,100,-0.2290844396064259,mri_1,-0.11560433977273
23W-3,150,-0.2786238688253579,mri_1,-0.1255057340742882
23W-3,200,-0.2621000894755154,mri_1,-0.1303972933353363
23W-3,250,-0.26521107708805,mri_1,-0.121481786724832
23W-3,300,-0.279998355353644,mri_1,-0.1343430789009259
23W-3,350,-0.2862721673166022,mri_1,-0.1421729033173448
23W-3,400,-0.2861359219722614,mri_1,-0.1318974172824967
23W-3,450,-0.2970094075746212,mri_1,-0.1418457352292749
23W-3,50,-0.1817628676578958,mri_1,-0.0989168149614676
23W-3,500,-0.3051864079153877,mri_1,-0.1276492429155672
23W-3,100,-0.2971802677898003,mri_2,-0.106590873354159
23W-3,150,-0.3587684916243325,mri_2,-0.1152433706688148
23W-3,200,-0.3323259955023102,mri_2,-0.121953267672301
23W-3,250,-0.3600410428799014,mri_2,-0.1136364809730586
23W-3,300,-0.3566655751356568,mri_2,-0.1260371655266961
23W-3,350,-0.3578696634345447,mri_2,-0.1348117333446475
23W-3,400,-0.3649582479452656,mri_2,-0.1217521085567888
23W-3,450,-0.3663439745374706,mri_2,-0.1343569691554421
23W-3,50,-0.2297458957331866,mri_2,-0.0914355280887141
23W-3,500,-0.3764749447439258,mri_2,-0.1229011237255015
23W-4,100,-0.319267347437586,mri_2,-0.0532171243864196
23W-4,150,-0.4097735296611332,mri_2,-0.0622073980709731
23W-4,200,-0.3677006987732554,mri_2,-0.0590561314843803
23W-4,250,-0.3741583505330152,mri_2,-0.0578064215052991
23W-4,300,-0.382344880020143,mri_2,-0.0573070091251571
23W-4,350,-0.3673569099159986,mri_2,-0.0563541133081699
23W-4,400,-0.3775870179861714,mri_2,-0.0554952658552346
23W-4,450,-0.3809942135787184,mri_2,-0.0553862570149783
23W-4,50,-0.2713898530917995,mri_2,-0.0483985224249254
23W-4,500,-0.3942242869288161,mri_2,-0.0657377294013608
23W-5,100,-0.2612748857537895,mri_2,-0.05573716459384
23W-5,150,-0.3429235537188126,mri_2,-0.0632945110725807
23W-5,200,-0.3058839667570439,mri_2,-0.0635205051998671
23W-5,250,-0.3273051536257099,mri_2,-0.0622220004174559
23W-5,300,-0.3374205145049353,mri_2,-0.0648792679722476
23W-5,350,-0.3368111459414586,mri_2,-0.0695615787461827
23W-5,400,-0.349008504162523,mri_2,-0.0681038608572344
23W-5,450,-0.3542890559940971,mri_2,-0.067836619443141
23W-5,50,-0.2108438860592456,mri_2,-0.0473486590072238
23W-5,500,-0.3609948902810607,mri_2,-0.0781423001966518
23W-1,100,-0.2724569514497801,mri_1,-0.1002412681132083
23W-1,150,-0.3919032562650391,mri_1,-0.1143301765034383
23W-1,200,-0.3268471570866147,mri_1,-0.1151136362890062
23W-1,250,-0.332366868217563,mri_1,-0.1162645693794672
23W-1,300,-0.330512910052347,mri_1,-0.1117607468650754
23W-1,350,-0.3495662226254537,mri_1,-0.1142404666855985
23W-1,400,-0.3364758978144802,mri_1,-0.109438680271521
23W-1,450,-0.3369606442163058,mri_1,-0.103793159614217
23W-1,50,-0.2212089976901891,mri_1,-0.0840514114257325
23W-1,500,-0.3701574712975211,mri_1,-0.1246149087852768
23W-2,100,-0.2075250489389667,mri_1,-0.0720484740495049
23W-2,150,-0.3000536391397652,mri_1,-0.0824623929122786
23W-2,200,-0.233208920276164,mri_1,-0.0778331013902384
23W-2,250,-0.2470010847489076,mri_1,-0.083944524538058
23W-2,300,-0.2482623951386654,mri_1,-0.0785657966976027
23W-2,350,-0.2563510443474864,mri_1,-0.0735892348315736
23W-2,400,-0.2596781885642992,mri_1,-0.0802912694521008
23W-2,450,-0.2708485067760343,mri_1,-0.0791801863416077
23W-2,50,-0.1708170788454186,mri_1,-0.0615882904447878
23W-2,500,-0.2652318179284824,mri_1,-0.0790932598365463
23W-3,100,-0.27354731180896,mri_1,-0.11560433977273
23W-3,150,-0.340795299946278,mri_1,-0.1255057340742882
23W-3,200,-0.3098954286461435,mri_1,-0.1303972933353363
23W-3,250,-0.3263264101029569,mri_1,-0.121481786724832
23W-3,300,-0.334394444143579,mri_1,-0.1343430789009259
23W-3,350,-0.3371431252056249,mri_1,-0.1421729033173448
23W-3,400,-0.344749528513935,mri_1,-0.1318974172824967
23W-3,450,-0.3495250046010618,mri_1,-0.1418457352292749
23W-3,50,-0.2095835416857283,mri_1,-0.0989168149614676
23W-3,500,-0.3656380331721434,mri_1,-0.1276492429155672
23W-3,100,-0.2971802677898003,mri_2,-0.106590873354159
23W-3,150,-0.3587684916243325,mri_2,-0.1152433706688148
23W-3,200,-0.3323259955023102,mri_2,-0.121953267672301
23W-3,250,-0.3600410428799014,mri_2,-0.1136364809730586
23W-3,300,-0.3566655751356568,mri_2,-0.1260371655266961
23W-3,350,-0.3578696634345447,mri_2,-0.1348117333446475
23W-3,400,-0.3649582479452656,mri_2,-0.1217521085567888
23W-3,450,-0.3663439745374706,mri_2,-0.1343569691554421
23W-3,50,-0.2297458957331866,mri_2,-0.0914355280887141
23W-3,500,-0.3764749447439258,mri_2,-0.1229011237255015
23W-4,100,-0.3119225012227867,mri_2,-0.0532171243864196
23W-4,150,-0.3992405307487237,mri_2,-0.0622073980709731
23W-4,200,-0.3551781843601816,mri_2,-0.0590561314843803
23W-4,250,-0.3574030069192206,mri_2,-0.0578064215052991
23W-4,300,-0.3642886630058315,mri_2,-0.0573070091251571
23W-4,350,-0.346748142780843,mri_2,-0.0563541133081699
23W-4,400,-0.354791527230074,mri_2,-0.0554952658552346
23W-4,450,-0.35926385119215,mri_2,-0.0553862570149783
23W-4,50,-0.268488648001901,mri_2,-0.0483985224249254
23W-4,500,-0.3814487539424757,mri_2,-0.0657377294013608
23W-5,100,-0.2612748857537895,mri_2,-0.05573716459384
23W-5,150,-0.3429235537188126,mri_2,-0.0632945110725807
23W-5,200,-0.3058839667570439,mri_2,-0.0635205051998671
23W-5,250,-0.3273051536257099,mri_2,-0.0622220004174559
23W-5,300,-0.3374205145049353,mri_2,-0.0648792679722476
23W-5,350,-0.3368111459414586,mri_2,-0.0695615787461827
23W-5,400,-0.349008504162523,mri_2,-0.0681038608572344
23W-5,450,-0.3542890559940971,mri_2,-0.067836619443141
23W-5,50,-0.2108438860592456,mri_2,-0.0473486590072238
23W-5,500,-0.3609948902810607,mri_2,-0.0781423001966518
23W-1,100,-0.2999832461147635,mri_1,-0.1002412681132083
23W-1,150,-0.4357202025429508,mri_1,-0.1143301765034383
23W-1,200,-0.3632764922870111,mri_1,-0.1151136362890062
23W-1,250,-0.3736388597871907,mri_1,-0.1162645693794672
23W-1,300,-0.3642723419759911,mri_1,-0.1117607468650754
23W-1,350,-0.3835859315046894,mri_1,-0.1142404666855985
23W-1,400,-0.3687451295897667,mri_1,-0.109438680271521
23W-1,450,-0.3676284142931396,mri_1,-0.103793159614217
23W-1,50,-0.2407792811030788,mri_1,-0.0840514114257325
23W-1,500,-0.4003475440936538,mri_1,-0.1246149087852768
23W-2,100,-0.2894225787774467,mri_1,-0.0720484740495049
23W-2,150,-0.4193597224561676,mri_1,-0.0824623929122786
23W-2,200,-0.3211888278845404,mri_1,-0.0778331013902384
23W-2,250,-0.3450474932380218,mri_1,-0.083944524538058
23W-2,300,-0.3266350350191929,mri_1,-0.0785657966976027
23W-2,350,-0.3354480535073557,mri_1,-0.0735892348315736
23W-2,400,-0.3487236253980222,mri_1,-0.0802912694521008
23W-2,450,-0.3612385468019067,mri_1,-0.0791801863416077
23W-2,50,-0.2365593672335688,mri_1,-0.0615882904447878
23W-2,500,-0.3540418516018587,mri_1,-0.0790932598365463
23W-3,100,-0.3127461331117155,mri_1,-0.11560433977273
23W-3,150,-0.4295119212448169,mri_1,-0.1255057340742882
23W-3,200,-0.3463237946580171,mri_1,-0.1303972933353363
23W-3,250,-0.3468743424640834,mri_1,-0.121481786724832
23W-3,300,-0.3675824554837654,mri_1,-0.1343430789009259
23W-3,350,-0.3674501989536015,mri_1,-0.1421729033173448
23W-3,400,-0.365243823621752,mri_1,-0.1318974172824967
23W-3,450,-0.376004428386519,mri_1,-0.1418457352292749
23W-3,50,-0.2582393299322536,mri_1,-0.0989168149614676
23W-3,500,-0.356356235013221,mri_1,-0.1276492429155672
23W-3,100,-0.3029819554522805,mri_2,-0.106590873354159
23W-3,150,-0.4221866024639731,mri_2,-0.1152433706688148
23W-3,200,-0.3361755450364313,mri_2,-0.121953267672301
23W-3,250,-0.3303463621697978,mri_2,-0.1136364809730586
23W-3,300,-0.3563967726827224,mri_2,-0.1260371655266961
23W-3,350,-0.3543772084363264,mri_2,-0.1348117333446475
23W-3,400,-0.3521470928463306,mri_2,-0.1217521085567888
23W-3,450,-0.3630494860627174,mri_2,-0.1343569691554421
23W-3,50,-0.2427061709517359,mri_2,-0.0914355280887141
23W-3,500,-0.3462103900955723,mri_2,-0.1229011237255015
23W-4,100,-0.3256254229449933,mri_2,-0.0532171243864196
23W-4,150,-0.4193306086642587,mri_2,-0.0622073980709731
23W-4,200,-0.3734430765236169,mri_2,-0.0590561314843803
23W-4,250,-0.3752475713623346,mri_2,-0.0578064215052991
23W-4,300,-0.3840100936327193,mri_2,-0.0573070091251571
23W-4,350,-0.3633176930555651,mri_2,-0.0563541133081699
23W-4,400,-0.3719031641550103,mri_2,-0.0554952658552346
23W-4,450,-0.3778496424248871,mri_2,-0.0553862570149783
23W-4,50,-0.2824068439923226,mri_2,-0.0483985224249254
23W-4,500,-0.3959689388359194,mri_2,-0.0657377294013608
23W-5,100,-0.3067372816951252,mri_2,-0.05573716459384
23W-5,150,-0.4129559808974982,mri_2,-0.0632945110725807
23W-5,200,-0.3553892364040877,mri_2,-0.0635205051998671
23W-5,250,-0.364148058551641,mri_2,-0.0622220004174559
23W-5,300,-0.3725951630164613,mri_2,-0.0648792679722476
23W-5,350,-0.3813570026033533,mri_2,-0.0695615787461827
23W-5,400,-0.3895562486356315,mri_2,-0.0681038608572344
23W-5,450,-0.3769654654168088,mri_2,-0.067836619443141
23W-5,50,-0.2631812719929172,mri_2,-0.0473486590072238
23W-5,500,-0.3832091713356516,mri_2,-0.0781423001966518
23W-1,100,-0.1005531193794343,mri_1,-0.1002412681132083
23W-1,150,-0.1142732584368149,mri_1,-0.1143301765034383
23W-1,200,-0.1151355072631109,mri_1,-0.1151136362890062
23W-1,250,-0.1158468076050389,mri_1,-0.1162645693794672
23W-1,300,-0.1118343782301945,mri_1,-0.1117607468650754
23W-1,350,-0.1140788946785579,mri_1,-0.1142404666855985
23W-1,400,-0.1095285922799968,mri_1,-0.109438680271521
23W-1,450,-0.1042724170374541,mri_1,-0.103793159614217
23W-1,50,-0.0841524597451461,mri_1,-0.0840514114257325
23W-1,500,-0.1238969037747973,mri_1,-0.1246149087852768
23W-2,100,-0.0722991433565253,mri_1,-0.0720484740495049
23W-2,150,-0.0823878523349642,mri_1,-0.0824623929122786
23W-2,200,-0.0780158724319509,mri_1,-0.0778331013902384
23W-2,250,-0.0841225870823491,mri_1,-0.083944524538058
23W-2,300,-0.0787914850692728,mri_1,-0.0785657966976027
23W-2,350,-0.0739558825472781,mri_1,-0.0735892348315736
23W-2,400,-0.0801944889052391,mri_1,-0.0802912694521008
23W-2,450,-0.0789424800500907,mri_1,-0.0791801863416077
23W-2,50,-0.0614751146825019,mri_1,-0.0615882904447878
23W-2,500,-0.0787961161360215,mri_1,-0.0790932598365463
23W-3,100,-0.1159340587081267,mri_1,-0.11560433977273
23W-3,150,-0.1236847069961792,mri_1,-0.1255057340742882
23W-3,200,-0.1293999472946852,mri_1,-0.1303972933353363
23W-3,250,-0.1218419055917586,mri_1,-0.121481786724832
23W-3,300,-0.1331804208282545,mri_1,-0.1343430789009259
23W-3,350,-0.1400356706536394,mri_1,-0.1421729033173448
23W-3,400,-0.1313382219761145,mri_1,-0.1318974172824967
23W-3,450,-0.1396865158292,mri_1,-0.1418457352292749
23W-3,50,-0.0991082138131403,mri_1,-0.0989168149614676
23W-3,500,-0.1271035893650651,mri_1,-0.1276492429155672
23W-3,100,-0.1068090544663476,mri_2,-0.106590873354159
23W-3,150,-0.1132242350778853,mri_2,-0.1152433706688148
23W-3,200,-0.1209523391557837,mri_2,-0.121953267672301
23W-3,250,-0.113800442565337,mri_2,-0.1136364809730586
23W-3,300,-0.1241429270612682,mri_2,-0.1260371655266961
23W-3,350,-0.1317809598206481,mri_2,-0.1348117333446475
23W-3,400,-0.1214519117157291,mri_2,-0.1217521085567888
23W-3,450,-0.1315239113476078,mri_2,-0.1343569691554421
23W-3,50,-0.0916642262448106,mri_2,-0.0914355280887141
23W-3,500,-0.1214153444234967,mri_2,-0.1229011237255015
23W-4,100,-0.0532191131206619,mri_2,-0.0532171243864196
23W-4,150,-0.0622223885079744,mri_2,-0.0622073980709731
23W-4,200,-0.0590796445285746,mri_2,-0.0590561314843803
23W-4,250,-0.0577806017879273,mri_2,-0.0578064215052991
23W-4,300,-0.0573479426221865,mri_2,-0.0573070091251571
23W-4,350,-0.0562922502730281,mri_2,-0.0563541133081699
23W-4,400,-0.0554628761315658,mri_2,-0.0554952658552346
23W-4,450,-0.0555898805849185,mri_2,-0.0553862570149783
23W-4,50,-0.0483106577417124,mri_2,-0.0483985224249254
23W-4,500,-0.0651614167433974,mri_2,-0.0657377294013608
23W-5,100,-0.0562744239783075,mri_2,-0.05573716459384
23W-5,150,-0.0639006282576426,mri_2,-0.0632945110725807
23W-5,200,-0.0641275391826039,mri_2,-0.0635205051998671
23W-5,250,-0.0634654316555405,mri_2,-0.0622220004174559
23W-5,300,-0.0659870091567583,mri_2,-0.0648792679722476
23W-5,350,-0.0700300749432513,mri_2,-0.0695615787461827
23W-5,400,-0.0695111308420239,mri_2,-0.0681038608572344
23W-5,450,-0.0686552588346486,mri_2,-0.067836619443141
23W-5,50,-0.0474665235228132,mri_2,-0.0473486590072238
23W-5,500,-0.0771008888551793,mri_2,-0.0781423001966518
23W-1,100,-0.297476585540587,mri_1,-0.1002412681132083
23W-1,150,-0.4271686070628847,mri_1,-0.1143301765034383
23W-1,200,-0.3583188758214743,mri_1,-0.1151136362890062
23W-1,250,-0.3622922212589561,mri_1,-0.1162645693794672
23W-1,300,-0.3550367129067446,mri_1,-0.1117607468650754
23W-1,350,-0.3729901572879886,mri_1,-0.1142404666855985
23W-1,400,-0.3585703152704212,mri_1,-0.109438680271521
23W-1,450,-0.3573385664152956,mri_1,-0.103793159614217
23W-1,50,-0.2384435071825056,mri_1,-0.0840514114257325
23W-1,500,-0.3922476303734818,mri_1,-0.1246149087852768
23W-2,100,-0.294570527164098,mri_1,-0.0720484740495049
23W-2,150,-0.4304986360524083,mri_1,-0.0824623929122786
23W-2,200,-0.3266040780340509,mri_1,-0.0778331013902384
23W-2,250,-0.350087154188447,mri_1,-0.083944524538058
23W-2,300,-0.3365160594346116,mri_1,-0.0785657966976027
23W-2,350,-0.3445551136183811,mri_1,-0.0735892348315736
23W-2,400,-0.3583076112716074,mri_1,-0.0802912694521008
23W-2,450,-0.3692305613015293,mri_1,-0.0791801863416077
23W-2,50,-0.2383339162169581,mri_1,-0.0615882904447878
23W-2,500,-0.361469214413517,mri_1,-0.0790932598365463
23W-3,100,-0.3211177313133233,mri_1,-0.11560433977273
23W-3,150,-0.4388663429315838,mri_1,-0.1255057340742882
23W-3,200,-0.3572736616233778,mri_1,-0.1303972933353363
23W-3,250,-0.3591321447982356,mri_1,-0.121481786724832
23W-3,300,-0.3786255127169349,mri_1,-0.1343430789009259
23W-3,350,-0.3774504251756773,mri_1,-0.1421729033173448
23W-3,400,-0.3777509782203246,mri_1,-0.1318974172824967
23W-3,450,-0.3874232513216268,mri_1,-0.1418457352292749
23W-3,50,-0.2556721488861409,mri_1,-0.0989168149614676
23W-3,500,-0.3680527811756248,mri_1,-0.1276492429155672
23W-3,100,-0.2991608518693853,mri_2,-0.106590873354159
23W-3,150,-0.4121647842916417,mri_2,-0.1152433706688148
23W-3,200,-0.3282902718876506,mri_2,-0.121953267672301
23W-3,250,-0.3269501598690527,mri_2,-0.1136364809730586
23W-3,300,-0.3502857460831953,mri_2,-0.1260371655266961
23W-3,350,-0.3482510676485718,mri_2,-0.1348117333446475
23W-3,400,-0.3462655775936235,mri_2,-0.1217521085567888
23W-3,450,-0.3524529723171449,mri_2,-0.1343569691554421
23W-3,50,-0.248216074887271,mri_2,-0.0914355280887141
23W-3,500,-0.3403899217992848,mri_2,-0.1229011237255015
23W-4,100,-0.3284318881236329,mri_2,-0.0532171243864196
23W-4,150,-0.4270823143242819,mri_2,-0.0622073980709731
23W-4,200,-0.3754448810185269,mri_2,-0.0590561314843803
23W-4,250,-0.3734567083606719,mri_2,-0.0578064215052991
23W-4,300,-0.3851737467845634,mri_2,-0.0573070091251571
23W-4,350,-0.3716376808223712,mri_2,-0.0563541133081699
23W-4,400,-0.3722571937287448,mri_2,-0.0554952658552346
23W-4,450,-0.383497996273343,mri_2,-0.0553862570149783
23W-4,50,-0.2823130984782018,mri_2,-0.0483985224249254
23W-4,500,-0.3931682833609473,mri_2,-0.0657377294013608
23W-5,100,-0.3161574681301514,mri_2,-0.05573716459384
23W-5,150,-0.4171680665516405,mri_2,-0.0632945110725807
23W-5,200,-0.3648616497993904,mri_2,-0.0635205051998671
23W-5,250,-0.3703390980729675,mri_2,-0.0622220004174559
23W-5,300,-0.3758862093579899,mri_2,-0.0648792679722476
23W-5,350,-0.3864815728037728,mri_2,-0.0695615787461827
23W-5,400,-0.3957507080741102,mri_2,-0.0681038608572344
23W-5,450,-0.3826819685836757,mri_2,-0.067836619443141
23W-5,50,-0.2655958009008044,mri_2,-0.0473486590072238
23W-5,500,-0.3917650595852462,mri_2,-0.0781423001966518
23X-1,100,-0.2414059946259436,mri_1,-0.1357729207879519
23X-1,150,-0.2962720400461367,mri_1,-0.1687119241831342
23X-1,200,-0.2802445827145025,mri_1,-0.1451936495820649
23X-1,250,-0.2847661267166753,mri_1,-0.1506620364897418
23X-1,300,-0.2899766706065466,mri_1,-0.1401785954475056
23X-1,350,-0.3023195465921066,mri_1,-0.1419677734758875
23X-1,400,-0.3010462464640224,mri_1,-0.1394250050963135
23X-1,450,-0.3060228362817876,mri_1,-0.1326297398198315
23X-1,50,-0.1910008905463817,mri_1,-0.113213087484527
23X-1,500,-0.309772643023184,mri_1,-0.1499646365078282
23X-2,100,-0.1683236425683121,mri_1,-0.1419969894928716
23X-2,150,-0.2513003964549279,mri_1,-0.1892306512197129
23X-2,200,-0.2006797598661686,mri_1,-0.171105556953054
23X-2,250,-0.2273558693298985,mri_1,-0.1762849865274872
23X-2,300,-0.2282147249344923,mri_1,-0.1834017766155911
23X-2,350,-0.2343694453166028,mri_1,-0.1911399716412729
23X-2,400,-0.2451211100155387,mri_1,-0.1884179526147119
23X-2,450,-0.2635634967271059,mri_1,-0.1977414224626262
23X-2,50,-0.1324687006451639,mri_1,-0.1155456823932394
23X-2,500,-0.2697304534707649,mri_1,-0.1966308840701789
23X-3,100,-0.0133720086642437,mri_1,-0.0180508369835809
23X-3,150,-0.0170390465431987,mri_1,-0.0241804173902013
23X-3,200,-0.0145546899806946,mri_1,-0.0197178470372903
23X-3,250,-0.0148324409071396,mri_1,-0.0200935377039523
23X-3,300,-0.0154778662487658,mri_1,-0.0194694361935728
23X-3,350,-0.0155019795968704,mri_1,-0.0175946827916874
23X-3,400,-0.0160661125592614,mri_1,-0.019339817740945
23X-3,450,-0.0178274542488211,mri_1,-0.0192569317098936
23X-3,50,-0.0113439085160209,mri_1,-0.0165399001580097
23X-3,500,-0.0168756850871542,mri_1,-0.018711338598576
23X-3,100,-0.1343193862108185,mri_2,-0.0196462061058679
23X-3,150,-0.1695363404937613,mri_2,-0.0262536158546031
23X-3,200,-0.149844519801107,mri_2,-0.0213170157820182
23X-3,250,-0.1548042573976434,mri_2,-0.0219143472281906
23X-3,300,-0.1553043847410923,mri_2,-0.0220523226706032
23X-3,350,-0.1524573800352059,mri_2,-0.0194941271039563
23X-3,400,-0.1584906400350322,mri_2,-0.0217449085604628
23X-3,450,-0.1621918870388599,mri_2,-0.0211367827510743
23X-3,50,-0.1184119348190968,mri_2,-0.0181485693270384
23X-3,500,-0.1578889304236169,mri_2,-0.0210149490911127
23X-4,100,-0.2379929865919075,mri_2,-0.1248067475890791
23X-4,150,-0.38913637252702,mri_2,-0.1608628798526269
23X-4,200,-0.3073330322276562,mri_2,-0.1438808748027639
23X-4,250,-0.3287057053784601,mri_2,-0.1508106220459114
23X-4,300,-0.3356850009814059,mri_2,-0.1449052727336594
23X-4,350,-0.3565190249405788,mri_2,-0.1473302986140368
23X-4,400,-0.3671403638708415,mri_2,-0.1456825159343032
23X-4,450,-0.3689385975334306,mri_2,-0.1373344500343427
23X-4,50,-0.1857093054347632,mri_2,-0.1041725769040553
23X-4,500,-0.371887647561622,mri_2,-0.1520708148754124
23X-5,100,-0.0784735683738324,mri_2,-0.0943192686872504
23X-5,150,-0.1100244924707678,mri_2,-0.1368002508751777
23X-5,200,-0.0893138757440952,mri_2,-0.1040959049060037
23X-5,250,-0.0900722331595544,mri_2,-0.1090508028981698
23X-5,300,-0.0911573147896434,mri_2,-0.1066695384220695
23X-5,350,-0.0939328484425118,mri_2,-0.111369435955458
23X-5,400,-0.0931111657793518,mri_2,-0.107712997075889
23X-5,450,-0.0992737695769991,mri_2,-0.1171655998517468
23X-5,50,-0.0642422378495479,mri_2,-0.0782987499707729
23X-5,500,-0.0964565823909903,mri_2,-0.1137864321302238
23X-1,100,-0.343178680617826,mri_1,-0.1357729207879519
23X-1,150,-0.4417138666736763,mri_1,-0.1687119241831342
23X-1,200,-0.3958006338912803,mri_1,-0.1451936495820649
23X-1,250,-0.3998808325480169,mri_1,-0.1506620364897418
23X-1,300,-0.4049045874023949,mri_1,-0.1401785954475056
23X-1,350,-0.4158965098486256,mri_1,-0.1419677734758875
23X-1,400,-0.3982845570615043,mri_1,-0.1394250050963135
23X-1,450,-0.3883150253615356,mri_1,-0.1326297398198315
23X-1,50,-0.2648239028507586,mri_1,-0.113213087484527
23X-1,500,-0.4036813062592599,mri_1,-0.1499646365078282
23X-2,100,-0.0141922022347022,mri_1,-0.1419969894928716
23X-2,150,-0.0247953596019005,mri_1,-0.1892306512197129
23X-2,200,-0.0191452096706153,mri_1,-0.171105556953054
23X-2,250,-0.0189099585141127,mri_1,-0.1762849865274872
23X-2,300,-0.0236478496204293,mri_1,-0.1834017766155911
23X-2,350,-0.0192715109711879,mri_1,-0.1911399716412729
23X-2,400,-0.0214608303040228,mri_1,-0.1884179526147119
23X-2,450,-0.0245742545305869,mri_1,-0.1977414224626262
23X-2,50,-0.0113009598145043,mri_1,-0.1155456823932394
23X-2,500,-0.0217740609660028,mri_1,-0.1966308840701789
23X-3,100,-0.1732663120788886,mri_1,-0.0180508369835809
23X-3,150,-0.2179248710176539,mri_1,-0.0241804173902013
23X-3,200,-0.1943371999103303,mri_1,-0.0197178470372903
23X-3,250,-0.2007720822456747,mri_1,-0.0200935377039523
23X-3,300,-0.2011289805316174,mri_1,-0.0194694361935728
23X-3,350,-0.1973282266260869,mri_1,-0.0175946827916874
23X-3,400,-0.2042369010918759,mri_1,-0.019339817740945
23X-3,450,-0.2098250651055803,mri_1,-0.0192569317098936
23X-3,50,-0.1529615822405732,mri_1,-0.0165399001580097
23X-3,500,-0.2023740951567556,mri_1,-0.018711338598576
23X-3,100,-0.0970577129099636,mri_2,-0.0196462061058679
23X-3,150,-0.1259620667167469,mri_2,-0.0262536158546031
23X-3,200,-0.1095772460262506,mri_2,-0.0213170157820182
23X-3,250,-0.1127915667602356,mri_2,-0.0219143472281906
23X-3,300,-0.1124072083202559,mri_2,-0.0220523226706032
23X-3,350,-0.121631511732108,mri_2,-0.0194941271039563
23X-3,400,-0.1160652142144863,mri_2,-0.0217449085604628
23X-3,450,-0.1254992034044951,mri_2,-0.0211367827510743
23X-3,50,-0.0846086657995808,mri_2,-0.0181485693270384
23X-3,500,-0.1195629162528892,mri_2,-0.0210149490911127
23X-4,100,-0.2764065099717155,mri_2,-0.1248067475890791
23X-4,150,-0.4570043697411876,mri_2,-0.1608628798526269
23X-4,200,-0.3516395569737395,mri_2,-0.1438808748027639
23X-4,250,-0.3703942076031916,mri_2,-0.1508106220459114
23X-4,300,-0.3728924740489018,mri_2,-0.1449052727336594
23X-4,350,-0.3914298931841261,mri_2,-0.1473302986140368
23X-4,400,-0.3953490473203877,mri_2,-0.1456825159343032
23X-4,450,-0.3777216573398693,mri_2,-0.1373344500343427
23X-4,50,-0.217988737107947,mri_2,-0.1041725769040553
23X-4,500,-0.4033528267975276,mri_2,-0.1520708148754124
23X-5,100,-0.0971100512581828,mri_2,-0.0943192686872504
23X-5,150,-0.1473177569601131,mri_2,-0.1368002508751777
23X-5,200,-0.1090687523623123,mri_2,-0.1040959049060037
23X-5,250,-0.1126218476669471,mri_2,-0.1090508028981698
23X-5,300,-0.1140276358626963,mri_2,-0.1066695384220695
23X-5,350,-0.115888117446753,mri_2,-0.111369435955458
23X-5,400,-0.1155044000045875,mri_2,-0.107712997075889
23X-5,450,-0.1245528725219174,mri_2,-0.1171655998517468
23X-5,50,-0.0798283950133692,mri_2,-0.0782987499707729
23X-5,500,-0.1202438994122161,mri_2,-0.1137864321302238
23X-1,100,-0.3542295028895975,mri_1,-0.1357729207879519
23X-1,150,-0.4661031459898564,mri_1,-0.1687119241831342
23X-1,200,-0.4063041015999968,mri_1,-0.1451936495820649
23X-1,250,-0.4129159701358258,mri_1,-0.1506620364897418
23X-1,300,-0.4110114950568793,mri_1,-0.1401785954475056
23X-1,350,-0.4253513459391501,mri_1,-0.1419677734758875
23X-1,400,-0.4065070995885196,mri_1,-0.1394250050963135
23X-1,450,-0.3942662659581445,mri_1,-0.1326297398198315
23X-1,50,-0.2744980807127043,mri_1,-0.113213087484527
23X-1,500,-0.4193895324190168,mri_1,-0.1499646365078282
23X-2,100,-0.2724064184136592,mri_1,-0.1419969894928716
23X-2,150,-0.467412701974502,mri_1,-0.1892306512197129
23X-2,200,-0.3260318276707646,mri_1,-0.171105556953054
23X-2,250,-0.3298100856958391,mri_1,-0.1762849865274872
23X-2,300,-0.3408281774814409,mri_1,-0.1834017766155911
23X-2,350,-0.352723761114218,mri_1,-0.1911399716412729
23X-2,400,-0.3480529932882836,mri_1,-0.1884179526147119
23X-2,450,-0.3828983857353248,mri_1,-0.1977414224626262
23X-2,50,-0.2186352708435502,mri_1,-0.1155456823932394
23X-2,500,-0.4058517152020198,mri_1,-0.1966308840701789
23X-3,100,-0.2123750387128241,mri_1,-0.0180508369835809
23X-3,150,-0.2668734397297963,mri_1,-0.0241804173902013
23X-3,200,-0.2386314217296146,mri_1,-0.0197178470372903
23X-3,250,-0.2443349040849507,mri_1,-0.0200935377039523
23X-3,300,-0.2426501780284293,mri_1,-0.0194694361935728
23X-3,350,-0.2336531061419199,mri_1,-0.0175946827916874
23X-3,400,-0.2457654537077861,mri_1,-0.019339817740945
23X-3,450,-0.2449073740505669,mri_1,-0.0192569317098936
23X-3,50,-0.1855340295252273,mri_1,-0.0165399001580097
23X-3,500,-0.2396860469470652,mri_1,-0.018711338598576
23X-3,100,-0.2905665761062833,mri_2,-0.0196462061058679
23X-3,150,-0.3803889894287368,mri_2,-0.0262536158546031
23X-3,200,-0.3267598494473024,mri_2,-0.0213170157820182
23X-3,250,-0.3360974801621274,mri_2,-0.0219143472281906
23X-3,300,-0.3305016813935669,mri_2,-0.0220523226706032
23X-3,350,-0.3240945881611832,mri_2,-0.0194941271039563
23X-3,400,-0.3320286321413837,mri_2,-0.0217449085604628
23X-3,450,-0.3362085708507967,mri_2,-0.0211367827510743
23X-3,50,-0.2501799809368658,mri_2,-0.0181485693270384
23X-3,500,-0.3254787675410642,mri_2,-0.0210149490911127
23X-4,100,-0.2779029826679636,mri_2,-0.1248067475890791
23X-4,150,-0.461538731781774,mri_2,-0.1608628798526269
23X-4,200,-0.3460439625207774,mri_2,-0.1438808748027639
23X-4,250,-0.3651519551675998,mri_2,-0.1508106220459114
23X-4,300,-0.3556881361504173,mri_2,-0.1449052727336594
23X-4,350,-0.3758945326995592,mri_2,-0.1473302986140368
23X-4,400,-0.3738149876161801,mri_2,-0.1456825159343032
23X-4,450,-0.3559195692380975,mri_2,-0.1373344500343427
23X-4,50,-0.2242592966060084,mri_2,-0.1041725769040553
23X-4,500,-0.3896212562674778,mri_2,-0.1520708148754124
23X-5,100,-0.2773743044283569,mri_2,-0.0943192686872504
23X-5,150,-0.4377774620088809,mri_2,-0.1368002508751777
23X-5,200,-0.3149126876583176,mri_2,-0.1040959049060037
23X-5,250,-0.3249287371507809,mri_2,-0.1090508028981698
23X-5,300,-0.323938987210276,mri_2,-0.1066695384220695
23X-5,350,-0.3383319358325859,mri_2,-0.111369435955458
23X-5,400,-0.3355645721759236,mri_2,-0.107712997075889
23X-5,450,-0.3624064525953003,mri_2,-0.1171655998517468
23X-5,50,-0.2169523572842023,mri_2,-0.0782987499707729
23X-5,500,-0.3471811900040077,mri_2,-0.1137864321302238
23X-1,100,-0.1364935882201224,mri_1,-0.1357729207879519
23X-1,150,-0.1668981152066215,mri_1,-0.1687119241831342
23X-1,200,-0.1462447048141871,mri_1,-0.1451936495820649
23X-1,250,-0.1524019258428287,mri_1,-0.1506620364897418
23X-1,300,-0.141252269978084,mri_1,-0.1401785954475056
23X-1,350,-0.1448255298402948,mri_1,-0.1419677734758875
23X-1,400,-0.1415497823758576,mri_1,-0.1394250050963135
23X-1,450,-0.1352046617438831,mri_1,-0.1326297398198315
23X-1,50,-0.1135935476313786,mri_1,-0.113213087484527
23X-1,500,-0.1517131986528823,mri_1,-0.1499646365078282
23X-2,100,-0.1425842891453332,mri_1,-0.1419969894928716
23X-2,150,-0.1894942911663177,mri_1,-0.1892306512197129
23X-2,200,-0.1708745429325437,mri_1,-0.171105556953054
23X-2,250,-0.1768931152162755,mri_1,-0.1762849865274872
23X-2,300,-0.1835522187825509,mri_1,-0.1834017766155911
23X-2,350,-0.1904537297918248,mri_1,-0.1911399716412729
23X-2,400,-0.1891281164837681,mri_1,-0.1884179526147119
23X-2,450,-0.1985154212291767,mri_1,-0.1977414224626262
23X-2,50,-0.115965764022004,mri_1,-0.1155456823932394
23X-2,500,-0.1994412581585518,mri_1,-0.1966308840701789
23X-3,100,-0.0181180560545173,mri_1,-0.0180508369835809
23X-3,150,-0.0238094104712633,mri_1,-0.0241804173902013
23X-3,200,-0.0197149254181782,mri_1,-0.0197178470372903
23X-3,250,-0.0200941752293809,mri_1,-0.0200935377039523
23X-3,300,-0.0194789857058625,mri_1,-0.0194694361935728
23X-3,350,-0.0176206415300249,mri_1,-0.0175946827916874
23X-3,400,-0.0192390866464417,mri_1,-0.019339817740945
23X-3,450,-0.0189761506972801,mri_1,-0.0192569317098936
23X-3,50,-0.0165785091532452,mri_1,-0.0165399001580097
23X-3,500,-0.018481502455434,mri_1,-0.018711338598576
23X-3,100,-0.0196995616542592,mri_2,-0.0196462061058679
23X-3,150,-0.0259906596382644,mri_2,-0.0262536158546031
23X-3,200,-0.0212685240962946,mri_2,-0.0213170157820182
23X-3,250,-0.0218339319788051,mri_2,-0.0219143472281906
23X-3,300,-0.0219835201431914,mri_2,-0.0220523226706032
23X-3,350,-0.0195697911310952,mri_2,-0.0194941271039563
23X-3,400,-0.0215317584214541,mri_2,-0.0217449085604628
23X-3,450,-0.020739817803583,mri_2,-0.0211367827510743
23X-3,50,-0.0181982301143245,mri_2,-0.0181485693270384
23X-3,500,-0.020483544598618,mri_2,-0.0210149490911127
23X-4,100,-0.124424398249182,mri_2,-0.1248067475890791
23X-4,150,-0.1581163715636429,mri_2,-0.1608628798526269
23X-4,200,-0.1436915125508224,mri_2,-0.1438808748027639
23X-4,250,-0.1508959104364718,mri_2,-0.1508106220459114
23X-4,300,-0.145173622982726,mri_2,-0.1449052727336594
23X-4,350,-0.1487789139048598,mri_2,-0.1473302986140368
23X-4,400,-0.146466181836196,mri_2,-0.1456825159343032
23X-4,450,-0.1387003232105639,mri_2,-0.1373344500343427
23X-4,50,-0.1037338845940324,mri_2,-0.1041725769040553
23X-4,500,-0.1523958889435444,mri_2,-0.1520708148754124
23X-5,100,-0.0970811898692177,mri_2,-0.0943192686872504
23X-5,150,-0.1353953801964939,mri_2,-0.1368002508751777
23X-5,200,-0.1083658470101342,mri_2,-0.1040959049060037
23X-5,250,-0.1119638384527563,mri_2,-0.1090508028981698
23X-5,300,-0.1103076734675276,mri_2,-0.1066695384220695
23X-5,350,-0.1145316670189406,mri_2,-0.111369435955458
23X-5,400,-0.1112180007397267,mri_2,-0.107712997075889
23X-5,450,-0.1219195083714909,mri_2,-0.1171655998517468
23X-5,50,-0.0793080460660208,mri_2,-0.0782987499707729
23X-5,500,-0.1161682680313993,mri_2,-0.1137864321302238
23X-1,100,-0.3596698861541449,mri_1,-0.1357729207879519
23X-1,150,-0.4707354004212511,mri_1,-0.1687119241831342
23X-1,200,-0.4115376697208219,mri_1,-0.1451936495820649
23X-1,250,-0.4176951695837635,mri_1,-0.1506620364897418
23X-1,300,-0.4117867635722761,mri_1,-0.1401785954475056
23X-1,350,-0.4276970054302609,mri_1,-0.1419677734758875
23X-1,400,-0.406539121698054,mri_1,-0.1394250050963135
23X-1,450,-0.3949812181808135,mri_1,-0.1326297398198315
23X-1,50,-0.280262030537499,mri_1,-0.113213087484527
23X-1,500,-0.4203961668223262,mri_1,-0.1499646365078282
23X-2,100,-0.2758516567016398,mri_1,-0.1419969894928716
23X-2,150,-0.4614645851481071,mri_1,-0.1892306512197129
23X-2,200,-0.3251553993998536,mri_1,-0.171105556953054
23X-2,250,-0.3268580078119961,mri_1,-0.1762849865274872
23X-2,300,-0.3377950311676087,mri_1,-0.1834017766155911
23X-2,350,-0.3497124996102497,mri_1,-0.1911399716412729
23X-2,400,-0.3414256004909595,mri_1,-0.1884179526147119
23X-2,450,-0.3768534442629492,mri_1,-0.1977414224626262
23X-2,50,-0.2211122584520743,mri_1,-0.1155456823932394
23X-2,500,-0.3994495136508268,mri_1,-0.1966308840701789
23X-3,100,-0.2258478512057304,mri_1,-0.0180508369835809
23X-3,150,-0.291494577447795,mri_1,-0.0241804173902013
23X-3,200,-0.2519510627757901,mri_1,-0.0197178470372903
23X-3,250,-0.2594682081417023,mri_1,-0.0200935377039523
23X-3,300,-0.2563205001254293,mri_1,-0.0194694361935728
23X-3,350,-0.2498260007043553,mri_1,-0.0175946827916874
23X-3,400,-0.2590980468861745,mri_1,-0.019339817740945
23X-3,450,-0.2614363388257162,mri_1,-0.0192569317098936
23X-3,50,-0.1986468003236529,mri_1,-0.0165399001580097
23X-3,500,-0.2534507611772215,mri_1,-0.018711338598576
23X-3,100,-0.2905772310099287,mri_2,-0.0196462061058679
23X-3,150,-0.3787921593618501,mri_2,-0.0262536158546031
23X-3,200,-0.3302145337849025,mri_2,-0.0213170157820182
23X-3,250,-0.3384797125632853,mri_2,-0.0219143472281906
23X-3,300,-0.3351106795663838,mri_2,-0.0220523226706032
23X-3,350,-0.3357311960442435,mri_2,-0.0194941271039563
23X-3,400,-0.3410141078379584,mri_2,-0.0217449085604628
23X-3,450,-0.3451463148278978,mri_2,-0.0211367827510743
23X-3,50,-0.2495570565898781,mri_2,-0.0181485693270384
23X-3,500,-0.3334660970660502,mri_2,-0.0210149490911127
23X-4,100,-0.2810938273213621,mri_2,-0.1248067475890791
23X-4,150,-0.4630499051756577,mri_2,-0.1608628798526269
23X-4,200,-0.3451528866068096,mri_2,-0.1438808748027639
23X-4,250,-0.366700488838052,mri_2,-0.1508106220459114
23X-4,300,-0.3528519553480632,mri_2,-0.1449052727336594
23X-4,350,-0.3745406316112215,mri_2,-0.1473302986140368
23X-4,400,-0.3713883442298267,mri_2,-0.1456825159343032
23X-4,450,-0.3541805854717322,mri_2,-0.1373344500343427
23X-4,50,-0.2251686702419326,mri_2,-0.1041725769040553
23X-4,500,-0.3901698578888142,mri_2,-0.1520708148754124
23X-5,100,-0.2743620833622577,mri_2,-0.0943192686872504
23X-5,150,-0.4361717771656547,mri_2,-0.1368002508751777
23X-5,200,-0.3124436577738909,mri_2,-0.1040959049060037
23X-5,250,-0.3236237602148865,mri_2,-0.1090508028981698
23X-5,300,-0.3209981858006961,mri_2,-0.1066695384220695
23X-5,350,-0.3369999137589888,mri_2,-0.111369435955458
23X-5,400,-0.3321223473799399,mri_2,-0.107712997075889
23X-5,450,-0.3599227953448491,mri_2,-0.1171655998517468
23X-5,50,-0.2159144624634066,mri_2,-0.0782987499707729
23X-5,500,-0.345055431541563,mri_2,-0.1137864321302238
23Y-1,100,-0.2183446166441598,mri_1,-0.0821110659230911
23Y-1,150,-0.3484502123446912,mri_1,-0.1058594417812976
23Y-1,200,-0.354516190521056,mri_1,-0.098612376096786
23Y-1,250,-0.3541822742783924,mri_1,-0.1006033816473633
23Y-1,300,-0.3577337611469087,mri_1,-0.0981448617328116
23Y-1,350,-0.353035906562314,mri_1,-0.0979942416177213
23Y-1,400,-0.3561313487080392,mri_1,-0.0974395732338074
23Y-1,450,-0.3675612742368057,mri_1,-0.0986023932622046
23Y-1,50,-0.3110057272362264,mri_1,-0.0890789167636088
23Y-1,500,-0.3584682321544115,mri_1,-0.1039695028562483
23Y-2,100,-0.1947108525899296,mri_1,-0.07146387462401
23Y-2,150,-0.2777171294144476,mri_1,-0.0864090849595387
23Y-2,200,-0.2730893231685097,mri_1,-0.0811927737936969
23Y-2,250,-0.2759630305486457,mri_1,-0.088841495004476
23Y-2,300,-0.2671101039706351,mri_1,-0.0779094739677258
23Y-2,350,-0.2760084090470836,mri_1,-0.0821151688946919
23Y-2,400,-0.2674571663144023,mri_1,-0.0784685444033848
23Y-2,450,-0.267685120269068,mri_1,-0.0835716998963556
23Y-2,50,-0.2552496587083425,mri_1,-0.0730185171922696
23Y-2,500,-0.2777659013397507,mri_1,-0.0894163421701687
23Y-3,100,-0.2936941325319098,mri_1,-0.0847213735011536
23Y-3,150,-0.4462982290806707,mri_1,-0.1043218514639205
23Y-3,200,-0.3668201027535246,mri_1,-0.1029138599117426
23Y-3,250,-0.3773998916768293,mri_1,-0.1042345340951593
23Y-3,300,-0.3697185945961392,mri_1,-0.0965976032901066
23Y-3,350,-0.3865231597420344,mri_1,-0.0987502921168729
23Y-3,400,-0.3685666138331005,mri_1,-0.0924360605610232
23Y-3,450,-0.3728580854439535,mri_1,-0.0948346695038314
23Y-3,50,-0.2668085499011158,mri_1,-0.0776956075754019
23Y-3,500,-0.3773261034464166,mri_1,-0.1045441832048097
23Y-3,100,-0.2951910205396066,mri_2,-0.0879596127436839
23Y-3,150,-0.4510249086511791,mri_2,-0.108124196274038
23Y-3,200,-0.3719646007623988,mri_2,-0.1065570671069871
23Y-3,250,-0.3827983523935775,mri_2,-0.10825472037578
23Y-3,300,-0.3770649626551012,mri_2,-0.1019633400650453
23Y-3,350,-0.3926543131027087,mri_2,-0.1028769136574041
23Y-3,400,-0.3754993205892988,mri_2,-0.0965337802447306
23Y-3,450,-0.3814873358941624,mri_2,-0.0984230197918281
23Y-3,50,-0.2662769748042895,mri_2,-0.0805741422127276
23Y-3,500,-0.3837487275632637,mri_2,-0.1088896594519747
23Y-4,100,-0.093250311205895,mri_2,-0.0085874018758284
23Y-4,150,-0.1132465874763775,mri_2,-0.0106059950468514
23Y-4,200,-0.1052426029133006,mri_2,-0.0100187474881142
23Y-4,250,-0.1078191566785047,mri_2,-0.0100281081339776
23Y-4,300,-0.1071516216526209,mri_2,-0.010259643990905
23Y-4,350,-0.1090042209377975,mri_2,-0.0105503518990824
23Y-4,400,-0.1065419278952743,mri_2,-0.0102349828795646
23Y-4,450,-0.1083686230928208,mri_2,-0.0102036580652056
23Y-4,50,-0.0890471424085373,mri_2,-0.0082140631134159
23Y-4,500,-0.1089033964431231,mri_2,-0.0102260376158161
23Y-5,100,-0.3246744645214757,mri_2,-0.1161086777446883
23Y-5,150,-0.4452801550703673,mri_2,-0.1342130626967343
23Y-5,200,-0.4089457693573533,mri_2,-0.1330388414581917
23Y-5,250,-0.4243279939274268,mri_2,-0.1348866322678023
23Y-5,300,-0.4282986706970945,mri_2,-0.1358782488677778
23Y-5,350,-0.4329712215855131,mri_2,-0.1322925006148792
23Y-5,400,-0.4186677759807853,mri_2,-0.13281968685286
23Y-5,450,-0.427767893084708,mri_2,-0.1300887913792248
23Y-5,50,-0.2929354434764612,mri_2,-0.1036395510754253
23Y-5,500,-0.4329201199351655,mri_2,-0.1426301543001766
23Y-1,100,-0.2574173407552877,mri_1,-0.0821110659230911
23Y-1,150,-0.4207671035095865,mri_1,-0.1058594417812976
23Y-1,200,-0.4268906839552508,mri_1,-0.098612376096786
23Y-1,250,-0.4325905062527975,mri_1,-0.1006033816473633
23Y-1,300,-0.438703253368422,mri_1,-0.0981448617328116
23Y-1,350,-0.4398781674387125,mri_1,-0.0979942416177213
23Y-1,400,-0.4380523903270442,mri_1,-0.0974395732338074
23Y-1,450,-0.4507311606683576,mri_1,-0.0986023932622046
23Y-1,50,-0.3693506569484204,mri_1,-0.0890789167636088
23Y-1,500,-0.4348117038323175,mri_1,-0.1039695028562483
23Y-2,100,-0.2213505846627682,mri_1,-0.07146387462401
23Y-2,150,-0.3159991847399554,mri_1,-0.0864090849595387
23Y-2,200,-0.3215478411565258,mri_1,-0.0811927737936969
23Y-2,250,-0.3261863693832925,mri_1,-0.088841495004476
23Y-2,300,-0.3264365866100839,mri_1,-0.0779094739677258
23Y-2,350,-0.336098294174766,mri_1,-0.0821151688946919
23Y-2,400,-0.3342774227484966,mri_1,-0.0784685444033848
23Y-2,450,-0.3458104063119324,mri_1,-0.0835716998963556
23Y-2,50,-0.2813540377245316,mri_1,-0.0730185171922696
23Y-2,500,-0.3375328248012427,mri_1,-0.0894163421701687
23Y-3,100,-0.144403209762409,mri_1,-0.0847213735011536
23Y-3,150,-0.207788982085013,mri_1,-0.1043218514639205
23Y-3,200,-0.1798960133844116,mri_1,-0.1029138599117426
23Y-3,250,-0.1846310731492937,mri_1,-0.1042345340951593
23Y-3,300,-0.1924268483743454,mri_1,-0.0965976032901066
23Y-3,350,-0.199380684890422,mri_1,-0.0987502921168729
23Y-3,400,-0.19876859321003,mri_1,-0.0924360605610232
23Y-3,450,-0.204081005093854,mri_1,-0.0948346695038314
23Y-3,50,-0.130679027353473,mri_1,-0.0776956075754019
23Y-3,500,-0.1971315602355605,mri_1,-0.1045441832048097
23Y-3,100,-0.1132043565423903,mri_2,-0.0879596127436839
23Y-3,150,-0.1589839882074284,mri_2,-0.108124196274038
23Y-3,200,-0.1352446057672398,mri_2,-0.1065570671069871
23Y-3,250,-0.1381170447796519,mri_2,-0.10825472037578
23Y-3,300,-0.1424844418546907,mri_2,-0.1019633400650453
23Y-3,350,-0.1427871433940069,mri_2,-0.1028769136574041
23Y-3,400,-0.141332536947748,mri_2,-0.0965337802447306
23Y-3,450,-0.1419155179704969,mri_2,-0.0984230197918281
23Y-3,50,-0.1014892757398073,mri_2,-0.0805741422127276
23Y-3,500,-0.1409068837263208,mri_2,-0.1088896594519747
23Y-4,100,-0.094264128102601,mri_2,-0.0085874018758284
23Y-4,150,-0.1145572142310322,mri_2,-0.0106059950468514
23Y-4,200,-0.1064887683303972,mri_2,-0.0100187474881142
23Y-4,250,-0.1094163603208406,mri_2,-0.0100281081339776
23Y-4,300,-0.1088302935549267,mri_2,-0.010259643990905
23Y-4,350,-0.1098437613698028,mri_2,-0.0105503518990824
23Y-4,400,-0.1087069628290188,mri_2,-0.0102349828795646
23Y-4,450,-0.1101938944048484,mri_2,-0.0102036580652056
23Y-4,50,-0.0896561511057859,mri_2,-0.0082140631134159
23Y-4,500,-0.1105380877805717,mri_2,-0.0102260376158161
23Y-5,100,-0.0400872235572448,mri_2,-0.1161086777446883
23Y-5,150,-0.0672432773698992,mri_2,-0.1342130626967343
23Y-5,200,-0.0570809638363607,mri_2,-0.1330388414581917
23Y-5,250,-0.0615987309838926,mri_2,-0.1348866322678023
23Y-5,300,-0.0636480781035724,mri_2,-0.1358782488677778
23Y-5,350,-0.0619327160252928,mri_2,-0.1322925006148792
23Y-5,400,-0.0664296186395537,mri_2,-0.13281968685286
23Y-5,450,-0.0654964924913649,mri_2,-0.1300887913792248
23Y-5,50,-0.0390518373106701,mri_2,-0.1036395510754253
23Y-5,500,-0.0673015095882342,mri_2,-0.1426301543001766
23Y-1,100,-0.2848979140191405,mri_1,-0.0821110659230911
23Y-1,150,-0.475070923444567,mri_1,-0.1058594417812976
23Y-1,200,-0.4679586260352301,mri_1,-0.098612376096786
23Y-1,250,-0.4614176847344067,mri_1,-0.1006033816473633
23Y-1,300,-0.4565414528266407,mri_1,-0.0981448617328116
23Y-1,350,-0.4448614689552904,mri_1,-0.0979942416177213
23Y-1,400,-0.4354042786524195,mri_1,-0.0974395732338074
23Y-1,450,-0.4505662557297318,mri_1,-0.0986023932622046
23Y-1,50,-0.4214443731210234,mri_1,-0.0890789167636088
23Y-1,500,-0.4652829200638816,mri_1,-0.1039695028562483
23Y-2,100,-0.3186072333460583,mri_1,-0.07146387462401
23Y-2,150,-0.4749177989672181,mri_1,-0.0864090849595387
23Y-2,200,-0.470566204649436,mri_1,-0.0811927737936969
23Y-2,250,-0.4713634859115885,mri_1,-0.088841495004476
23Y-2,300,-0.4546648671562636,mri_1,-0.0779094739677258
23Y-2,350,-0.4619992783200908,mri_1,-0.0821151688946919
23Y-2,400,-0.44496344704863,mri_1,-0.0784685444033848
23Y-2,450,-0.449500098910176,mri_1,-0.0835716998963556
23Y-2,50,-0.4237158200473412,mri_1,-0.0730185171922696
23Y-2,500,-0.4692931875461789,mri_1,-0.0894163421701687
23Y-3,100,-0.3012566129880384,mri_1,-0.0847213735011536
23Y-3,150,-0.4623014137764133,mri_1,-0.1043218514639205
23Y-3,200,-0.3751990065919306,mri_1,-0.1029138599117426
23Y-3,250,-0.3856872445097289,mri_1,-0.1042345340951593
23Y-3,300,-0.3729608840169816,mri_1,-0.0965976032901066
23Y-3,350,-0.3886937536829221,mri_1,-0.0987502921168729
23Y-3,400,-0.370694173512381,mri_1,-0.0924360605610232
23Y-3,450,-0.3752773801087857,mri_1,-0.0948346695038314
23Y-3,50,-0.2758694563539199,mri_1,-0.0776956075754019
23Y-3,500,-0.3833272223231467,mri_1,-0.1045441832048097
23Y-3,100,-0.3018003016147118,mri_2,-0.0879596127436839
23Y-3,150,-0.4535494085080435,mri_2,-0.108124196274038
23Y-3,200,-0.3733625992862381,mri_2,-0.1065570671069871
23Y-3,250,-0.3852462388730847,mri_2,-0.10825472037578
23Y-3,300,-0.3732893130217665,mri_2,-0.1019633400650453
23Y-3,350,-0.3867713323263496,mri_2,-0.1028769136574041
23Y-3,400,-0.3673244468301352,mri_2,-0.0965337802447306
23Y-3,450,-0.3727057649578344,mri_2,-0.0984230197918281
23Y-3,50,-0.2743437624017147,mri_2,-0.0805741422127276
23Y-3,500,-0.3802644806722462,mri_2,-0.1088896594519747
23Y-4,100,-0.1891407939970143,mri_2,-0.0085874018758284
23Y-4,150,-0.237745555246651,mri_2,-0.0106059950468514
23Y-4,200,-0.2152236219423481,mri_2,-0.0100187474881142
23Y-4,250,-0.2183308592595384,mri_2,-0.0100281081339776
23Y-4,300,-0.2207262078247938,mri_2,-0.010259643990905
23Y-4,350,-0.2232077618224143,mri_2,-0.0105503518990824
23Y-4,400,-0.2195778565381869,mri_2,-0.0102349828795646
23Y-4,450,-0.2237952692738579,mri_2,-0.0102036580652056
23Y-4,50,-0.1799360650077811,mri_2,-0.0082140631134159
23Y-4,500,-0.2230389227290662,mri_2,-0.0102260376158161
23Y-5,100,-0.3292625430181383,mri_2,-0.1161086777446883
23Y-5,150,-0.4621680495009377,mri_2,-0.1342130626967343
23Y-5,200,-0.4022422567683192,mri_2,-0.1330388414581917
23Y-5,250,-0.4053940671073828,mri_2,-0.1348866322678023
23Y-5,300,-0.4049002810517965,mri_2,-0.1358782488677778
23Y-5,350,-0.3963027599388992,mri_2,-0.1322925006148792
23Y-5,400,-0.3845459720273529,mri_2,-0.13281968685286
23Y-5,450,-0.3930494835980198,mri_2,-0.1300887913792248
23Y-5,50,-0.2997242518338862,mri_2,-0.1036395510754253
23Y-5,500,-0.4212833088369281,mri_2,-0.1426301543001766
23Y-1,100,-0.0825122026842449,mri_1,-0.0821110659230911
23Y-1,150,-0.1056988057314573,mri_1,-0.1058594417812976
23Y-1,200,-0.0996707957932308,mri_1,-0.098612376096786
23Y-1,250,-0.1018301700351392,mri_1,-0.1006033816473633
23Y-1,300,-0.1000618320759428,mri_1,-0.0981448617328116
23Y-1,350,-0.1000750535768857,mri_1,-0.0979942416177213
23Y-1,400,-0.0983577243781586,mri_1,-0.0974395732338074
23Y-1,450,-0.1012440234083729,mri_1,-0.0986023932622046
23Y-1,50,-0.0899487031428475,mri_1,-0.0890789167636088
23Y-1,500,-0.10677369700495,mri_1,-0.1039695028562483
23Y-2,100,-0.071154805988579,mri_1,-0.07146387462401
23Y-2,150,-0.0846673836195938,mri_1,-0.0864090849595387
23Y-2,200,-0.0801465838638286,mri_1,-0.0811927737936969
23Y-2,250,-0.086870510714821,mri_1,-0.088841495004476
23Y-2,300,-0.0770243048827629,mri_1,-0.0779094739677258
23Y-2,350,-0.0829954639845974,mri_1,-0.0821151688946919
23Y-2,400,-0.0792470620070831,mri_1,-0.0784685444033848
23Y-2,450,-0.0865149831969925,mri_1,-0.0835716998963556
23Y-2,50,-0.0720579405288829,mri_1,-0.0730185171922696
23Y-2,500,-0.0872463452311889,mri_1,-0.0894163421701687
23Y-3,100,-0.0848145148916796,mri_1,-0.0847213735011536
23Y-3,150,-0.1040436493942218,mri_1,-0.1043218514639205
23Y-3,200,-0.1029563729861245,mri_1,-0.1029138599117426
23Y-3,250,-0.1041168751100184,mri_1,-0.1042345340951593
23Y-3,300,-0.0965805236795278,mri_1,-0.0965976032901066
23Y-3,350,-0.0991343371137021,mri_1,-0.0987502921168729
23Y-3,400,-0.0926390739957356,mri_1,-0.0924360605610232
23Y-3,450,-0.0952803914787049,mri_1,-0.0948346695038314
23Y-3,50,-0.0777246738927736,mri_1,-0.0776956075754019
23Y-3,500,-0.1047587156161374,mri_1,-0.1045441832048097
23Y-3,100,-0.0881744186848796,mri_2,-0.0879596127436839
23Y-3,150,-0.1078590322071491,mri_2,-0.108124196274038
23Y-3,200,-0.1066414882403466,mri_2,-0.1065570671069871
23Y-3,250,-0.108237301467826,mri_2,-0.10825472037578
23Y-3,300,-0.1020631613273196,mri_2,-0.1019633400650453
23Y-3,350,-0.1034642464835908,mri_2,-0.1028769136574041
23Y-3,400,-0.0967695287393024,mri_2,-0.0965337802447306
23Y-3,450,-0.0991839131233648,mri_2,-0.0984230197918281
23Y-3,50,-0.0805897112525879,mri_2,-0.0805741422127276
23Y-3,500,-0.1091983072506241,mri_2,-0.1088896594519747
23Y-4,100,-0.0084528092656479,mri_2,-0.0085874018758284
23Y-4,150,-0.0103569696370604,mri_2,-0.0106059950468514
23Y-4,200,-0.0098069686235554,mri_2,-0.0100187474881142
23Y-4,250,-0.0098888076289113,mri_2,-0.0100281081339776
23Y-4,300,-0.0099406622605656,mri_2,-0.010259643990905
23Y-4,350,-0.0101341445181059,mri_2,-0.0105503518990824
23Y-4,400,-0.0099301375679714,mri_2,-0.0102349828795646
23Y-4,450,-0.0098009972365446,mri_2,-0.0102036580652056
23Y-4,50,-0.0080975424794783,mri_2,-0.0082140631134159
23Y-4,500,-0.009752014793853,mri_2,-0.0102260376158161
23Y-5,100,-0.1167686431526488,mri_2,-0.1161086777446883
23Y-5,150,-0.134699208744999,mri_2,-0.1342130626967343
23Y-5,200,-0.133759398911589,mri_2,-0.1330388414581917
23Y-5,250,-0.1357034495209582,mri_2,-0.1348866322678023
23Y-5,300,-0.137037366922928,mri_2,-0.1358782488677778
23Y-5,350,-0.1332154039744915,mri_2,-0.1322925006148792
23Y-5,400,-0.1339975347924221,mri_2,-0.13281968685286
23Y-5,450,-0.1311716908299507,mri_2,-0.1300887913792248
23Y-5,50,-0.1038717124428289,mri_2,-0.1036395510754253
23Y-5,500,-0.1437954547439097,mri_2,-0.1426301543001766
23Y-1,100,-0.2834868769493253,mri_1,-0.0821110659230911
23Y-1,150,-0.4646295131882895,mri_1,-0.1058594417812976
23Y-1,200,-0.4541883619444461,mri_1,-0.098612376096786
23Y-1,250,-0.4494873728565973,mri_1,-0.1006033816473633
23Y-1,300,-0.4439415045491056,mri_1,-0.0981448617328116
23Y-1,350,-0.4302231767680262,mri_1,-0.0979942416177213
23Y-1,400,-0.423957359094706,mri_1,-0.0974395732338074
23Y-1,450,-0.4350592067368927,mri_1,-0.0986023932622046
23Y-1,50,-0.4154484832567739,mri_1,-0.0890789167636088
23Y-1,500,-0.4571923015197053,mri_1,-0.1039695028562483
23Y-2,100,-0.3143742153188348,mri_1,-0.07146387462401
23Y-2,150,-0.4679285742823242,mri_1,-0.0864090849595387
23Y-2,200,-0.4590530495450342,mri_1,-0.0811927737936969
23Y-2,250,-0.458522022189662,mri_1,-0.088841495004476
23Y-2,300,-0.4447995418795447,mri_1,-0.0779094739677258
23Y-2,350,-0.4526046037314705,mri_1,-0.0821151688946919
23Y-2,400,-0.4366576878297553,mri_1,-0.0784685444033848
23Y-2,450,-0.4382980045125036,mri_1,-0.0835716998963556
23Y-2,50,-0.4209173727845327,mri_1,-0.0730185171922696
23Y-2,500,-0.4597209370542915,mri_1,-0.0894163421701687
23Y-3,100,-0.3018723799016948,mri_1,-0.0847213735011536
23Y-3,150,-0.4643648452823551,mri_1,-0.1043218514639205
23Y-3,200,-0.3761893034577143,mri_1,-0.1029138599117426
23Y-3,250,-0.3852119134402184,mri_1,-0.1042345340951593
23Y-3,300,-0.3756696663228109,mri_1,-0.0965976032901066
23Y-3,350,-0.3921394095744397,mri_1,-0.0987502921168729
23Y-3,400,-0.3722225567151911,mri_1,-0.0924360605610232
23Y-3,450,-0.3780197333443823,mri_1,-0.0948346695038314
23Y-3,50,-0.2750183200137898,mri_1,-0.0776956075754019
23Y-3,500,-0.3841215624662352,mri_1,-0.1045441832048097
23Y-3,100,-0.2988822615548819,mri_2,-0.0879596127436839
23Y-3,150,-0.4535461380826679,mri_2,-0.108124196274038
23Y-3,200,-0.3717191820779958,mri_2,-0.1065570671069871
23Y-3,250,-0.3840366554469434,mri_2,-0.10825472037578
23Y-3,300,-0.3713048224825487,mri_2,-0.1019633400650453
23Y-3,350,-0.3842834884375293,mri_2,-0.1028769136574041
23Y-3,400,-0.3662579418870478,mri_2,-0.0965337802447306
23Y-3,450,-0.369517098386049,mri_2,-0.0984230197918281
23Y-3,50,-0.2718896794804858,mri_2,-0.0805741422127276
23Y-3,500,-0.3771067874679781,mri_2,-0.1088896594519747
23Y-4,100,-0.1167839878749043,mri_2,-0.0085874018758284
23Y-4,150,-0.1431716151883413,mri_2,-0.0106059950468514
23Y-4,200,-0.1334425468385472,mri_2,-0.0100187474881142
23Y-4,250,-0.1361100350765793,mri_2,-0.0100281081339776
23Y-4,300,-0.136331544095972,mri_2,-0.010259643990905
23Y-4,350,-0.1372247530318866,mri_2,-0.0105503518990824
23Y-4,400,-0.1359992984914124,mri_2,-0.0102349828795646
23Y-4,450,-0.1397557084957356,mri_2,-0.0102036580652056
23Y-4,50,-0.1118207062177171,mri_2,-0.0082140631134159
23Y-4,500,-0.1383510455209959,mri_2,-0.0102260376158161
23Y-5,100,-0.3366640210871724,mri_2,-0.1161086777446883
23Y-5,150,-0.4484145475471056,mri_2,-0.1342130626967343
23Y-5,200,-0.4074526514261378,mri_2,-0.1330388414581917
23Y-5,250,-0.4068404680517979,mri_2,-0.1348866322678023
23Y-5,300,-0.4027729867676099,mri_2,-0.1358782488677778
23Y-5,350,-0.3899239032613975,mri_2,-0.1322925006148792
23Y-5,400,-0.3814153841458501,mri_2,-0.13281968685286
23Y-5,450,-0.3881407158068268,mri_2,-0.1300887913792248
23Y-5,50,-0.3039659567307007,mri_2,-0.1036395510754253
23Y-5,500,-0.4264150111475974,mri_2,-0.1426301543001766
